anno_festival,decennio_num,decennio,canzone,interprete,autori,posizione,posizione_numerica,fascia_posizione,categoria_risultato,periodo,sede,presentatore,partecipanti,vincitore,artista_spotify,anno_ultimo_rilascio,durata_min,popolarita,fascia_popolarita,url_album,anni_tra_festival_e_rilascio,anni_dal_festival,canzone_storica,ristampa_tardiva,rilascio_recente_2015,qualita_abbinamento,includi_analisi_spotify,record_canzone_unico
1951,1950,Anni 1950,Grazie dei fiori,Nilla Pizzi,Gian Carlo Testoni e Mario Panzeri,1º,1,1º posto,Vincitore,29-31 gennaio,Casinò di Sanremo,Nunzio Filogamo,3,Nilla Pizzi,,,,,Dati non disponibili,,,72,Sì,Non valutabile,Non valutabile,Senza dati Spotify,No,No
1951,1950,Anni 1950,La luna si veste d'argento,Nilla Pizzi e Achille Togliani,Biri,2º,2,2º-3º posto,Podio,29-31 gennaio,Casinò di Sanremo,Nunzio Filogamo,3,Nilla Pizzi,,,,,Dati non disponibili,,,72,Sì,Non valutabile,Non valutabile,Senza dati Spotify,No,No
1951,1950,Anni 1950,Serenata a nessuno,Achille Togliani,Walter Colì,3º,3,2º-3º posto,Podio,29-31 gennaio,Casinò di Sanremo,Nunzio Filogamo,3,Nilla Pizzi,,,,,Dati non disponibili,,,72,Sì,Non valutabile,Non valutabile,Senza dati Spotify,No,No
1951,1950,Anni 1950,Al mercato di Pizzighettone,Achille Togliani e Duo Fasano,Aldo Locatelli,F,,Senza posizione numerica,Finalista senza posizione,29-31 gennaio,Casinò di Sanremo,Nunzio Filogamo,3,Nilla Pizzi,,,,,Dati non disponibili,,,72,Sì,Non valutabile,Non valutabile,Senza dati Spotify,No,No
1951,1950,Anni 1950,Eco tra gli abeti,Nilla Pizzi e Achille Togliani,Enzo Bonagura,F,,Senza posizione numerica,Finalista senza posizione,29-31 gennaio,Casinò di Sanremo,Nunzio Filogamo,3,Nilla Pizzi,,,,,Dati non disponibili,,,72,Sì,Non valutabile,Non valutabile,Senza dati Spotify,No,No
1951,1950,Anni 1950,Famme durmì,Achille Togliani e Duo Fasano,Danpa,F,,Senza posizione numerica,Finalista senza posizione,29-31 gennaio,Casinò di Sanremo,Nunzio Filogamo,3,Nilla Pizzi,,,,,Dati non disponibili,,,72,Sì,Non valutabile,Non valutabile,Senza dati Spotify,No,No
1951,1950,Anni 1950,La cicogna distratta,Duo Fasano,Aldo Valleroni e Da Rovere,F,,Senza posizione numerica,Finalista senza posizione,29-31 gennaio,Casinò di Sanremo,Nunzio Filogamo,3,Nilla Pizzi,,,,,Dati non disponibili,,,72,Sì,Non valutabile,Non valutabile,Senza dati Spotify,No,No
1951,1950,Anni 1950,La margherita,Nilla Pizzi e Duo Fasano,Ester B. Valdes,F,,Senza posizione numerica,Finalista senza posizione,29-31 gennaio,Casinò di Sanremo,Nunzio Filogamo,3,Nilla Pizzi,,,,,Dati non disponibili,,,72,Sì,Non valutabile,Non valutabile,Senza dati Spotify,No,No
1951,1950,Anni 1950,Sedici anni,Achille Togliani,Astro Mari,F,,Senza posizione numerica,Finalista senza posizione,29-31 gennaio,Casinò di Sanremo,Nunzio Filogamo,3,Nilla Pizzi,,,,,Dati non disponibili,,,72,Sì,Non valutabile,Non valutabile,Senza dati Spotify,No,No
1951,1950,Anni 1950,Sotto il mandorlo,Duo Fasano,Gian Carlo Testoni e Mario Panzeri,F,,Senza posizione numerica,Finalista senza posizione,29-31 gennaio,Casinò di Sanremo,Nunzio Filogamo,3,Nilla Pizzi,,,,,Dati non disponibili,,,72,Sì,Non valutabile,Non valutabile,Senza dati Spotify,No,No
1951,1950,Anni 1950,È l'alba,Nilla Pizzi,Gian Carlo Testoni,NF,,Senza posizione numerica,Non finalista,29-31 gennaio,Casinò di Sanremo,Nunzio Filogamo,3,Nilla Pizzi,,,,,Dati non disponibili,,,72,Sì,Non valutabile,Non valutabile,Senza dati Spotify,No,No
1951,1950,Anni 1950,Ho pianto una volta sola,Nilla Pizzi,Pinchi,NF,,Senza posizione numerica,Non finalista,29-31 gennaio,Casinò di Sanremo,Nunzio Filogamo,3,Nilla Pizzi,,,,,Dati non disponibili,,,72,Sì,Non valutabile,Non valutabile,Senza dati Spotify,No,No
1951,1950,Anni 1950,Mai più,Achille Togliani,Filippo Rolando,NF,,Senza posizione numerica,Non finalista,29-31 gennaio,Casinò di Sanremo,Nunzio Filogamo,3,Nilla Pizzi,,,,,Dati non disponibili,,,72,Sì,Non valutabile,Non valutabile,Senza dati Spotify,No,No
1951,1950,Anni 1950,Mani che si cercano,Achille Togliani,Giovanna Colombi,NF,,Senza posizione numerica,Non finalista,29-31 gennaio,Casinò di Sanremo,Nunzio Filogamo,3,Nilla Pizzi,,,,,Dati non disponibili,,,72,Sì,Non valutabile,Non valutabile,Senza dati Spotify,No,No
1951,1950,Anni 1950,Mia cara Napoli,Nilla Pizzi,Salvatore Mazzocco,NF,,Senza posizione numerica,Non finalista,29-31 gennaio,Casinò di Sanremo,Nunzio Filogamo,3,Nilla Pizzi,,,,,Dati non disponibili,,,72,Sì,Non valutabile,Non valutabile,Senza dati Spotify,No,No
1951,1950,Anni 1950,Notte di Sanremo,Nilla Pizzi,Enzo Luigi Poletto,NF,,Senza posizione numerica,Non finalista,29-31 gennaio,Casinò di Sanremo,Nunzio Filogamo,3,Nilla Pizzi,,,,,Dati non disponibili,,,72,Sì,Non valutabile,Non valutabile,Senza dati Spotify,No,No
1951,1950,Anni 1950,Oro di Napoli,Duo Fasano,Umberto Bertini,NF,,Senza posizione numerica,Non finalista,29-31 gennaio,Casinò di Sanremo,Nunzio Filogamo,3,Nilla Pizzi,,,,,Dati non disponibili,,,72,Sì,Non valutabile,Non valutabile,Senza dati Spotify,No,No
1951,1950,Anni 1950,Sei fatta per me,Achille Togliani e Duo Fasano,Guido Quattrini,NF,,Senza posizione numerica,Non finalista,29-31 gennaio,Casinò di Sanremo,Nunzio Filogamo,3,Nilla Pizzi,,,,,Dati non disponibili,,,72,Sì,Non valutabile,Non valutabile,Senza dati Spotify,No,No
1951,1950,Anni 1950,Sorrentinella,Duo Fasano,Arrigo Giacomo Camosso,NF,,Senza posizione numerica,Non finalista,29-31 gennaio,Casinò di Sanremo,Nunzio Filogamo,3,Nilla Pizzi,,,,,Dati non disponibili,,,72,Sì,Non valutabile,Non valutabile,Senza dati Spotify,No,No
1951,1950,Anni 1950,Tutto è finito,Nilla Pizzi,Otello Odorici,NF,,Senza posizione numerica,Non finalista,29-31 gennaio,Casinò di Sanremo,Nunzio Filogamo,3,Nilla Pizzi,,,,,Dati non disponibili,,,72,Sì,Non valutabile,Non valutabile,Senza dati Spotify,No,No
1952,1950,Anni 1950,Vola Colomba,Nilla Pizzi,B. Cherubini e C. Concina,1º,1,1º posto,Vincitore,28-30 gennaio,Casinò di Sanremo,Nunzio Filogamo,5,Nilla Pizzi,,,,,Dati non disponibili,,,71,Sì,Non valutabile,Non valutabile,Senza dati Spotify,No,No
1952,1950,Anni 1950,Papaveri e papere,Nilla Pizzi,"N. Rastelli, M. Panzeri e V. Mascheroni",2º,2,2º-3º posto,Podio,28-30 gennaio,Casinò di Sanremo,Nunzio Filogamo,5,Nilla Pizzi,Nilla Pizzi,2014.0,"2,94",33.0,Medio-bassa (21-40),https://i.scdn.co/image/ab67616d0000b273e0667bbe7a439becf11ab1eb,62,71,Sì,Sì,No,Affidabile,Sì,Sì
1952,1950,Anni 1950,Una donna prega,Nilla Pizzi,Pinchi e V. Panzuti,3º,3,2º-3º posto,Podio,28-30 gennaio,Casinò di Sanremo,Nunzio Filogamo,5,Nilla Pizzi,Nilla Pizzi,2021.0,"4,43",1.0,Bassa (0-20),https://i.scdn.co/image/ab67616d0000b27343488440342e819b9c493bd8,69,71,Sì,Sì,Sì,Affidabile,Sì,Sì
1952,1950,Anni 1950,Madonna delle rose,Oscar Carboni,G. Fiorelli e M. Ruccione,4º,4,4º-10º posto,Altra posizione,28-30 gennaio,Casinò di Sanremo,Nunzio Filogamo,5,Nilla Pizzi,Claudio Villa,1959.0,"3,32",13.0,Bassa (0-20),https://i.scdn.co/image/ab67616d0000b2735401622cf2d05b20233daeb0,7,71,Sì,Non valutabile,Non valutabile,Da verificare: artista differente,No,No
1952,1950,Anni 1950,Un disco dall'Italia,Gino Latilla,N. Salerno e G. D'Anzi,5º,5,4º-10º posto,Altra posizione,28-30 gennaio,Casinò di Sanremo,Nunzio Filogamo,5,Nilla Pizzi,Gino Bechi,1970.0,"2,05",0.0,Bassa (0-20),https://i.scdn.co/image/ab67616d0000b273b9247606273a3e20203b5b71,18,71,Sì,Non valutabile,Non valutabile,Da verificare: artista differente,No,No
1952,1950,Anni 1950,L'attesa,Gino Latilla,Biri e N. Ravasini,6º,6,4º-10º posto,Altra posizione,28-30 gennaio,Casinò di Sanremo,Nunzio Filogamo,5,Nilla Pizzi,Daniela Picciau,2022.0,"4,36",18.0,Bassa (0-20),https://i.scdn.co/image/ab67616d0000b273052f11dd63d94080928711fa,70,71,Sì,Non valutabile,Non valutabile,Da verificare: artista differente,No,No
1952,1950,Anni 1950,Perché le donne belle,Oscar Carboni,A. Sopranzi e G. Fassino,7º,7,4º-10º posto,Altra posizione,28-30 gennaio,Casinò di Sanremo,Nunzio Filogamo,5,Nilla Pizzi,Paolo Bellasio,2023.0,"1,77",0.0,Bassa (0-20),https://i.scdn.co/image/ab67616d0000b2735e813a4c1576723878e0bba7,71,71,Sì,Non valutabile,Non valutabile,Da verificare: artista differente,No,No
1952,1950,Anni 1950,Vecchie mura,Achille Togliani,Filibello e P. E. Bassi,8º,8,4º-10º posto,Altra posizione,28-30 gennaio,Casinò di Sanremo,Nunzio Filogamo,5,Nilla Pizzi,Achille Togliani,2012.0,"3,45",0.0,Bassa (0-20),https://i.scdn.co/image/ab67616d0000b273a7ebce0adcd0c18d2703965a,60,71,Sì,Sì,No,Affidabile,Sì,Sì
1952,1950,Anni 1950,Libro di novelle,Achille Togliani,L. Citi e M. Casini,9º,9,4º-10º posto,Altra posizione,28-30 gennaio,Casinò di Sanremo,Nunzio Filogamo,5,Nilla Pizzi,Achille Togliani,2012.0,"3,48",0.0,Bassa (0-20),https://i.scdn.co/image/ab67616d0000b273a7ebce0adcd0c18d2703965a,60,71,Sì,Sì,No,Affidabile,Sì,Sì
1952,1950,Anni 1950,Nel regno dei sogni,Nilla Pizzi e Achille Togliani,A. Papetti e C. A. Rossi,10º,10,4º-10º posto,Altra posizione,28-30 gennaio,Casinò di Sanremo,Nunzio Filogamo,5,Nilla Pizzi,Nilla Pizzi,2006.0,"3,30",5.0,Bassa (0-20),https://i.scdn.co/image/ab67616d0000b27380dd5a807c8303510c5f05b8,54,71,Sì,Sì,No,Affidabile,Sì,Sì
1952,1950,Anni 1950,Al ritmo della carrozzella,Duo Fasano,E. L. Poletto e P. Pavesio,NF,,Senza posizione numerica,Non finalista,28-30 gennaio,Casinò di Sanremo,Nunzio Filogamo,5,Nilla Pizzi,Duo Fasano,2011.0,"2,90",0.0,Bassa (0-20),https://i.scdn.co/image/ab67616d0000b27314129c2b86f8e8c7caa8a8e9,59,71,Sì,Sì,No,Affidabile,Sì,Sì
1952,1950,Anni 1950,Buonanotte (Ai bimbi del mondo),Nilla Pizzi e Duo Fasano,E. Minoretti e A. Zara,NF,,Senza posizione numerica,Non finalista,28-30 gennaio,Casinò di Sanremo,Nunzio Filogamo,5,Nilla Pizzi,Nilla Pizzi,1940.0,"3,40",0.0,Bassa (0-20),https://i.scdn.co/image/ab67616d0000b27330450cc29c0cb5e527ab43bc,-12,71,Sì,Non valutabile,Non valutabile,Da escludere: rilascio precedente,No,No
1952,1950,Anni 1950,Cantate e sorridete,Oscar Carboni,"G. C. Testoni, F. Fabor e C. Donida",NF,,Senza posizione numerica,Non finalista,28-30 gennaio,Casinò di Sanremo,Nunzio Filogamo,5,Nilla Pizzi,Oscar Carboni,2022.0,"2,81",0.0,Bassa (0-20),https://i.scdn.co/image/ab67616d0000b2736d9f068e45bf203435c9b832,70,71,Sì,Sì,Sì,Affidabile,Sì,Sì
1952,1950,Anni 1950,Due gattini,Duo Fasano,"T. Giacobetti, G. Kramer e Trinacria",NF,,Senza posizione numerica,Non finalista,28-30 gennaio,Casinò di Sanremo,Nunzio Filogamo,5,Nilla Pizzi,Duo Fasano,2012.0,"3,55",1.0,Bassa (0-20),https://i.scdn.co/image/ab67616d0000b2737ad2db0dd9818387dd782fb5,60,71,Sì,Sì,No,Affidabile,Sì,Sì
1952,1950,Anni 1950,Il valzer di Nonna Speranza,Nilla Pizzi e Duo Fasano,G. C. Testoni e S. Seracini,NF,,Senza posizione numerica,Non finalista,28-30 gennaio,Casinò di Sanremo,Nunzio Filogamo,5,Nilla Pizzi,Nilla Pizzi,2011.0,"3,52",0.0,Bassa (0-20),https://i.scdn.co/image/ab67616d0000b2731b38698435617b187bf7342a,59,71,Sì,Sì,No,Affidabile,Sì,Sì
1952,1950,Anni 1950,La collanina,Achille Togliani,G. C. Testoni e D. Olivieri,NF,,Senza posizione numerica,Non finalista,28-30 gennaio,Casinò di Sanremo,Nunzio Filogamo,5,Nilla Pizzi,Lucio Battisti,1973.0,"4,93",58.0,Media (41-60),https://i.scdn.co/image/ab67616d0000b2738f4aad012cd312d2bcd77bf3,21,71,Sì,Non valutabile,Non valutabile,Da verificare: artista differente,No,No
1952,1950,Anni 1950,Malinconica tarantella,Gino Latilla,G. C. Testoni e E. Ceragioli,NF,,Senza posizione numerica,Non finalista,28-30 gennaio,Casinò di Sanremo,Nunzio Filogamo,5,Nilla Pizzi,Claudio Villa,2022.0,"3,48",0.0,Bassa (0-20),https://i.scdn.co/image/ab67616d0000b2736d9f068e45bf203435c9b832,70,71,Sì,Non valutabile,Non valutabile,Da verificare: artista differente,No,No
1952,1950,Anni 1950,Ninna nanna ai sogni perduti,Nilla Pizzi,"P. E. Bassi, M. Panzeri e G. C. Testoni",NF,,Senza posizione numerica,Non finalista,28-30 gennaio,Casinò di Sanremo,Nunzio Filogamo,5,Nilla Pizzi,Acqua Curativa,2017.0,"3,72",0.0,Bassa (0-20),https://i.scdn.co/image/ab67616d0000b273a1adc4db387ddf8b667e290e,65,71,Sì,Non valutabile,Non valutabile,Da verificare: artista differente,No,No
1952,1950,Anni 1950,Pura fantasia,Gino Latilla,Aminta e A. Fragna,NF,,Senza posizione numerica,Non finalista,28-30 gennaio,Casinò di Sanremo,Nunzio Filogamo,5,Nilla Pizzi,Julieta Venegas,2022.0,"3,80",33.0,Medio-bassa (21-40),https://i.scdn.co/image/ab67616d0000b27334481981258a4ea645f5ed87,70,71,Sì,Non valutabile,Non valutabile,Da verificare: artista differente,No,No
1952,1950,Anni 1950,Vecchio tram,Duo Fasano,G. L. Callegari,NF,,Senza posizione numerica,Non finalista,28-30 gennaio,Casinò di Sanremo,Nunzio Filogamo,5,Nilla Pizzi,Trattoria Italiana,2022.0,"2,68",42.0,Media (41-60),https://i.scdn.co/image/ab67616d0000b27388ed463b5200a51579e60e3f,70,71,Sì,Non valutabile,Non valutabile,Da verificare: artista differente,No,No
1953,1950,Anni 1950,Viale d'autunno,Carla Boni - Flo Sandon's,G. D'Anzi,1º,1,1º posto,Vincitore,29-31 gennaio,Casinò di Sanremo,Nunzio Filogamo,10,Carla Boni,,,,,Dati non disponibili,,,70,Sì,Non valutabile,Non valutabile,Senza dati Spotify,No,No
1953,1950,Anni 1950,Campanaro,Nilla Pizzi e Doppio Quintetto Vocale - Teddy Reno e Quartetto Stars,B. Cherubini e C. Concina,2º,2,2º-3º posto,Podio,29-31 gennaio,Casinò di Sanremo,Nunzio Filogamo,10,Carla Boni,Nilla Pizzi,2011.0,"4,02",4.0,Bassa (0-20),https://i.scdn.co/image/ab67616d0000b2730900689fd800b02eaa2dc46b,58,70,Sì,Sì,No,Affidabile,Sì,Sì
1953,1950,Anni 1950,Lasciami cantare una canzone,Achille Togliani - Teddy Reno,M. Cozzoli e C. A. Bixio,3º (ex aequo),3,2º-3º posto,Podio,29-31 gennaio,Casinò di Sanremo,Nunzio Filogamo,10,Carla Boni,Achille Togliani,2012.0,"3,45",20.0,Bassa (0-20),https://i.scdn.co/image/ab67616d0000b27305045a074718b94aec202756,59,70,Sì,Sì,No,Affidabile,Sì,Sì
1953,1950,Anni 1950,Vecchio scarpone,Gino Latilla e Doppio Quintetto Vocale - Giorgio Consolini,"Calibi, Pinchi e C. Donida",3º (ex aequo),3,2º-3º posto,Podio,29-31 gennaio,Casinò di Sanremo,Nunzio Filogamo,10,Carla Boni,I Girasoli,2011.0,"3,03",26.0,Medio-bassa (21-40),https://i.scdn.co/image/ab67616d0000b273ee46e283ec669ff27463ec82,58,70,Sì,Non valutabile,Non valutabile,Da verificare: artista differente,No,No
1953,1950,Anni 1950,Vecchia villa comunale,Gino Latilla - Giorgio Consolini,R. Ruocco e N. Oliviero,5º,5,4º-10º posto,Altra posizione,29-31 gennaio,Casinò di Sanremo,Nunzio Filogamo,10,Carla Boni,Gino Latilla,2015.0,"3,95",0.0,Bassa (0-20),https://i.scdn.co/image/ab67616d0000b2734c3955acf532a735b27a3b0d,62,70,Sì,Sì,Sì,Affidabile,Sì,Sì
1953,1950,Anni 1950,No Pierrot,Achille Togliani - Katyna Ranieri,A. Costanzo e R. Salani,6º,6,4º-10º posto,Altra posizione,29-31 gennaio,Casinò di Sanremo,Nunzio Filogamo,10,Carla Boni,Aurelio Fierro,2009.0,"3,66",0.0,Bassa (0-20),https://i.scdn.co/image/ab67616d0000b2739f58a2225cf6604a361daa15,56,70,Sì,Non valutabile,Non valutabile,Da verificare: artista differente,No,No
1953,1950,Anni 1950,Il passerotto,Carla Boni - Quartetto Stars,E. Di Lazzaro e D. Valentini,7º,7,4º-10º posto,Altra posizione,29-31 gennaio,Casinò di Sanremo,Nunzio Filogamo,10,Carla Boni,Ciansunier,2017.0,"2,71",3.0,Bassa (0-20),https://i.scdn.co/image/ab67616d0000b273fe1ca72dd3daadeb0a4d776c,64,70,Sì,Non valutabile,Non valutabile,Da verificare: artista differente,No,No
1953,1950,Anni 1950,Sussurrando buonanotte,Nilla Pizzi e Doppio Quintetto Vocale - Teddy Reno e Quartetto Stars,"Danpa, B. Pallesi e V. Panzuti",8º,8,4º-10º posto,Altra posizione,29-31 gennaio,Casinò di Sanremo,Nunzio Filogamo,10,Carla Boni,Nilla Pizzi,2020.0,"3,78",0.0,Bassa (0-20),https://i.scdn.co/image/ab67616d0000b273406520a2da03e32ba866c097,67,70,Sì,Sì,Sì,Affidabile,Sì,Sì
1953,1950,Anni 1950,Tamburino del reggimento,Gino Latilla e Doppio Quintetto Vocale - Giorgio Consolini,Deani,9º,9,4º-10º posto,Altra posizione,29-31 gennaio,Casinò di Sanremo,Nunzio Filogamo,10,Carla Boni,Luciano Taioli,2017.0,"2,87",3.0,Bassa (0-20),https://i.scdn.co/image/ab67616d0000b273f14345a88d56eee0d5293ccb,64,70,Sì,Non valutabile,Non valutabile,Da verificare: artista differente,No,No
1953,1950,Anni 1950,Papà Pacifico,Nilla Pizzi e Doppio Quintetto Vocale - Teddy Reno e Quartetto Stars,N. Rastelli e A. Fragna,10º,10,4º-10º posto,Altra posizione,29-31 gennaio,Casinò di Sanremo,Nunzio Filogamo,10,Carla Boni,Nilla Pizzi,2011.0,"2,87",0.0,Bassa (0-20),https://i.scdn.co/image/ab67616d0000b273c7de7fc1ddfa416ff484a46c,58,70,Sì,Sì,No,Affidabile,Sì,Sì
1953,1950,Anni 1950,Acque amare,Carla Boni - Katyna Ranieri,N. Salerno e C. A. Rossi,NF,,Senza posizione numerica,Non finalista,29-31 gennaio,Casinò di Sanremo,Nunzio Filogamo,10,Carla Boni,Carla Boni,2014.0,"3,42",20.0,Bassa (0-20),https://i.scdn.co/image/ab67616d0000b273287e559f99792a538f152ea6,61,70,Sì,Sì,No,Affidabile,Sì,Sì
1953,1950,Anni 1950,Buona sera,Carla Boni - Flo Sandon's,M. Evangelisti Tumminelli e C. Di Ceglie,NF,,Senza posizione numerica,Non finalista,29-31 gennaio,Casinò di Sanremo,Nunzio Filogamo,10,Carla Boni,Fred Buscaglione,1987.0,"2,63",46.0,Media (41-60),https://i.scdn.co/image/ab67616d0000b273d7d2cf290e60b8b4a21bd814,34,70,Sì,Non valutabile,Non valutabile,Da verificare: artista differente,No,No
1953,1950,Anni 1950,Canto della solitudine,Nilla Pizzi - Teddy Reno,E. Bonagura e G. Redi,NF,,Senza posizione numerica,Non finalista,29-31 gennaio,Casinò di Sanremo,Nunzio Filogamo,10,Carla Boni,Federico Del Frate,2024.0,"2,82",0.0,Bassa (0-20),https://i.scdn.co/image/ab67616d0000b2737adca09c2a8124b1b162b9bd,71,70,Sì,Non valutabile,Non valutabile,Da verificare: artista differente,No,No
1953,1950,Anni 1950,Domandatelo,Katyna Ranieri - Achille Togliani,V. Baselice e G. Fiorelli,NF,,Senza posizione numerica,Non finalista,29-31 gennaio,Casinò di Sanremo,Nunzio Filogamo,10,Carla Boni,Giacomo Puccini,1964.0,"2,50",3.0,Bassa (0-20),https://i.scdn.co/image/ab67616d0000b2737e9c861e1bf00fd5c4a45b21,11,70,Sì,Non valutabile,Non valutabile,Da verificare: artista differente,No,No
1953,1950,Anni 1950,Innamorami,Gino Latilla - Teddy Reno,"M. Ruccione, E. Ceragioli e U. Bertini",NF,,Senza posizione numerica,Non finalista,29-31 gennaio,Casinò di Sanremo,Nunzio Filogamo,10,Carla Boni,Lady Paradise,2022.0,"1,00",0.0,Bassa (0-20),https://i.scdn.co/image/ab67616d0000b273ab8e7b6a9ac5730a6b675972,69,70,Sì,Non valutabile,Non valutabile,Da verificare: artista differente,No,No
1953,1950,Anni 1950,La mamma che piange di più,Achille Togliani - Giorgio Consolini,G. Pisano e F. Rendine,NF,,Senza posizione numerica,Non finalista,29-31 gennaio,Casinò di Sanremo,Nunzio Filogamo,10,Carla Boni,Giorgio Consolini,2012.0,"3,49",0.0,Bassa (0-20),https://i.scdn.co/image/ab67616d0000b273f367e64244a07abc2e3fb254,59,70,Sì,Sì,No,Affidabile,Sì,Sì
1953,1950,Anni 1950,La pianola stonata,Achille Togliani - Katyna Ranieri,M. Gigante e E. De Mura,NF,,Senza posizione numerica,Non finalista,29-31 gennaio,Casinò di Sanremo,Nunzio Filogamo,10,Carla Boni,Achille Togliani,2012.0,"3,21",0.0,Bassa (0-20),https://i.scdn.co/image/ab67616d0000b273f367e64244a07abc2e3fb254,59,70,Sì,Sì,No,Affidabile,Sì,Sì
1953,1950,Anni 1950,L'altra,Nilla Pizzi - Flo Sandon's,V. Mascheroni e Biri,NF,,Senza posizione numerica,Non finalista,29-31 gennaio,Casinò di Sanremo,Nunzio Filogamo,10,Carla Boni,Måneskin,2018.0,"2,11",67.0,Alta (61-100),https://i.scdn.co/image/ab67616d0000b273dbc892b8194e35ca3524e767,65,70,Sì,Non valutabile,Non valutabile,Da verificare: artista differente,No,No
1953,1950,Anni 1950,Povero amico mio,Gino Latilla - Giorgio Consolini,M. Rivi e C. Innocenzi,NF,,Senza posizione numerica,Non finalista,29-31 gennaio,Casinò di Sanremo,Nunzio Filogamo,10,Carla Boni,Carlo Buti,1935.0,"3,52",2.0,Bassa (0-20),https://i.scdn.co/image/ab67616d0000b273d9511574d69493c0ed37778c,-18,70,Sì,Non valutabile,Non valutabile,Da escludere: rilascio precedente,No,No
1953,1950,Anni 1950,Qualcuno cammina,Carla Boni - Flo Sandon's,N. Rastelli e N. Casiroli,NF,,Senza posizione numerica,Non finalista,29-31 gennaio,Casinò di Sanremo,Nunzio Filogamo,10,Carla Boni,Rosita Brucoli,2023.0,"3,45",2.0,Bassa (0-20),https://i.scdn.co/image/ab67616d0000b273c60b693aef270790927ca5e8,70,70,Sì,Non valutabile,Non valutabile,Da verificare: artista differente,No,No
1954,1950,Anni 1950,Tutte le mamme,Giorgio Consolini - Gino Latilla,U. Bertini e E. Falcocchio,1º,1,1º posto,Vincitore,28-30 gennaio,Casinò di Sanremo,Nunzio Filogamo,12,Gino Latilla,,,,,Dati non disponibili,,,69,Sì,Non valutabile,Non valutabile,Senza dati Spotify,No,No
1954,1950,Anni 1950,Canzone da due soldi,Katyna Ranieri - Achille Togliani,Pinchi e C. Donida,2º,2,2º-3º posto,Podio,28-30 gennaio,Casinò di Sanremo,Nunzio Filogamo,12,Gino Latilla,Nilla Pizzi,2011.0,"2,77",19.0,Bassa (0-20),https://i.scdn.co/image/ab67616d0000b2730900689fd800b02eaa2dc46b,57,69,Sì,Non valutabile,Non valutabile,Da verificare: artista differente,No,No
1954,1950,Anni 1950,...e la barca tornò sola,Gino Latilla - Franco Ricci,M. Ruccione,3º,3,2º-3º posto,Podio,28-30 gennaio,Casinò di Sanremo,Nunzio Filogamo,12,Gino Latilla,Renato Carosone,1995.0,"2,28",20.0,Bassa (0-20),https://i.scdn.co/image/ab67616d0000b2739c1b381e0c777a799ef89cda,41,69,Sì,Non valutabile,Non valutabile,Da verificare: artista differente,No,No
1954,1950,Anni 1950,Notturno (Per chi non ha nessuno),Natalino Otto - Vittoria Mongardi,F. S. Mangieri,4º,4,4º-10º posto,Altra posizione,28-30 gennaio,Casinò di Sanremo,Nunzio Filogamo,12,Gino Latilla,Vittoria Mongardi,2013.0,"3,85",0.0,Bassa (0-20),https://i.scdn.co/image/ab67616d0000b27360ffaeb8c89e89f0a26cc3e2,59,69,Sì,Sì,No,Affidabile,Sì,Sì
1954,1950,Anni 1950,Non è mai troppo tardi,Flo Sandon's - Carla Boni,D. Olivieri,5º,5,4º-10º posto,Altra posizione,28-30 gennaio,Casinò di Sanremo,Nunzio Filogamo,12,Gino Latilla,Federico Rossi,2021.0,"2,70",52.0,Media (41-60),https://i.scdn.co/image/ab67616d0000b27312db6954bd91fff68c5e1bde,67,69,Sì,Non valutabile,Non valutabile,Da verificare: artista differente,No,No
1954,1950,Anni 1950,Aveva un bavero,Quartetto Cetra - Vittoria Mongardi e Duo Fasano,M. Panzeri e V. Ripa,6º,6,4º-10º posto,Altra posizione,28-30 gennaio,Casinò di Sanremo,Nunzio Filogamo,12,Gino Latilla,Quartetto Cetra,2014.0,"3,78",14.0,Bassa (0-20),https://i.scdn.co/image/ab67616d0000b273e0667bbe7a439becf11ab1eb,60,69,Sì,Sì,No,Affidabile,Sì,Sì
1954,1950,Anni 1950,Sotto l'ombrello,Gino Latilla e Duo Fasano - Katyna Ranieri e Giorgio Consolini,N. Casiroli,7º,7,4º-10º posto,Altra posizione,28-30 gennaio,Casinò di Sanremo,Nunzio Filogamo,12,Gino Latilla,Matteo Tarantino,2008.0,"4,18",2.0,Bassa (0-20),https://i.scdn.co/image/ab67616d0000b27329c864350d6cda6f841af653,54,69,Sì,Non valutabile,Non valutabile,Da verificare: artista differente,No,No
1954,1950,Anni 1950,Mogliettina,Achille Togliani - Natalino Otto,S. Seracini,8º,8,4º-10º posto,Altra posizione,28-30 gennaio,Casinò di Sanremo,Nunzio Filogamo,12,Gino Latilla,Renzo Arbore,2009.0,"5,47",25.0,Medio-bassa (21-40),https://i.scdn.co/image/ab67616d0000b2739191514606627b367ad3c1b3,55,69,Sì,Non valutabile,Non valutabile,Da verificare: artista differente,No,No
1954,1950,Anni 1950,Con te,Achille Togliani - Flo Sandon's e Natalino Otto,A. De Curtis,9º,9,4º-10º posto,Altra posizione,28-30 gennaio,Casinò di Sanremo,Nunzio Filogamo,12,Gino Latilla,Andrea Bocelli,1995.0,"4,18",50.0,Media (41-60),https://i.scdn.co/image/ab67616d0000b27331c411687c7c027c95fc34f0,41,69,Sì,Non valutabile,Non valutabile,Da verificare: artista differente,No,No
1954,1950,Anni 1950,Donnina sola,Achille Togliani - Natalino Otto,"S. Simoni, A. Valleroni e M. Casini",10º,10,4º-10º posto,Altra posizione,28-30 gennaio,Casinò di Sanremo,Nunzio Filogamo,12,Gino Latilla,Mia Martini,1972.0,"3,54",25.0,Medio-bassa (21-40),https://i.scdn.co/image/ab67616d0000b2734917be979938642608f53e6e,18,69,Sì,Non valutabile,Non valutabile,Da verificare: artista differente,No,No
1954,1950,Anni 1950,Angeli senza cielo,Vittoria Mongardi - Flo Sandon's,Pinchi e E. Valladi,NF,,Senza posizione numerica,Non finalista,28-30 gennaio,Casinò di Sanremo,Nunzio Filogamo,12,Gino Latilla,Flo Sandon's,1947.0,"4,20",7.0,Bassa (0-20),https://i.scdn.co/image/ab67616d0000b27388898658f203abcd809212a3,-7,69,Sì,Non valutabile,Non valutabile,Da escludere: rilascio precedente,No,No
1954,1950,Anni 1950,Arriva il direttore,"Carla Boni, Gino Latilla e Duo Fasano - Quartetto Cetra",M. Panzeri e G. Fucilli,NF,,Senza posizione numerica,Non finalista,28-30 gennaio,Casinò di Sanremo,Nunzio Filogamo,12,Gino Latilla,Quartetto Cetra,2009.0,"2,67",6.0,Bassa (0-20),https://i.scdn.co/image/ab67616d0000b2731d267fad69d815b70a657873,55,69,Sì,Sì,No,Affidabile,Sì,Sì
1954,1950,Anni 1950,Berta filava,Carla Boni e Duo Fasano - Giorgio Consolini,"Pinchi, G. Wilhelm e O. Fiammenghi",NF,,Senza posizione numerica,Non finalista,28-30 gennaio,Casinò di Sanremo,Nunzio Filogamo,12,Gino Latilla,Rino Gaetano,1976.0,"3,69",59.0,Media (41-60),https://i.scdn.co/image/ab67616d0000b273b119a4e5efb690db7269af1b,22,69,Sì,Non valutabile,Non valutabile,Da verificare: artista differente,No,No
1954,1950,Anni 1950,Canzoni alla sbarra,Gino Latilla e Duo Fasano - Quartetto Cetra,G. D'Anzi,NF,,Senza posizione numerica,Non finalista,28-30 gennaio,Casinò di Sanremo,Nunzio Filogamo,12,Gino Latilla,Quartetto Cetra,2009.0,"3,12",5.0,Bassa (0-20),https://i.scdn.co/image/ab67616d0000b2731d267fad69d815b70a657873,55,69,Sì,Sì,No,Affidabile,Sì,Sì
1954,1950,Anni 1950,Cirillino-Ci,Carla Boni e Duo Fasano - Quartetto Cetra,N. Rastelli e V. Mascheroni,NF,,Senza posizione numerica,Non finalista,28-30 gennaio,Casinò di Sanremo,Nunzio Filogamo,12,Gino Latilla,Quartetto Cetra,1955.0,"3,77",5.0,Bassa (0-20),https://i.scdn.co/image/ab67616d0000b2738305686b1eff217b6d56b04e,1,69,Sì,No,No,Affidabile,Sì,Sì
1954,1950,Anni 1950,Gioia di vivere,Achille Togliani - Gianni Ravera,C. A. Bixio,NF,,Senza posizione numerica,Non finalista,28-30 gennaio,Casinò di Sanremo,Nunzio Filogamo,12,Gino Latilla,Vibrazioni Positive 432Hz,2023.0,"3,31",4.0,Bassa (0-20),https://i.scdn.co/image/ab67616d0000b27382c1c8a0d53db04899004881,69,69,Sì,Non valutabile,Non valutabile,Da verificare: artista differente,No,No
1954,1950,Anni 1950,Piripicchio e Piripicchia,Duo Fasano e Gino Latilla - Quartetto Cetra,A. Sopranzi e T. Fusco,NF,,Senza posizione numerica,Non finalista,28-30 gennaio,Casinò di Sanremo,Nunzio Filogamo,12,Gino Latilla,Quartetto Cetra,2009.0,"2,94",4.0,Bassa (0-20),https://i.scdn.co/image/ab67616d0000b2731d267fad69d815b70a657873,55,69,Sì,Sì,No,Affidabile,Sì,Sì
1954,1950,Anni 1950,Rose (Oggi i tempi son cambiati),Katyna Ranieri - Vittoria Mongardi,Biri e G. Viezzoli,NF,,Senza posizione numerica,Non finalista,28-30 gennaio,Casinò di Sanremo,Nunzio Filogamo,12,Gino Latilla,Vittoria Mongardi,2012.0,"3,29",0.0,Bassa (0-20),https://i.scdn.co/image/ab67616d0000b2735d3693add74a5c50969ef22d,58,69,Sì,Sì,No,Affidabile,Sì,Sì
1954,1950,Anni 1950,Un diario,Carla Boni - Quartetto Cetra,A. Locatelli e F. Bergamini,NF,,Senza posizione numerica,Non finalista,28-30 gennaio,Casinò di Sanremo,Nunzio Filogamo,12,Gino Latilla,Quartetto Cetra,2020.0,"3,62",1.0,Bassa (0-20),https://i.scdn.co/image/ab67616d0000b273f744c3f9d10f239c6669330b,66,69,Sì,Sì,Sì,Affidabile,Sì,Sì
1954,1950,Anni 1950,Una bambina sei tu,Gino Latilla - Natalino Otto,G. Fabor,NF,,Senza posizione numerica,Non finalista,28-30 gennaio,Casinò di Sanremo,Nunzio Filogamo,12,Gino Latilla,Claudio Villa,2021.0,"3,31",0.0,Bassa (0-20),https://i.scdn.co/image/ab67616d0000b273578fcfaeeabdb6c258fe4f95,67,69,Sì,Non valutabile,Non valutabile,Da verificare: artista differente,No,No
1955,1950,Anni 1950,Buongiorno tristezza,Claudio Villa - Tullio Pane,G. Fiorelli e M. Ruccione,1º,1,1º posto,Vincitore,27-29 gennaio,Casinò di Sanremo,Armando Pizzo,15,Claudio Villa,,,,,Dati non disponibili,,,68,Sì,Non valutabile,Non valutabile,Senza dati Spotify,No,No
1955,1950,Anni 1950,Il torrente,Claudio Villa - Tullio Pane,C. A. Liman e L. Carmi,2º,2,2º-3º posto,Podio,27-29 gennaio,Casinò di Sanremo,Armando Pizzo,15,Claudio Villa,Torrente,2024.0,"3,30",0.0,Bassa (0-20),https://i.scdn.co/image/ab67616d0000b273fca14f6b704939a1a61097d6,69,68,Sì,Non valutabile,Non valutabile,Da verificare: artista differente,No,No
1955,1950,Anni 1950,Canto nella valle,"Natalino Otto e Trio Aurora - Bruno Pallesi, Nuccia Bongiovanni e Radio Boys",M. Panzeri e U. Fusco,3º,3,2º-3º posto,Podio,27-29 gennaio,Casinò di Sanremo,Armando Pizzo,15,Claudio Villa,Le Nostre Valli,2023.0,"4,15",20.0,Bassa (0-20),https://i.scdn.co/image/ab67616d0000b273b1e84889134953b5a9679e25,68,68,Sì,Non valutabile,Non valutabile,Da verificare: artista differente,No,No
1955,1950,Anni 1950,Incantatella,Claudio Villa - Narciso Parigi,E. Bonagura,4º,4,4º-10º posto,Altra posizione,27-29 gennaio,Casinò di Sanremo,Armando Pizzo,15,Claudio Villa,Narciso Parigi,2022.0,"4,26",3.0,Bassa (0-20),https://i.scdn.co/image/ab67616d0000b2737fe87cce419029e933c24cce,67,68,Sì,Sì,Sì,Affidabile,Sì,Sì
1955,1950,Anni 1950,Un cuore,Antonio Basurto - Gianni Ravera,P. Mendes e E. Falcocchio,5º,5,4º-10º posto,Altra posizione,27-29 gennaio,Casinò di Sanremo,Armando Pizzo,15,Claudio Villa,Francesca Michielin,2016.0,"3,54",44.0,Media (41-60),https://i.scdn.co/image/ab67616d0000b273a0ddccd687d7e370317e3baf,61,68,Sì,Non valutabile,Non valutabile,Da verificare: artista differente,No,No
1955,1950,Anni 1950,L'ombra,Jula de Palma - Marisa Colomber,W. Colì,6º,6,4º-10º posto,Altra posizione,27-29 gennaio,Casinò di Sanremo,Armando Pizzo,15,Claudio Villa,Spia,2019.0,"3,84",13.0,Bassa (0-20),https://i.scdn.co/image/ab67616d0000b273f0505a07c48e8b83f79100f1,64,68,Sì,Non valutabile,Non valutabile,Da verificare: artista differente,No,No
1955,1950,Anni 1950,Ci ciu cì (Cantava un usignol),Narciso Parigi e Radio Boys - Natalino Otto e Trio Aurora,E. Minoretti e S. Seracini,7º,7,4º-10º posto,Altra posizione,27-29 gennaio,Casinò di Sanremo,Armando Pizzo,15,Claudio Villa,Natalino Otto,2022.0,"3,46",0.0,Bassa (0-20),https://i.scdn.co/image/ab67616d0000b2737968931fc1c838b03ae0cb20,67,68,Sì,Sì,Sì,Affidabile,Sì,Sì
1955,1950,Anni 1950,Una fotografia nella cornice,Natalino Otto - Antonio Basurto,"L. Mannucci, A. V. Savona e E. Fecchi",8º,8,4º-10º posto,Altra posizione,27-29 gennaio,Casinò di Sanremo,Armando Pizzo,15,Claudio Villa,Natalino Otto,1953.0,"3,05",4.0,Bassa (0-20),https://i.scdn.co/image/ab67616d0000b273086082c33ed4b9d7abc3d768,-2,68,Sì,Non valutabile,Non valutabile,Da escludere: rilascio precedente,No,No
1955,1950,Anni 1950,Cantilena del trainante,Jula de Palma - Antonio Basurto,Faccenna e De Angelis,NF,,Senza posizione numerica,Non finalista,27-29 gennaio,Casinò di Sanremo,Armando Pizzo,15,Claudio Villa,Antonio Basurto,2014.0,"5,37",0.0,Bassa (0-20),https://i.scdn.co/image/ab67616d0000b2730f934cf65549306c3b7d0cb6,59,68,Sì,Sì,No,Affidabile,Sì,Sì
1955,1950,Anni 1950,Che fai tu luna in ciel,Bruno Pallesi - Jula de Palma,N. Rastelli e Brinniti,NF,,Senza posizione numerica,Non finalista,27-29 gennaio,Casinò di Sanremo,Armando Pizzo,15,Claudio Villa,Irena Kowalska,2023.0,"2,45",0.0,Bassa (0-20),https://i.scdn.co/image/ab67616d0000b273d473fe2add4256c623f371be,68,68,Sì,Non valutabile,Non valutabile,Da verificare: artista differente,No,No
1955,1950,Anni 1950,Era un omino,"Clara Jaione e Radio Boys - Nella Colombo, Bruno Rosettani e Trio Aurora",A. Paolillo,NF,,Senza posizione numerica,Non finalista,27-29 gennaio,Casinò di Sanremo,Armando Pizzo,15,Claudio Villa,I Campagnoli Belli,2009.0,"3,87",2.0,Bassa (0-20),https://i.scdn.co/image/ab67616d0000b2739191514606627b367ad3c1b3,54,68,Sì,Non valutabile,Non valutabile,Da verificare: artista differente,No,No
1955,1950,Anni 1950,I tre timidi,Natalino Otto - Nuccia Bongiovanni e Radio Boys,E. Valladi,NF,,Senza posizione numerica,Non finalista,27-29 gennaio,Casinò di Sanremo,Armando Pizzo,15,Claudio Villa,Nuccia,2009.0,"3,62",0.0,Bassa (0-20),https://i.scdn.co/image/ab67616d0000b273c2155f08f2ff619da50650ea,54,68,Sì,Sì,No,Affidabile,Sì,Sì
1955,1950,Anni 1950,Il primo viaggio,"Bruno Pallesi e Nuccia Bongiovanni - Bruno Rosettani, Nella Colombo e Trio Aurora",Sargon,NF,,Senza posizione numerica,Non finalista,27-29 gennaio,Casinò di Sanremo,Armando Pizzo,15,Claudio Villa,Paolo Bacilieri,2014.0,"2,72",19.0,Bassa (0-20),https://i.scdn.co/image/ab67616d0000b273287e559f99792a538f152ea6,59,68,Sì,Non valutabile,Non valutabile,Da verificare: artista differente,No,No
1955,1950,Anni 1950,Non penserò che a te,Gianni Ravera - Tullio Pane,"Taddei, Poggiali e Minasi",NF,,Senza posizione numerica,Non finalista,27-29 gennaio,Casinò di Sanremo,Armando Pizzo,15,Claudio Villa,Gianni Ravera,2014.0,"4,16",0.0,Bassa (0-20),https://i.scdn.co/image/ab67616d0000b273e8165e6150fddb0c88a7b549,59,68,Sì,Sì,No,Affidabile,Sì,Sì
1955,1950,Anni 1950,Sentiero,Bruno Pallesi - Jula de Palma,B. Cherubini e C. Concina,NF,,Senza posizione numerica,Non finalista,27-29 gennaio,Casinò di Sanremo,Armando Pizzo,15,Claudio Villa,Valo B,2024.0,"3,20",8.0,Bassa (0-20),https://i.scdn.co/image/ab67616d0000b273e0af23f43a29cfd1c91ee0ef,69,68,Sì,Non valutabile,Non valutabile,Da verificare: artista differente,No,No
1955,1950,Anni 1950,Zucchero e pepe,Bruno Rosettani e Trio Aurora - Clara Jaione e Radio Boys,"Biri, L. Capece Minutolo e V. Mascheroni",NF,,Senza posizione numerica,Non finalista,27-29 gennaio,Casinò di Sanremo,Armando Pizzo,15,Claudio Villa,Bruno Rosettani,2014.0,"3,17",21.0,Medio-bassa (21-40),https://i.scdn.co/image/ab67616d0000b273287e559f99792a538f152ea6,59,68,Sì,Sì,No,Affidabile,Sì,Sì
1956,1950,Anni 1950,Aprite le finestre,Franca Raimondi,Pinchi e V. Panzuti,1º,1,1º posto,Vincitore,8-10 marzo,Casinò di Sanremo,Fausto Tommei,6,Franca Raimondi,,,,,Dati non disponibili,,,67,Sì,Non valutabile,Non valutabile,Senza dati Spotify,No,No
1956,1950,Anni 1950,Amami se vuoi,Tonina Torrielli,M. Panzeri e V. Mascheroni,2º,2,2º-3º posto,Podio,8-10 marzo,Casinò di Sanremo,Fausto Tommei,6,Franca Raimondi,Tonina Torielli,2014.0,"3,22",27.0,Medio-bassa (21-40),https://i.scdn.co/image/ab67616d0000b273287e559f99792a538f152ea6,58,67,Sì,Sì,No,Affidabile,Sì,Sì
1956,1950,Anni 1950,La vita è un paradiso di bugie,Luciana Gonzales,D. Calcagno e N. Oliviero,3º,3,2º-3º posto,Podio,8-10 marzo,Casinò di Sanremo,Fausto Tommei,6,Franca Raimondi,Quartetto Cetra,2009.0,"2,58",13.0,Bassa (0-20),https://i.scdn.co/image/ab67616d0000b2731d267fad69d815b70a657873,53,67,Sì,Non valutabile,Non valutabile,Da verificare: artista differente,No,No
1956,1950,Anni 1950,Il cantico del cielo,Tonina Torrielli,A. Testa e C. A. Rossi,4º,4,4º-10º posto,Altra posizione,8-10 marzo,Casinò di Sanremo,Fausto Tommei,6,Franca Raimondi,Fiorella Bini,2015.0,"3,47",2.0,Bassa (0-20),https://i.scdn.co/image/ab67616d0000b27311d161283be0eedc907a41f2,59,67,Sì,Non valutabile,Non valutabile,Da verificare: artista differente,No,No
1956,1950,Anni 1950,La colpa fu,Ugo Molinari,"Gippi, L. Beretta e E. Sciorilli",5º,5,4º-10º posto,Altra posizione,8-10 marzo,Casinò di Sanremo,Fausto Tommei,6,Franca Raimondi,El Canfin,2007.0,"2,97",27.0,Medio-bassa (21-40),https://i.scdn.co/image/ab67616d0000b2733dd69b29418e1ef17bc0cb43,51,67,Sì,Non valutabile,Non valutabile,Da verificare: artista differente,No,No
1956,1950,Anni 1950,Il bosco innamorato,Tonina Torrielli,G. C. Testoni e G. Kramer,6º,6,4º-10º posto,Altra posizione,8-10 marzo,Casinò di Sanremo,Fausto Tommei,6,Franca Raimondi,Quartetto Cetra,1955.0,"2,98",1.0,Bassa (0-20),https://i.scdn.co/image/ab67616d0000b2738305686b1eff217b6d56b04e,-1,67,Sì,Non valutabile,Non valutabile,Da verificare: artista differente,No,No
1956,1950,Anni 1950,Albero caduto,Ugo Molinari,G. Fiorelli e M. Ruccione,7º,7,4º-10º posto,Altra posizione,8-10 marzo,Casinò di Sanremo,Fausto Tommei,6,Franca Raimondi,Quartetto Cetra,2020.0,"3,01",0.0,Bassa (0-20),https://i.scdn.co/image/ab67616d0000b273f744c3f9d10f239c6669330b,64,67,Sì,Non valutabile,Non valutabile,Da verificare: artista differente,No,No
1956,1950,Anni 1950,Musetto (La più bella sei tu),Gianni Marzocchi,D. Modugno,8º,8,4º-10º posto,Altra posizione,8-10 marzo,Casinò di Sanremo,Fausto Tommei,6,Franca Raimondi,Gianni Marzocchi,2012.0,"2,86",1.0,Bassa (0-20),https://i.scdn.co/image/ab67616d0000b2737ad2db0dd9818387dd782fb5,56,67,Sì,Sì,No,Affidabile,Sì,Sì
1956,1950,Anni 1950,Nota per nota,Ugo Molinari,G. Viezzoli,9º,9,4º-10º posto,Altra posizione,8-10 marzo,Casinò di Sanremo,Fausto Tommei,6,Franca Raimondi,Zucchero,2004.0,"3,38",40.0,Medio-bassa (21-40),https://i.scdn.co/image/ab67616d0000b273b346a56dc65e406c2e8cef20,48,67,Sì,Non valutabile,Non valutabile,Da verificare: artista differente,No,No
1956,1950,Anni 1950,Due teste sul cuscino,Ugo Molinari,G. C. Testoni e F. Rendine,10º,10,4º-10º posto,Altra posizione,8-10 marzo,Casinò di Sanremo,Fausto Tommei,6,Franca Raimondi,Claudio Villa,2019.0,"3,41",0.0,Bassa (0-20),https://i.scdn.co/image/ab67616d0000b27345115d2e4d283db6dbb5b698,63,67,Sì,Non valutabile,Non valutabile,Da verificare: artista differente,No,No
1956,1950,Anni 1950,Anima gemella,Gianni Marzocchi e Clara Vincenzi,G. C. Testoni e C. A. Rossi,NF,,Senza posizione numerica,Non finalista,8-10 marzo,Casinò di Sanremo,Fausto Tommei,6,Franca Raimondi,Gemelli Diversi,2000.0,"4,01",38.0,Medio-bassa (21-40),https://i.scdn.co/image/ab67616d0000b27307c0f32c197bcbc2a0cd2bf5,44,67,Sì,Non valutabile,Non valutabile,Da verificare: artista differente,No,No
1956,1950,Anni 1950,È bello,Luciana Gonzales,Danpa e D. Vignali,NF,,Senza posizione numerica,Non finalista,8-10 marzo,Casinò di Sanremo,Fausto Tommei,6,Franca Raimondi,Dorsa,2023.0,"3,10",0.0,Bassa (0-20),https://i.scdn.co/image/ab67616d0000b273b69fa8036dd4d22b0e828b7e,67,67,Sì,Non valutabile,Non valutabile,Da verificare: artista differente,No,No
1956,1950,Anni 1950,Ho detto al sole,Gianni Marzocchi,R. Morbelli e Falco,NF,,Senza posizione numerica,Non finalista,8-10 marzo,Casinò di Sanremo,Fausto Tommei,6,Franca Raimondi,Gigi Proietti,2002.0,"3,99",12.0,Bassa (0-20),https://i.scdn.co/image/ab67616d0000b273b828e70e28a211e2a7dfd64a,46,67,Sì,Non valutabile,Non valutabile,Da verificare: artista differente,No,No
1956,1950,Anni 1950,Il trenino del destino,Franca Raimondi,"B. Cherubini, M. Schisa e M. Trama",NF,,Senza posizione numerica,Non finalista,8-10 marzo,Casinò di Sanremo,Fausto Tommei,6,Franca Raimondi,Franca Raimondi,2014.0,"2,91",0.0,Bassa (0-20),https://i.scdn.co/image/ab67616d0000b273a24a074a195babc48a4c7958,58,67,Sì,Sì,No,Affidabile,Sì,Sì
1956,1950,Anni 1950,Il trenino di latta verde,Clara Vincenzi,"M. Gigante, L. L. Martelli e Neri",NF,,Senza posizione numerica,Non finalista,8-10 marzo,Casinò di Sanremo,Fausto Tommei,6,Franca Raimondi,Natalino Otto,2021.0,"2,59",0.0,Bassa (0-20),https://i.scdn.co/image/ab67616d0000b2738dfec5713c9ae7846c0fbdbe,65,67,Sì,Non valutabile,Non valutabile,Da verificare: artista differente,No,No
1956,1950,Anni 1950,Lucia e Tobia,Gianni Marzocchi e Franca Raimondi,M. Panzeri e G. D'Anzi,NF,,Senza posizione numerica,Non finalista,8-10 marzo,Casinò di Sanremo,Fausto Tommei,6,Franca Raimondi,Quartetto Cetra,2020.0,"3,20",0.0,Bassa (0-20),https://i.scdn.co/image/ab67616d0000b273f744c3f9d10f239c6669330b,64,67,Sì,Non valutabile,Non valutabile,Da verificare: artista differente,No,No
1956,1950,Anni 1950,Lui e lei,Clara Vincenzi,"S. Simoni, Faccenna e M. Casini",NF,,Senza posizione numerica,Non finalista,8-10 marzo,Casinò di Sanremo,Fausto Tommei,6,Franca Raimondi,Razzi Totali,2006.0,"1,13",0.0,Bassa (0-20),https://i.scdn.co/image/ab67616d0000b2733bf47ac7606ff7336ef74434,50,67,Sì,Non valutabile,Non valutabile,Da verificare: artista differente,No,No
1956,1950,Anni 1950,Parole e musica,Luciana Gonzales,N. Rastelli e Silvestri,NF,,Senza posizione numerica,Non finalista,8-10 marzo,Casinò di Sanremo,Fausto Tommei,6,Franca Raimondi,Ligabue,2023.0,"3,12",43.0,Media (41-60),https://i.scdn.co/image/ab67616d0000b27330a1e5d3aac7e1a3fc32b29c,67,67,Sì,Non valutabile,Non valutabile,Da verificare: artista differente,No,No
1956,1950,Anni 1950,Qualcosa è rimasto,Tonina Torrielli,Pinchi e Spaggiari,NF,,Senza posizione numerica,Non finalista,8-10 marzo,Casinò di Sanremo,Fausto Tommei,6,Franca Raimondi,Mondo Marcio,2004.0,"3,77",23.0,Medio-bassa (21-40),https://i.scdn.co/image/ab67616d0000b273b2f159e9ed5916bff96b7315,48,67,Sì,Non valutabile,Non valutabile,Da verificare: artista differente,No,No
1956,1950,Anni 1950,Sogni d'or,Franca Raimondi e Clara Vincenzi,A. Costanzo e P. Maschio,NF,,Senza posizione numerica,Non finalista,8-10 marzo,Casinò di Sanremo,Fausto Tommei,6,Franca Raimondi,Franca Raimondi,2014.0,"2,66",0.0,Bassa (0-20),https://i.scdn.co/image/ab67616d0000b273a24a074a195babc48a4c7958,58,67,Sì,Sì,No,Affidabile,Sì,Sì
1957,1950,Anni 1950,Corde della mia chitarra,Claudio Villa - Nunzio Gallo,G. Fiorelli e M. Ruccione,1º,1,1º posto,Vincitore,7-9 febbraio,Casinò di Sanremo,Nunzio Filogamo,17,Claudio Villa,,,,,Dati non disponibili,,,66,Sì,Non valutabile,Non valutabile,Senza dati Spotify,No,No
1957,1950,Anni 1950,Usignolo,Claudio Villa - Giorgio Consolini,"G. Castellani, L. L. Martelli e C. Concina",2º,2,2º-3º posto,Podio,7-9 febbraio,Casinò di Sanremo,Nunzio Filogamo,17,Claudio Villa,Claudio Villa,2008.0,"3,61",12.0,Bassa (0-20),https://i.scdn.co/image/ab67616d0000b273e8dbcf59fa80357664f1db7c,51,66,Sì,Sì,No,Affidabile,Sì,Sì
1957,1950,Anni 1950,Scusami,Gino Latilla - Tonina Torrielli,"Biri, W. Malgoni e M. Perrone",3º,3,2º-3º posto,Podio,7-9 febbraio,Casinò di Sanremo,Nunzio Filogamo,17,Claudio Villa,Max Pasquarelli,2023.0,"4,08",27.0,Medio-bassa (21-40),https://i.scdn.co/image/ab67616d0000b273db6309e29fee6deb98c8067a,66,66,Sì,Non valutabile,Non valutabile,Da verificare: artista differente,No,No
1957,1950,Anni 1950,Casetta in Canadà,"Carla Boni, Gino Latilla e Duo Fasano - Gloria Christian e Poker di Voci",M. Panzeri e V. Mascheroni,4º,4,4º-10º posto,Altra posizione,7-9 febbraio,Casinò di Sanremo,Nunzio Filogamo,17,Claudio Villa,Big Boys,2001.0,"2,88",26.0,Medio-bassa (21-40),https://i.scdn.co/image/ab67616d0000b273417ea225ec1d295c522efa69,44,66,Sì,Non valutabile,Non valutabile,Da verificare: artista differente,No,No
1957,1950,Anni 1950,Cancello tra le rose,Claudio Villa - Giorgio Consolini,U. Bertini e M. De Paolis,5º,5,4º-10º posto,Altra posizione,7-9 febbraio,Casinò di Sanremo,Nunzio Filogamo,17,Claudio Villa,Giorgio Consolini,1997.0,"3,49",6.0,Bassa (0-20),https://i.scdn.co/image/ab67616d0000b2733df826ba49c5ca8371e76d18,40,66,Sì,Sì,No,Affidabile,Sì,Sì
1957,1950,Anni 1950,Il pericolo numero uno,Claudio Villa e Gino Latilla - Natalino Otto e Poker di Voci,E. Bonagura e M. Cozzoli,6º,6,4º-10º posto,Altra posizione,7-9 febbraio,Casinò di Sanremo,Nunzio Filogamo,17,Claudio Villa,Renato Carosone,2007.0,"2,78",20.0,Bassa (0-20),https://i.scdn.co/image/ab67616d0000b273b15807bf141637182519bab2,50,66,Sì,Non valutabile,Non valutabile,Da verificare: artista differente,No,No
1957,1950,Anni 1950,Intorno a te (È sempre primavera),Tina Allori - Tonina Torrielli,"D. Bernazza, M. De Angelis, A. Piga e Falco",7º,7,4º-10º posto,Altra posizione,7-9 febbraio,Casinò di Sanremo,Nunzio Filogamo,17,Claudio Villa,Tonina Torrielli,2010.0,"3,27",0.0,Bassa (0-20),https://i.scdn.co/image/ab67616d0000b27392dcb271b4128c75895a4833,53,66,Sì,Sì,No,Affidabile,Sì,Sì
1957,1950,Anni 1950,Per una volta ancora,Carla Boni - Nunzio Gallo,U. Bertini e G. D'Anzi,8º,8,4º-10º posto,Altra posizione,7-9 febbraio,Casinò di Sanremo,Nunzio Filogamo,17,Claudio Villa,Cecco e Cipo,2022.0,"3,40",33.0,Medio-bassa (21-40),https://i.scdn.co/image/ab67616d0000b273d902572a472e68117476c960,65,66,Sì,Non valutabile,Non valutabile,Da verificare: artista differente,No,No
1957,1950,Anni 1950,Un filo di speranza,Gino Baldi e Duo Fasano - Natalino Otto e Poker di Voci,G. C. Testoni e S. Seracini,9º,9,4º-10º posto,Altra posizione,7-9 febbraio,Casinò di Sanremo,Nunzio Filogamo,17,Claudio Villa,Gino Latilla,2000.0,"3,62",2.0,Bassa (0-20),https://i.scdn.co/image/ab67616d0000b273fdbbe5dc78bcdb621188af32,43,66,Sì,Non valutabile,Non valutabile,Da verificare: artista differente,No,No
1957,1950,Anni 1950,Le trote blu,"Carla Boni e Duo Fasano - Gloria Christian, Natalino Otto e Poker di Voci",D. Calcagno e L. Gelmini,10º,10,4º-10º posto,Altra posizione,7-9 febbraio,Casinò di Sanremo,Nunzio Filogamo,17,Claudio Villa,Giorgio Consolini,2019.0,"3,64",2.0,Bassa (0-20),https://i.scdn.co/image/ab67616d0000b27352621e55c3c9b1bddf8d92b5,62,66,Sì,Non valutabile,Non valutabile,Da verificare: artista differente,No,No
1957,1950,Anni 1950,A poco a poco,Gino Latilla - Luciano Virgili,M. Rivi e C. Innocenzi,NF,,Senza posizione numerica,Non finalista,7-9 febbraio,Casinò di Sanremo,Nunzio Filogamo,17,Claudio Villa,Anna Oxa,1978.0,"4,17",53.0,Media (41-60),https://i.scdn.co/image/ab67616d0000b2733db37b39b457ea6d4d581ccc,21,66,Sì,Non valutabile,Non valutabile,Da verificare: artista differente,No,No
1957,1950,Anni 1950,Ancora ci credo,Tina Allori - Flo Sandon's,Fecchi e Campanozzi,NF,,Senza posizione numerica,Non finalista,7-9 febbraio,Casinò di Sanremo,Nunzio Filogamo,17,Claudio Villa,xDiemondx,2022.0,"2,35",19.0,Bassa (0-20),https://i.scdn.co/image/ab67616d0000b2735cf75c7f08df845f38007fe9,65,66,Sì,Non valutabile,Non valutabile,Da verificare: artista differente,No,No
1957,1950,Anni 1950,Estasi,Fiorella Bini - Flo Sandon's,Da Vinci e Lucci,NF,,Senza posizione numerica,Non finalista,7-9 febbraio,Casinò di Sanremo,Nunzio Filogamo,17,Claudio Villa,Gaia,2023.0,"2,67",50.0,Media (41-60),https://i.scdn.co/image/ab67616d0000b273d1c80e4b23eea1baf8adeef0,66,66,Sì,Non valutabile,Non valutabile,Da verificare: artista differente,No,No
1957,1950,Anni 1950,Finalmente,Gino Baldi - Luciano Virgili,G. Bonavolontà e M. Rivi,NF,,Senza posizione numerica,Non finalista,7-9 febbraio,Casinò di Sanremo,Nunzio Filogamo,17,Claudio Villa,883,1998.0,"2,79",54.0,Media (41-60),https://i.scdn.co/image/ab67616d0000b27357cf963e23461d4a3d16c9ec,41,66,Sì,Non valutabile,Non valutabile,Da verificare: artista differente,No,No
1957,1950,Anni 1950,Nel giardino del mio cuore,Gino Baldi - Jula de Palma,G. C. Testoni e G. Kramer,NF,,Senza posizione numerica,Non finalista,7-9 febbraio,Casinò di Sanremo,Nunzio Filogamo,17,Claudio Villa,Teddy Reno,2023.0,"2,50",1.0,Bassa (0-20),https://i.scdn.co/image/ab67616d0000b2733f2fd13412fce18d93f59aed,66,66,Sì,Non valutabile,Non valutabile,Da verificare: artista differente,No,No
1957,1950,Anni 1950,Non ti ricordi più?,Gino Latilla - Nunzio Gallo,Da Vinci e Poggiali,NF,,Senza posizione numerica,Non finalista,7-9 febbraio,Casinò di Sanremo,Nunzio Filogamo,17,Claudio Villa,Nunzio Gallo,2019.0,"3,52",1.0,Bassa (0-20),https://i.scdn.co/image/ab67616d0000b27352621e55c3c9b1bddf8d92b5,62,66,Sì,Sì,Sì,Affidabile,Sì,Sì
1957,1950,Anni 1950,Raggio nella nebbia,Fiorella Bini e Duo Fasano - Jula de Palma e Poker di Voci,Franco Salina e M. Pagano,NF,,Senza posizione numerica,Non finalista,7-9 febbraio,Casinò di Sanremo,Nunzio Filogamo,17,Claudio Villa,Fiorella Bini,2015.0,"3,43",1.0,Bassa (0-20),https://i.scdn.co/image/ab67616d0000b273556d593d9c0b86e00cffc4aa,58,66,Sì,Sì,Sì,Affidabile,Sì,Sì
1957,1950,Anni 1950,Un certo sorriso,Gianni Ravera - Natalino Otto,M. Ruccione e G. Fiorelli,NF,,Senza posizione numerica,Non finalista,7-9 febbraio,Casinò di Sanremo,Nunzio Filogamo,17,Claudio Villa,Natalino Otto,2015.0,"3,15",0.0,Bassa (0-20),https://i.scdn.co/image/ab67616d0000b273556d593d9c0b86e00cffc4aa,58,66,Sì,Sì,Sì,Affidabile,Sì,Sì
1957,1950,Anni 1950,Un sogno di cristallo,Carla Boni - Jula de Palma,A. Testa e P. Calvi,NF,,Senza posizione numerica,Non finalista,7-9 febbraio,Casinò di Sanremo,Nunzio Filogamo,17,Claudio Villa,Orsogufo,2022.0,"2,82",2.0,Bassa (0-20),https://i.scdn.co/image/ab67616d0000b273d4dde97611b5f1babbf84327,65,66,Sì,Non valutabile,Non valutabile,Da verificare: artista differente,No,No
1958,1950,Anni 1950,Nel blu dipinto di blu,Domenico Modugno - Johnny Dorelli,D. Modugno e F. Migliacci,1º,1,1º posto,Vincitore,30 gennaio - 1º febbraio,Casinò di Sanremo,Gianni Agus,15,Domenico Modugno,Domenico Modugno,2008.0,"3,65",52.0,Media (41-60),https://i.scdn.co/image/ab67616d0000b273837bb9f622e659dba1545c47,50,65,Sì,Sì,No,Affidabile,Sì,Sì
1958,1950,Anni 1950,L'edera,Nilla Pizzi - Tonina Torrielli,V. D'Acquisto e S. Seracini,2º,2,2º-3º posto,Podio,30 gennaio - 1º febbraio,Casinò di Sanremo,Gianni Agus,15,Domenico Modugno,Erica Mou,2016.0,"2,67",4.0,Bassa (0-20),https://i.scdn.co/image/ab67616d0000b2736f4844566d95176e07d25fbd,58,65,Sì,Non valutabile,Non valutabile,Da verificare: artista differente,No,No
1958,1950,Anni 1950,Amare un'altra,Gino Latilla - Nilla Pizzi,R. Pazzaglia e G. Fabor,3º,3,2º-3º posto,Podio,30 gennaio - 1º febbraio,Casinò di Sanremo,Gianni Agus,15,Domenico Modugno,Tony Colombo,2022.0,"3,70",19.0,Bassa (0-20),https://i.scdn.co/image/ab67616d0000b273824579d96908865de5534669,64,65,Sì,Non valutabile,Non valutabile,Da verificare: artista differente,No,No
1958,1950,Anni 1950,Campana di Santa Lucia,Claudio Villa - Giorgio Consolini,B. Cherubini e C. Concina,4º,4,4º-10º posto,Altra posizione,30 gennaio - 1º febbraio,Casinò di Sanremo,Gianni Agus,15,Domenico Modugno,Giacomo Rondinella,2011.0,"3,18",2.0,Bassa (0-20),https://i.scdn.co/image/ab67616d0000b2737e3f737af5b353fd06d65893,53,65,Sì,Non valutabile,Non valutabile,Da verificare: artista differente,No,No
1958,1950,Anni 1950,Giuro d'amarti così,Claudio Villa - Nilla Pizzi,M. Panzeri e V. Mascheroni,5º,5,4º-10º posto,Altra posizione,30 gennaio - 1º febbraio,Casinò di Sanremo,Gianni Agus,15,Domenico Modugno,Nilla Pizzi,1954.0,"3,45",2.0,Bassa (0-20),https://i.scdn.co/image/ab67616d0000b2738a6837b92c527f3f301c4998,-4,65,Sì,Non valutabile,Non valutabile,Da escludere: rilascio precedente,No,No
1958,1950,Anni 1950,Timida serenata,Carla Boni e Gino Latilla - Aurelio Fierro e Gloria Christian,N. Salerno e G. Redi,6º,6,4º-10º posto,Altra posizione,30 gennaio - 1º febbraio,Casinò di Sanremo,Gianni Agus,15,Domenico Modugno,Gloria Christian,2011.0,"3,09",10.0,Bassa (0-20),https://i.scdn.co/image/ab67616d0000b27395de3b4b986a23f5d300c025,53,65,Sì,Sì,No,Affidabile,Sì,Sì
1958,1950,Anni 1950,Fragole e cappellini,Claudio Villa e Duo Fasano - Aurelio Fierro e Trio Joyce,M. Panzeri e S. Seracini,7º,7,4º-10º posto,Altra posizione,30 gennaio - 1º febbraio,Casinò di Sanremo,Gianni Agus,15,Domenico Modugno,Aurelio Fierro,2015.0,"3,10",5.0,Bassa (0-20),https://i.scdn.co/image/ab67616d0000b2732cbd5a541062b4c85e0c2e43,57,65,Sì,Sì,Sì,Affidabile,Sì,Sì
1958,1950,Anni 1950,Non potrai dimenticare,Natalino Otto - Carla Boni e Gino Latilla,B. Pallesi e W. Malgoni,8º,8,4º-10º posto,Altra posizione,30 gennaio - 1º febbraio,Casinò di Sanremo,Gianni Agus,15,Domenico Modugno,Fred Buscaglione,2022.0,"3,09",5.0,Bassa (0-20),https://i.scdn.co/image/ab67616d0000b2736a412be8e4232c16ee5964cc,64,65,Sì,Non valutabile,Non valutabile,Da verificare: artista differente,No,No
1958,1950,Anni 1950,Mille volte,Tonina Torrielli - Cristina Jorio,Zibio e G. Fabor,9º,9,4º-10º posto,Altra posizione,30 gennaio - 1º febbraio,Casinò di Sanremo,Gianni Agus,15,Domenico Modugno,Max Gazzè,2015.0,"3,87",34.0,Medio-bassa (21-40),https://i.scdn.co/image/ab67616d0000b27338142aa25f939346c6a80416,57,65,Sì,Non valutabile,Non valutabile,Da verificare: artista differente,No,No
1958,1950,Anni 1950,Fantastica,Johnny Dorelli - Natalino Otto,"A. Costanzo, C. Gori e P. Bentivoglio",10º,10,4º-10º posto,Altra posizione,30 gennaio - 1º febbraio,Casinò di Sanremo,Gianni Agus,15,Domenico Modugno,Rocco Hunt,2021.0,"3,13",51.0,Media (41-60),https://i.scdn.co/image/ab67616d0000b273c2c632d61fc2736d2469f58d,63,65,Sì,Non valutabile,Non valutabile,Da verificare: artista differente,No,No
1958,1950,Anni 1950,Arsura,Carla Boni - Giorgio Consolini,"B. Cherubini, V. D'Acquisto e M. Schisa",NF,,Senza posizione numerica,Non finalista,30 gennaio - 1º febbraio,Casinò di Sanremo,Gianni Agus,15,Domenico Modugno,Iva Zanicchi,1978.0,"3,07",2.0,Bassa (0-20),https://i.scdn.co/image/ab67616d0000b273658ce1d2e35499d9a3d1f5b9,20,65,Sì,Non valutabile,Non valutabile,Da verificare: artista differente,No,No
1958,1950,Anni 1950,Cos'è un bacio,Claudio Villa e Gino Latilla - Gloria Christian,V. Rovi e G. Boneschi,NF,,Senza posizione numerica,Non finalista,30 gennaio - 1º febbraio,Casinò di Sanremo,Gianni Agus,15,Domenico Modugno,Nayt,2016.0,"3,77",33.0,Medio-bassa (21-40),https://i.scdn.co/image/ab67616d0000b2738b3690d2b9ca57ec8bf61916,58,65,Sì,Non valutabile,Non valutabile,Da verificare: artista differente,No,No
1958,1950,Anni 1950,È molto facile dirsi addio,Marisa Del Frate - Giorgio Consolini,L. L. Martelli e E. Neri,NF,,Senza posizione numerica,Non finalista,30 gennaio - 1º febbraio,Casinò di Sanremo,Gianni Agus,15,Domenico Modugno,Marisa Del Frate,2015.0,"3,23",0.0,Bassa (0-20),https://i.scdn.co/image/ab67616d0000b273556d593d9c0b86e00cffc4aa,57,65,Sì,Sì,Sì,Affidabile,Sì,Sì
1958,1950,Anni 1950,Ho disegnato un cuore,Marisa Del Frate - Gloria Christian,S. Simoni e I. Piga,NF,,Senza posizione numerica,Non finalista,30 gennaio - 1º febbraio,Casinò di Sanremo,Gianni Agus,15,Domenico Modugno,Gloria Christian,2019.0,"3,28",2.0,Bassa (0-20),https://i.scdn.co/image/ab67616d0000b273faaea5a2065e8023b8b98913,61,65,Sì,Sì,Sì,Affidabile,Sì,Sì
1958,1950,Anni 1950,I trulli di Alberobello,Duo Fasano e Tonina Torrielli - Aurelio Fierro e Trio Joyce,G. Ciocca e U. Bindi,NF,,Senza posizione numerica,Non finalista,30 gennaio - 1º febbraio,Casinò di Sanremo,Gianni Agus,15,Domenico Modugno,Aurelio Fierro,2019.0,"2,60",3.0,Bassa (0-20),https://i.scdn.co/image/ab67616d0000b273d7d685c14292de4d292d2a58,61,65,Sì,Sì,Sì,Affidabile,Sì,Sì
1958,1950,Anni 1950,Io sono te,Carla Boni - Cristina Jorio,"A. Testa, R. De Giusti, Biri e C. A. Rossi",NF,,Senza posizione numerica,Non finalista,30 gennaio - 1º febbraio,Casinò di Sanremo,Gianni Agus,15,Domenico Modugno,Assia Fiorillo,2022.0,"3,56",4.0,Bassa (0-20),https://i.scdn.co/image/ab67616d0000b2731693ad5d2fb85c1530c5df9a,64,65,Sì,Non valutabile,Non valutabile,Da verificare: artista differente,No,No
1958,1950,Anni 1950,La canzone che piace a te,Nilla Pizzi e Aurelio Fierro - Claudio Villa e Duo Fasano,"R. Cutolo, M. De Paolis e M. Ruccione",NF,,Senza posizione numerica,Non finalista,30 gennaio - 1º febbraio,Casinò di Sanremo,Gianni Agus,15,Domenico Modugno,Cutolo,2019.0,"2,88",0.0,Bassa (0-20),https://i.scdn.co/image/ab67616d0000b273c8f6afc19c848665575634cd,61,65,Sì,Non valutabile,Non valutabile,Da verificare: artista differente,No,No
1958,1950,Anni 1950,Nozze d'oro,Tonina Torrielli e Duo Fasano - Trio Joyce,"F. Conti, G. Cavalli e E. Canelli",NF,,Senza posizione numerica,Non finalista,30 gennaio - 1º febbraio,Casinò di Sanremo,Gianni Agus,15,Domenico Modugno,Ruggero Passarini,1993.0,"3,10",3.0,Bassa (0-20),https://i.scdn.co/image/ab67616d0000b273703b9fdd4dbb711f5098b483,35,65,Sì,Non valutabile,Non valutabile,Da verificare: artista differente,No,No
1958,1950,Anni 1950,Se tornassi tu..!,Johnny Dorelli - Giorgio Consolini,"E. Radaelli, C. Vinci e A. Barberis",NF,,Senza posizione numerica,Non finalista,30 gennaio - 1º febbraio,Casinò di Sanremo,Gianni Agus,15,Domenico Modugno,Julio Iglesias,1979.0,"2,81",35.0,Medio-bassa (21-40),https://i.scdn.co/image/ab67616d0000b2733003cea862937ca5965bab7f,21,65,Sì,Non valutabile,Non valutabile,Da verificare: artista differente,No,No
1958,1950,Anni 1950,Tu sei del mio paese,Gino Latilla - Natalino Otto,"A. Testa, R. De Giusti, Biri e C. A. Rossi",NF,,Senza posizione numerica,Non finalista,30 gennaio - 1º febbraio,Casinò di Sanremo,Gianni Agus,15,Domenico Modugno,Alberto Testa,2019.0,"3,09",1.0,Bassa (0-20),https://i.scdn.co/image/ab67616d0000b273ae40ac34593038acf425eee5,61,65,Sì,Non valutabile,Non valutabile,Da verificare: artista differente,No,No
1959,1950,Anni 1950,Piove (ciao ciao bambina),Domenico Modugno - Johnny Dorelli,D. Modugno e D. Verde,1º,1,1º posto,Vincitore,29-31 gennaio,Casinò di Sanremo,Enzo Tortora,17,Domenico Modugno,,,,,Dati non disponibili,,,64,Sì,Non valutabile,Non valutabile,Senza dati Spotify,No,No
1959,1950,Anni 1950,Io sono il vento,Arturo Testa - Gino Latilla,G. C. Testoni e G. Fanciulli,2º,2,2º-3º posto,Podio,29-31 gennaio,Casinò di Sanremo,Enzo Tortora,17,Domenico Modugno,Marino Marini,1955.0,"2,99",32.0,Medio-bassa (21-40),https://i.scdn.co/image/ab67616d0000b27359a679661c157438d388c911,-4,64,Sì,Non valutabile,Non valutabile,Da escludere: rilascio precedente,No,No
1959,1950,Anni 1950,Conoscerti,Teddy Reno - Achille Togliani,G. D'Anzi,3º,3,2º-3º posto,Podio,29-31 gennaio,Casinò di Sanremo,Enzo Tortora,17,Domenico Modugno,Achille Togliani,2014.0,"2,43",5.0,Bassa (0-20),https://i.scdn.co/image/ab67616d0000b2738593f0190b72f4b30a2e6439,55,64,Sì,Sì,No,Affidabile,Sì,Sì
1959,1950,Anni 1950,Tua,Jula de Palma - Tonina Torrielli,B. Pallesi e W. Malgoni,4º,4,4º-10º posto,Altra posizione,29-31 gennaio,Casinò di Sanremo,Enzo Tortora,17,Domenico Modugno,Elisa,2019.0,"3,46",54.0,Media (41-60),https://i.scdn.co/image/ab67616d0000b273fff9bc2822b4dc258861b37d,60,64,Sì,Non valutabile,Non valutabile,Da verificare: artista differente,No,No
1959,1950,Anni 1950,Lì per lì,Teddy Reno - Aurelio Fierro,L. Beretta e G. Viezzoli,5º,5,4º-10º posto,Altra posizione,29-31 gennaio,Casinò di Sanremo,Enzo Tortora,17,Domenico Modugno,Natalino Otto,1953.0,"3,09",13.0,Bassa (0-20),https://i.scdn.co/image/ab67616d0000b273086082c33ed4b9d7abc3d768,-6,64,Sì,Non valutabile,Non valutabile,Da escludere: rilascio precedente,No,No
1959,1950,Anni 1950,Sempre con te,Fausto Cigliano - Nilla Pizzi,R. Murolo,6º,6,4º-10º posto,Altra posizione,29-31 gennaio,Casinò di Sanremo,Enzo Tortora,17,Domenico Modugno,Tosca,2024.0,"2,52",7.0,Bassa (0-20),https://i.scdn.co/image/ab67616d0000b2739ee7fdbc00ad06d5473387d2,65,64,Sì,Non valutabile,Non valutabile,Da verificare: artista differente,No,No
1959,1950,Anni 1950,Avevamo la stessa età,Natalino Otto - Aurelio Fierro,D. Calcagno e M. Marini,7º,7,4º-10º posto,Altra posizione,29-31 gennaio,Casinò di Sanremo,Enzo Tortora,17,Domenico Modugno,Renzo Arbore,2009.0,"5,47",25.0,Medio-bassa (21-40),https://i.scdn.co/image/ab67616d0000b2739191514606627b367ad3c1b3,50,64,Sì,Non valutabile,Non valutabile,Da verificare: artista differente,No,No
1959,1950,Anni 1950,Nessuno,Betty Curtis - Wilma De Angelis,"A. De Simone, E. Capotosti e V. Mascheroni",8º,8,4º-10º posto,Altra posizione,29-31 gennaio,Casinò di Sanremo,Enzo Tortora,17,Domenico Modugno,Cesare Cremonini,2017.0,"4,74",56.0,Media (41-60),https://i.scdn.co/image/ab67616d0000b27312d5ab24a8b636d56d3e39e9,58,64,Sì,Non valutabile,Non valutabile,Da verificare: artista differente,No,No
1959,1950,Anni 1950,Una marcia in Fa,Johnny Dorelli e Betty Curtis - Gino Latilla e Claudio Villa,M. Panzeri e V. Mascheroni,9º,9,4º-10º posto,Altra posizione,29-31 gennaio,Casinò di Sanremo,Enzo Tortora,17,Domenico Modugno,Claudio Villa,2008.0,"2,52",10.0,Bassa (0-20),https://i.scdn.co/image/ab67616d0000b273e8dbcf59fa80357664f1db7c,49,64,Sì,Sì,No,Affidabile,Sì,Sì
1959,1950,Anni 1950,Un bacio sulla bocca,Claudio Villa - Betty Curtis,A. Testa e G. Cichellero,10º,10,4º-10º posto,Altra posizione,29-31 gennaio,Casinò di Sanremo,Enzo Tortora,17,Domenico Modugno,Fabrizio Cesare,2016.0,"2,08",13.0,Bassa (0-20),https://i.scdn.co/image/ab67616d0000b2736d06d3b71e2a160b8087cf04,57,64,Sì,Non valutabile,Non valutabile,Da verificare: artista differente,No,No
1959,1950,Anni 1950,Adorami,Tonina Torrielli - Nilla Pizzi,G. C. Testoni e U. Fusco,NF,,Senza posizione numerica,Non finalista,29-31 gennaio,Casinò di Sanremo,Enzo Tortora,17,Domenico Modugno,Nilla Pizzi,1954.0,"3,85",10.0,Bassa (0-20),https://i.scdn.co/image/ab67616d0000b2738a6837b92c527f3f301c4998,-5,64,Sì,Non valutabile,Non valutabile,Da escludere: rilascio precedente,No,No
1959,1950,Anni 1950,Così così,Anna D'Amico - Natalino Otto,V. Vancheri,NF,,Senza posizione numerica,Non finalista,29-31 gennaio,Casinò di Sanremo,Enzo Tortora,17,Domenico Modugno,Dutch Nazari,2018.0,"3,57",20.0,Bassa (0-20),https://i.scdn.co/image/ab67616d0000b273b9d15ef46d50144291690cc4,59,64,Sì,Non valutabile,Non valutabile,Da verificare: artista differente,No,No
1959,1950,Anni 1950,Il nostro refrain,Nilla Pizzi - Tonina Torrielli,Santi e D. Olivieri,NF,,Senza posizione numerica,Non finalista,29-31 gennaio,Casinò di Sanremo,Enzo Tortora,17,Domenico Modugno,Fernanda Furlani,2011.0,"2,16",0.0,Bassa (0-20),https://i.scdn.co/image/ab67616d0000b273d38d73ae63c73369d6a8213e,52,64,Sì,Non valutabile,Non valutabile,Da verificare: artista differente,No,No
1959,1950,Anni 1950,La luna è un'altra luna,Natalino Otto - Gino Latilla,"R. De Giusti, Biri, A. Testa e C. A. Rossi",NF,,Senza posizione numerica,Non finalista,29-31 gennaio,Casinò di Sanremo,Enzo Tortora,17,Domenico Modugno,Giorgio Consolini,2022.0,"2,47",4.0,Bassa (0-20),https://i.scdn.co/image/ab67616d0000b273e48727d98a4a383a83c5796f,63,64,Sì,Non valutabile,Non valutabile,Da verificare: artista differente,No,No
1959,1950,Anni 1950,La vita mi ha dato solo te,Jula de Palma - Miranda Martino,B. Casalini e M. De Martino,NF,,Senza posizione numerica,Non finalista,29-31 gennaio,Casinò di Sanremo,Enzo Tortora,17,Domenico Modugno,Nella Colombo,1943.0,"3,32",0.0,Bassa (0-20),https://i.scdn.co/image/ab67616d0000b2736b079c3ed70a43ad0530a13f,-16,64,Sì,Non valutabile,Non valutabile,Da escludere: rilascio precedente,No,No
1959,1950,Anni 1950,Ma baciami,Teddy Reno - Achille Togliani,"D. Panzuti, A. Godini e P. Rizza",NF,,Senza posizione numerica,Non finalista,29-31 gennaio,Casinò di Sanremo,Enzo Tortora,17,Domenico Modugno,Achille Togliani,2022.0,"3,27",6.0,Bassa (0-20),https://i.scdn.co/image/ab67616d0000b273b37719ab4aca5d823f749415,63,64,Sì,Sì,Sì,Affidabile,Sì,Sì
1959,1950,Anni 1950,Né stelle né mare,Arturo Testa - Fausto Cigliano,G. C. Testoni e F. Fabor,NF,,Senza posizione numerica,Non finalista,29-31 gennaio,Casinò di Sanremo,Enzo Tortora,17,Domenico Modugno,Michele Nobler,2020.0,"2,00",30.0,Medio-bassa (21-40),https://i.scdn.co/image/ab67616d0000b273c980cdf031b614830103ad37,61,64,Sì,Non valutabile,Non valutabile,Da verificare: artista differente,No,No
1959,1950,Anni 1950,Partir con te,Claudio Villa - Johnny Dorelli,P. Calvi,NF,,Senza posizione numerica,Non finalista,29-31 gennaio,Casinò di Sanremo,Enzo Tortora,17,Domenico Modugno,Andrea Bocelli,1995.0,"4,18",50.0,Media (41-60),https://i.scdn.co/image/ab67616d0000b27331c411687c7c027c95fc34f0,36,64,Sì,Non valutabile,Non valutabile,Da verificare: artista differente,No,No
1959,1950,Anni 1950,Per tutta la vita,Wilma De Angelis - Jula de Palma,A. Testa e P. Spotti,NF,,Senza posizione numerica,Non finalista,29-31 gennaio,Casinò di Sanremo,Enzo Tortora,17,Domenico Modugno,Noemi,2009.0,"3,20",47.0,Media (41-60),https://i.scdn.co/image/ab67616d0000b273730baefde7ccff6c83bf8002,50,64,Sì,Non valutabile,Non valutabile,Da verificare: artista differente,No,No
1959,1950,Anni 1950,Tu sei qui,Achille Togliani - Arturo Testa,A. Testa e S. Birga,NF,,Senza posizione numerica,Non finalista,29-31 gennaio,Casinò di Sanremo,Enzo Tortora,17,Domenico Modugno,SDV Worship,2021.0,"5,32",23.0,Medio-bassa (21-40),https://i.scdn.co/image/ab67616d0000b2739396c0baceffe253bc7a3eef,62,64,Sì,Non valutabile,Non valutabile,Da verificare: artista differente,No,No
1960,1960,Anni 1960,Romantica,Tony Dallara - Renato Rascel,D. Verde e R. Rascel,1º,1,1º posto,Vincitore,28-30 gennaio,Casinò di Sanremo,Paolo Ferrari (attore),23,Tony Dallara,,,,,Dati non disponibili,,,63,Sì,Non valutabile,Non valutabile,Senza dati Spotify,No,No
1960,1960,Anni 1960,Libero,Domenico Modugno - Teddy Reno,D. Modugno e F. Migliacci,2º,2,2º-3º posto,Podio,28-30 gennaio,Casinò di Sanremo,Paolo Ferrari (attore),23,Tony Dallara,Tommy Riccio,2018.0,"4,22",29.0,Medio-bassa (21-40),https://i.scdn.co/image/ab67616d0000b2730c086ec20ca9000f0bfdaaf7,58,63,Sì,Non valutabile,Non valutabile,Da verificare: artista differente,No,No
1960,1960,Anni 1960,Quando vien la sera,Wilma De Angelis - Joe Sentieri,A. Testa e C. A. Rossi,3º,3,2º-3º posto,Podio,28-30 gennaio,Casinò di Sanremo,Paolo Ferrari (attore),23,Tony Dallara,Joe Sentieri,2014.0,"2,18",32.0,Medio-bassa (21-40),https://i.scdn.co/image/ab67616d0000b273697e9b8bb0610aa93fc71be9,54,63,Sì,Sì,No,Affidabile,Sì,Sì
1960,1960,Anni 1960,Colpevole,Nilla Pizzi - Tonina Torrielli,V. D'Acquisto e S. Seracini,4º,4,4º-10º posto,Altra posizione,28-30 gennaio,Casinò di Sanremo,Paolo Ferrari (attore),23,Tony Dallara,Gemitaiz,2023.0,"2,97",64.0,Alta (61-100),https://i.scdn.co/image/ab67616d0000b2737bb1d98427ea70176ab401f2,63,63,Sì,Non valutabile,Non valutabile,Da verificare: artista differente,No,No
1960,1960,Anni 1960,È mezzanotte,Joe Sentieri - Sergio Bruni,"A. Testa, R. Cozzoli e G. Compare",5º,5,4º-10º posto,Altra posizione,28-30 gennaio,Casinò di Sanremo,Paolo Ferrari (attore),23,Tony Dallara,Elodie,2023.0,"2,98",57.0,Media (41-60),https://i.scdn.co/image/ab67616d0000b273d5d0ce7489346daf125bd7ea,63,63,Sì,Non valutabile,Non valutabile,Da verificare: artista differente,No,No
1960,1960,Anni 1960,Il mare,Giorgio Consolini - Sergio Bruni,A. Pugliese e A. Vian,6º,6,4º-10º posto,Altra posizione,28-30 gennaio,Casinò di Sanremo,Paolo Ferrari (attore),23,Tony Dallara,Zucchero,2008.0,"4,17",20.0,Bassa (0-20),https://i.scdn.co/image/ab67616d0000b27333be3b8781386571a3261890,48,63,Sì,Non valutabile,Non valutabile,Da verificare: artista differente,No,No
1960,1960,Anni 1960,Noi,Jula de Palma - Tony Dallara,B. Pallesi e W. Malgoni,7º,7,4º-10º posto,Altra posizione,28-30 gennaio,Casinò di Sanremo,Paolo Ferrari (attore),23,Tony Dallara,Marracash,2021.0,"4,53",55.0,Media (41-60),https://i.scdn.co/image/ab67616d0000b2733c29e91ff6eaef48d451b43f,61,63,Sì,Non valutabile,Non valutabile,Da verificare: artista differente,No,No
1960,1960,Anni 1960,È vero,Teddy Reno - Mina,N. Salerno e U. Bindi,8º,8,4º-10º posto,Altra posizione,28-30 gennaio,Casinò di Sanremo,Paolo Ferrari (attore),23,Tony Dallara,Alessandra Amoroso,2011.0,"3,77",39.0,Medio-bassa (21-40),https://i.scdn.co/image/ab67616d0000b273d3e2c48b1843cde1bfd5a190,51,63,Sì,Non valutabile,Non valutabile,Da verificare: artista differente,No,No
1960,1960,Anni 1960,Splende il sole,Fausto Cigliano - Irene D'Areni,Pinchi e Danpa,9º,9,4º-10º posto,Altra posizione,28-30 gennaio,Casinò di Sanremo,Paolo Ferrari (attore),23,Tony Dallara,Zerosospiro,2008.0,"1,12",41.0,Media (41-60),https://i.scdn.co/image/ab67616d0000b2730e19c4a25938fbe60d7442c2,48,63,Sì,Non valutabile,Non valutabile,Da verificare: artista differente,No,No
1960,1960,Anni 1960,Notte mia,Johnny Dorelli - Jula de Palma,M. Zanfagna e M. De Martino,10º,10,4º-10º posto,Altra posizione,28-30 gennaio,Casinò di Sanremo,Paolo Ferrari (attore),23,Tony Dallara,Johnny Dorelli,1951.0,"3,99",2.0,Bassa (0-20),https://i.scdn.co/image/ab67616d0000b2738a3f51c60002b917113e7536,-9,63,Sì,Non valutabile,Non valutabile,Da escludere: rilascio precedente,No,No
1960,1960,Anni 1960,A come amore,Flo Sandon's - Gloria Christian,B. Brighetti e B. Martino,NF,,Senza posizione numerica,Non finalista,28-30 gennaio,Casinò di Sanremo,Paolo Ferrari (attore),23,Tony Dallara,Teddy Reno,2019.0,"3,13",18.0,Bassa (0-20),https://i.scdn.co/image/ab67616d0000b27315a92e0869c4cdd428f541ce,59,63,Sì,Non valutabile,Non valutabile,Da verificare: artista differente,No,No
1960,1960,Anni 1960,Amore abisso dolce,Achille Togliani - Giorgio Consolini,G. C. Testoni e M. Gigante,NF,,Senza posizione numerica,Non finalista,28-30 gennaio,Casinò di Sanremo,Paolo Ferrari (attore),23,Tony Dallara,Gian Carlo Testoni,2019.0,"3,78",2.0,Bassa (0-20),https://i.scdn.co/image/ab67616d0000b273c4b0f703b16e219ce50c8c0b,59,63,Sì,Non valutabile,Non valutabile,Da verificare: artista differente,No,No
1960,1960,Anni 1960,Amore senza sole,Johnny Dorelli - Betty Curtis,M. Panzeri e V. Mascheroni,NF,,Senza posizione numerica,Non finalista,28-30 gennaio,Casinò di Sanremo,Paolo Ferrari (attore),23,Tony Dallara,Teddy Reno,2023.0,"2,15",0.0,Bassa (0-20),https://i.scdn.co/image/ab67616d0000b2733f2fd13412fce18d93f59aed,63,63,Sì,Non valutabile,Non valutabile,Da verificare: artista differente,No,No
1960,1960,Anni 1960,Gridare di gioia,Germana Caroli - Arturo Testa,A. Testa e G. Fanciulli,NF,,Senza posizione numerica,Non finalista,28-30 gennaio,Casinò di Sanremo,Paolo Ferrari (attore),23,Tony Dallara,Adriano Valle,2021.0,"2,20",0.0,Bassa (0-20),https://i.scdn.co/image/ab67616d0000b2738c36ac82a49d604bc97cd2fc,61,63,Sì,Non valutabile,Non valutabile,Da verificare: artista differente,No,No
1960,1960,Anni 1960,Invoco te,Gino Latilla - Miranda Martino,"G. C. Testoni, T. De Vita e G. Masetti",NF,,Senza posizione numerica,Non finalista,28-30 gennaio,Casinò di Sanremo,Paolo Ferrari (attore),23,Tony Dallara,Mina,2004.0,"3,14",16.0,Bassa (0-20),https://i.scdn.co/image/ab67616d0000b2737ec9b2ea17768ec3877949bc,44,63,Sì,Non valutabile,Non valutabile,Da verificare: artista differente,No,No
1960,1960,Anni 1960,Non sei felice,Mina - Betty Curtis,R. Vantellini e Pinchi,NF,,Senza posizione numerica,Non finalista,28-30 gennaio,Casinò di Sanremo,Paolo Ferrari (attore),23,Tony Dallara,Mina,1987.0,"2,51",4.0,Bassa (0-20),https://i.scdn.co/image/ab67616d0000b27328cf5a48557c38f4c4eecd8f,27,63,Sì,Sì,No,Affidabile,Sì,Sì
1960,1960,Anni 1960,Perderti,Tonina Torrielli - Arturo Testa,Pinchi e P. E. Bassi,NF,,Senza posizione numerica,Non finalista,28-30 gennaio,Casinò di Sanremo,Paolo Ferrari (attore),23,Tony Dallara,Sara Sansica,2018.0,"3,83",1.0,Bassa (0-20),https://i.scdn.co/image/ab67616d0000b273bf771628d846f7e0b74936e5,58,63,Sì,Non valutabile,Non valutabile,Da verificare: artista differente,No,No
1960,1960,Anni 1960,Perdoniamoci,Achille Togliani - Nilla Pizzi,U. Bertini e E. Di Paola,NF,,Senza posizione numerica,Non finalista,28-30 gennaio,Casinò di Sanremo,Paolo Ferrari (attore),23,Tony Dallara,Achille Togliani,2015.0,"2,68",25.0,Medio-bassa (21-40),https://i.scdn.co/image/ab67616d0000b27311d161283be0eedc907a41f2,55,63,Sì,Sì,Sì,Affidabile,Sì,Sì
1960,1960,Anni 1960,Splende l'arcobaleno,Wilma De Angelis - Gloria Christian,M. Tumminelli e C. Di Ceglie,NF,,Senza posizione numerica,Non finalista,28-30 gennaio,Casinò di Sanremo,Paolo Ferrari (attore),23,Tony Dallara,Gloria Christian,2019.0,"3,37",1.0,Bassa (0-20),https://i.scdn.co/image/ab67616d0000b2739664f3b1f671ff5efcaba232,59,63,Sì,Sì,Sì,Affidabile,Sì,Sì
1960,1960,Anni 1960,Vento pioggia... scarpe rotte,Gino Latilla - Miranda Martino,"E. Taranto, C. Gori e A. Grasso",NF,,Senza posizione numerica,Non finalista,28-30 gennaio,Casinò di Sanremo,Paolo Ferrari (attore),23,Tony Dallara,Gino Latilla,2017.0,"3,03",0.0,Bassa (0-20),https://i.scdn.co/image/ab67616d0000b273337c88acc8d3be58b7a0be04,57,63,Sì,Sì,Sì,Affidabile,Sì,Sì
1961,1960,Anni 1960,Al di là,Betty Curtis - Luciano Tajoli,Mogol - Donida,1º,1,1º posto,Vincitore,26 gennaio - 6 febbraio,Casinò di Sanremo,Lilli Lembo,42,Betty Curtis,,,,,Dati non disponibili,,,62,Sì,Non valutabile,Non valutabile,Senza dati Spotify,No,No
1961,1960,Anni 1960,24mila baci,Adriano Celentano - Little Tony,"P. Vivarelli, L. Fulci e A. Celentano",2º,2,2º-3º posto,Podio,26 gennaio - 6 febbraio,Casinò di Sanremo,Lilli Lembo,42,Betty Curtis,Adriano Celentano,2006.0,"2,30",46.0,Media (41-60),https://i.scdn.co/image/ab67616d0000b273cca8e4f480faca1e75815237,45,62,Sì,Sì,No,Affidabile,Sì,Sì
1961,1960,Anni 1960,Il mare nel cassetto,Milva - Gino Latilla,Rolla - La Valle - Lattuada,3º,3,2º-3º posto,Podio,26 gennaio - 6 febbraio,Casinò di Sanremo,Lilli Lembo,42,Betty Curtis,Milva,1960.0,"2,99",24.0,Medio-bassa (21-40),https://i.scdn.co/image/ab67616d0000b2739181c5800d5accdafbaf4386,-1,62,Sì,No,No,Affidabile,Sì,Sì
1961,1960,Anni 1960,Io amo tu ami,Mina - Nelly Fioramonti,E. Bonagura - G. Redi,4º,4,4º-10º posto,Altra posizione,26 gennaio - 6 febbraio,Casinò di Sanremo,Lilli Lembo,42,Betty Curtis,Mina,2004.0,"3,44",8.0,Bassa (0-20),https://i.scdn.co/image/ab67616d0000b2737ec9b2ea17768ec3877949bc,43,62,Sì,Sì,No,Affidabile,Sì,Sì
1961,1960,Anni 1960,Le mille bolle blu,Mina - Jenny Luna,V. Pallavicini e C. A. Rossi,5º,5,4º-10º posto,Altra posizione,26 gennaio - 6 febbraio,Casinò di Sanremo,Lilli Lembo,42,Betty Curtis,Mina,2016.0,"3,89",39.0,Medio-bassa (21-40),https://i.scdn.co/image/ab67616d0000b273a3b3b36e9ad6a98903572e7d,55,62,Sì,Sì,Sì,Affidabile,Sì,Sì
1961,1960,Anni 1960,Come sinfonia,Pino Donaggio - Teddy Reno,P. Donaggio,6º,6,4º-10º posto,Altra posizione,26 gennaio - 6 febbraio,Casinò di Sanremo,Lilli Lembo,42,Betty Curtis,Pino Donaggio,2014.0,"3,33",19.0,Bassa (0-20),https://i.scdn.co/image/ab67616d0000b273bd0a9aba967222418257cd73,53,62,Sì,Sì,No,Affidabile,Sì,Sì
1961,1960,Anni 1960,Febbre di musica,Arturo Testa - Tonina Torrielli,Biri e V. Mascheroni,7º,7,4º-10º posto,Altra posizione,26 gennaio - 6 febbraio,Casinò di Sanremo,Lilli Lembo,42,Betty Curtis,Tonina Torrielli,2017.0,"3,37",0.0,Bassa (0-20),https://i.scdn.co/image/ab67616d0000b273337c88acc8d3be58b7a0be04,56,62,Sì,Sì,Sì,Affidabile,Sì,Sì
1961,1960,Anni 1960,Mandolino mandolino,Teddy Reno - Sergio Bruni,A. Vian e A. Pugliese,8º,8,4º-10º posto,Altra posizione,26 gennaio - 6 febbraio,Casinò di Sanremo,Lilli Lembo,42,Betty Curtis,Piero Montanaro,2024.0,"3,89",0.0,Bassa (0-20),https://i.scdn.co/image/ab67616d0000b273a6699cef85137d025b6e8034,63,62,Sì,Non valutabile,Non valutabile,Da verificare: artista differente,No,No
1961,1960,Anni 1960,Carolina dai,Sergio Bruni - Rocco Granata,D. Pace e M. Panzeri,9º,9,4º-10º posto,Altra posizione,26 gennaio - 6 febbraio,Casinò di Sanremo,Lilli Lembo,42,Betty Curtis,Livingston Taylor,1970.0,"3,13",30.0,Medio-bassa (21-40),https://i.scdn.co/image/ab67616d0000b273331a243054d857f3eac1434d,9,62,Sì,Non valutabile,Non valutabile,Da verificare: artista differente,No,No
1961,1960,Anni 1960,Un uomo vivo,Gino Paoli - Tony Dallara,G. Paoli,10º,10,4º-10º posto,Altra posizione,26 gennaio - 6 febbraio,Casinò di Sanremo,Lilli Lembo,42,Betty Curtis,Gino Paoli,2001.0,"3,02",21.0,Medio-bassa (21-40),https://i.scdn.co/image/ab67616d0000b273732342705698fda3b008afd2,40,62,Sì,Sì,No,Affidabile,Sì,Sì
1961,1960,Anni 1960,Non mi dire chi sei,Umberto Bindi - Miranda Martino,G. Calabrese - U. Bindi,11º,11,Oltre il 10º posto,Altra posizione,26 gennaio - 6 febbraio,Casinò di Sanremo,Lilli Lembo,42,Betty Curtis,Luciano Tajoli,1988.0,"3,38",8.0,Bassa (0-20),https://i.scdn.co/image/ab67616d0000b2739a249b8cfc73db7839a7836e,27,62,Sì,Non valutabile,Non valutabile,Da verificare: artista differente,No,No
1961,1960,Anni 1960,Lei,Joe Sentieri - Fausto Cigliano,R. Pazzaglia - J. Sentieri,12º,12,Oltre il 10º posto,Altra posizione,26 gennaio - 6 febbraio,Casinò di Sanremo,Lilli Lembo,42,Betty Curtis,Neima Ezza,2022.0,"3,38",67.0,Alta (61-100),https://i.scdn.co/image/ab67616d0000b273bd0d2c094bcf475a335fc176,61,62,Sì,Non valutabile,Non valutabile,Da verificare: artista differente,No,No
1961,1960,Anni 1960,A.A.A. adorabile cercasi,Bruno Martino - Jula de Palma,"B. Martino, B. Brighetti e V. Pallavicini",NF,,Senza posizione numerica,Non finalista,26 gennaio - 6 febbraio,Casinò di Sanremo,Lilli Lembo,42,Betty Curtis,Little Tony,2014.0,"2,34",20.0,Bassa (0-20),https://i.scdn.co/image/ab67616d0000b2737cf8dcf4682db971b8d452a0,53,62,Sì,Non valutabile,Non valutabile,Da verificare: artista differente,No,No
1961,1960,Anni 1960,Benzina e cerini,Giorgio Gaber - Maria Monti,"G. Gaber, E. Jannacci[7]",NF,,Senza posizione numerica,Non finalista,26 gennaio - 6 febbraio,Casinò di Sanremo,Lilli Lembo,42,Betty Curtis,Giorgio Gaber,1961.0,"2,27",9.0,Bassa (0-20),https://i.scdn.co/image/ab67616d0000b2738974866d5d311bc2bd137d5b,0,62,Sì,No,No,Affidabile,Sì,Sì
1961,1960,Anni 1960,Che freddo!,Luciano Rondinella - Edoardo Vianello,C. Rossi e E. Vianello,NF,,Senza posizione numerica,Non finalista,26 gennaio - 6 febbraio,Casinò di Sanremo,Lilli Lembo,42,Betty Curtis,Nada,1969.0,"3,06",60.0,Media (41-60),https://i.scdn.co/image/ab67616d0000b27323737713dfbd9fb00a2e2ab3,8,62,Sì,Non valutabile,Non valutabile,Da verificare: artista differente,No,No
1961,1960,Anni 1960,Lady Luna,Miranda Martino - Jimmy Fontana,D. Verde e A. Trovajoli,NF,,Senza posizione numerica,Non finalista,26 gennaio - 6 febbraio,Casinò di Sanremo,Lilli Lembo,42,Betty Curtis,Nora Orlandi,2016.0,"2,91",32.0,Medio-bassa (21-40),https://i.scdn.co/image/ab67616d0000b273f7c5d75492361d278482a83c,55,62,Sì,Non valutabile,Non valutabile,Da verificare: artista differente,No,No
1961,1960,Anni 1960,Libellule,Joe Sentieri - Betty Curtis,A. Testa e G. Viezzoli,NF,,Senza posizione numerica,Non finalista,26 gennaio - 6 febbraio,Casinò di Sanremo,Lilli Lembo,42,Betty Curtis,De Gruy,2021.0,"2,33",43.0,Media (41-60),https://i.scdn.co/image/ab67616d0000b27356a5d87abb641631ed267acf,60,62,Sì,Non valutabile,Non valutabile,Da verificare: artista differente,No,No
1961,1960,Anni 1960,Mare di dicembre,Claudio Villa - Sergio Renda,L. Beretta e G. Libano,NF,,Senza posizione numerica,Non finalista,26 gennaio - 6 febbraio,Casinò di Sanremo,Lilli Lembo,42,Betty Curtis,Pino Daniele,2015.0,"5,09",20.0,Bassa (0-20),https://i.scdn.co/image/ab67616d0000b2731b2b707a2e537473e2ac4547,54,62,Sì,Non valutabile,Non valutabile,Da verificare: artista differente,No,No
1961,1960,Anni 1960,Notturno senza luna,Aura D'Angelo - Silvia Guidi,G. D'Anzi,NF,,Senza posizione numerica,Non finalista,26 gennaio - 6 febbraio,Casinò di Sanremo,Lilli Lembo,42,Betty Curtis,Luigi Tenco,2013.0,"1,80",12.0,Bassa (0-20),https://i.scdn.co/image/ab67616d0000b273ad04b5af611ca7fb5af58ce2,52,62,Sì,Non valutabile,Non valutabile,Da verificare: artista differente,No,No
1961,1960,Anni 1960,Patatina,Gianni Meccia - Wilma De Angelis,G. Meccia e F. Migliacci,NF,,Senza posizione numerica,Non finalista,26 gennaio - 6 febbraio,Casinò di Sanremo,Lilli Lembo,42,Betty Curtis,Gianni Meccia,2002.0,"2,93",23.0,Medio-bassa (21-40),https://i.scdn.co/image/ab67616d0000b27356968ccb99a050b066dcdf0b,41,62,Sì,Sì,No,Affidabile,Sì,Sì
1961,1960,Anni 1960,Pozzanghere,Tony Renis - Niki Davis,"Orfellius, L. Pellini, T. Renis e M. Treppiedi",NF,,Senza posizione numerica,Non finalista,26 gennaio - 6 febbraio,Casinò di Sanremo,Lilli Lembo,42,Betty Curtis,Il Solito Dandy,2022.0,"3,61",23.0,Medio-bassa (21-40),https://i.scdn.co/image/ab67616d0000b27324b539123f0ef2bdac7b09ca,61,62,Sì,Non valutabile,Non valutabile,Da verificare: artista differente,No,No
1961,1960,Anni 1960,Qualcuno mi ama,Cocky Mazzetti - Achille Togliani,P. Soffici e M. Darena,NF,,Senza posizione numerica,Non finalista,26 gennaio - 6 febbraio,Casinò di Sanremo,Lilli Lembo,42,Betty Curtis,Sandro,2017.0,"4,39",33.0,Medio-bassa (21-40),https://i.scdn.co/image/ab67616d0000b273d8da4e0a4cf3e1add8f2b7f2,56,62,Sì,Non valutabile,Non valutabile,Da verificare: artista differente,No,No
1961,1960,Anni 1960,Tu con me,Carla Boni - Aurelio Fierro,A. Amurri e E. Ballotta,NF,,Senza posizione numerica,Non finalista,26 gennaio - 6 febbraio,Casinò di Sanremo,Lilli Lembo,42,Betty Curtis,Aliciakat,2023.0,"2,63",23.0,Medio-bassa (21-40),https://i.scdn.co/image/ab67616d0000b2737fa4ca628e60f29b278f9b55,62,62,Sì,Non valutabile,Non valutabile,Da verificare: artista differente,No,No
1961,1960,Anni 1960,Una goccia di cielo,Nadia Liani - Jolanda Rossin,G. Negri,NF,,Senza posizione numerica,Non finalista,26 gennaio - 6 febbraio,Casinò di Sanremo,Lilli Lembo,42,Betty Curtis,Luciano Tajoli,2019.0,"3,19",0.0,Bassa (0-20),https://i.scdn.co/image/ab67616d0000b273f6405070d877dd51e25d2f91,58,62,Sì,Non valutabile,Non valutabile,Da verificare: artista differente,No,No
1962,1960,Anni 1960,Addio...addio...,Domenico Modugno - Claudio Villa,F. Migliacci e D. Modugno,1º,1,1º posto,Vincitore,8-18 febbraio,Casinò di Sanremo,Renato Tagliani,45,Domenico Modugno,,,,,Dati non disponibili,,,61,Sì,Non valutabile,Non valutabile,Senza dati Spotify,No,No
1962,1960,Anni 1960,Tango italiano,Sergio Bruni - Milva,B. Pallesi e W. Malgoni,2º,2,2º-3º posto,Podio,8-18 febbraio,Casinò di Sanremo,Renato Tagliani,45,Domenico Modugno,Cocki Mazzetti,2019.0,"2,46",46.0,Media (41-60),https://i.scdn.co/image/ab67616d0000b273ea8e3a1a99cfd2ecc9e58f66,57,61,Sì,Non valutabile,Non valutabile,Da verificare: artista differente,No,No
1962,1960,Anni 1960,Gondolì gondolà,Sergio Bruni - Ernesto Bonino,Nisa e R. Carosone,3º,3,2º-3º posto,Podio,8-18 febbraio,Casinò di Sanremo,Renato Tagliani,45,Domenico Modugno,faff,2022.0,"2,65",24.0,Medio-bassa (21-40),https://i.scdn.co/image/ab67616d0000b273ca0597b557fe5b41f551114a,60,61,Sì,Non valutabile,Non valutabile,Da verificare: artista differente,No,No
1962,1960,Anni 1960,Quando quando quando,Tony Renis - Emilio Pericoli,A. Testa e T. Renis,4º,4,4º-10º posto,Altra posizione,8-18 febbraio,Casinò di Sanremo,Renato Tagliani,45,Domenico Modugno,Tony Renis,2001.0,"2,77",53.0,Media (41-60),https://i.scdn.co/image/ab67616d0000b273b93ffcffe8041c3265b34c35,39,61,Sì,Sì,No,Affidabile,Sì,Sì
1962,1960,Anni 1960,Stanotte al luna park,Milva - Miriam Del Mare,"V. Pallavicini, Biri e C. A. Rossi",5º,5,4º-10º posto,Altra posizione,8-18 febbraio,Casinò di Sanremo,Renato Tagliani,45,Domenico Modugno,Milva,2014.0,"4,62",2.0,Bassa (0-20),https://i.scdn.co/image/ab67616d0000b27351c827bc6e5452289bbaf9e7,52,61,Sì,Sì,No,Affidabile,Sì,Sì
1962,1960,Anni 1960,Lui andava a cavallo,Gino Bramieri - Aurelio Fierro,N. Salerno e N. Ravasini,6º,6,4º-10º posto,Altra posizione,8-18 febbraio,Casinò di Sanremo,Renato Tagliani,45,Domenico Modugno,Aurelio Fierro,1962.0,"2,46",2.0,Bassa (0-20),https://i.scdn.co/image/ab67616d0000b2737afdce00b544277aa33b16c3,0,61,Sì,No,No,Affidabile,Sì,Sì
1962,1960,Anni 1960,Un'anima leggera,Arturo Testa - Jolanda Rossin,P. Rolla e F. Bergamini,7º,7,4º-10º posto,Altra posizione,8-18 febbraio,Casinò di Sanremo,Renato Tagliani,45,Domenico Modugno,Arturo Testa,2012.0,"3,17",0.0,Bassa (0-20),https://i.scdn.co/image/ab67616d0000b273a163c0b094b56203f607b9f9,50,61,Sì,Sì,No,Affidabile,Sì,Sì
1962,1960,Anni 1960,Cipria di sole,Joe Sentieri - Aurelio Fierro,G. Marotta e S. Mazzocco,8º,8,4º-10º posto,Altra posizione,8-18 febbraio,Casinò di Sanremo,Renato Tagliani,45,Domenico Modugno,Joe Sentieri,2012.0,"3,70",0.0,Bassa (0-20),https://i.scdn.co/image/ab67616d0000b273a163c0b094b56203f607b9f9,50,61,Sì,Sì,No,Affidabile,Sì,Sì
1962,1960,Anni 1960,Aspettandoti,Tonina Torrielli - Nelly Fioramonti,S. Seracini e V. D'Acquisto,9º,9,4º-10º posto,Altra posizione,8-18 febbraio,Casinò di Sanremo,Renato Tagliani,45,Domenico Modugno,Neffa,1996.0,"5,20",50.0,Media (41-60),https://i.scdn.co/image/ab67616d0000b2734f1f4c05d7e26ac086fd625e,34,61,Sì,Non valutabile,Non valutabile,Da verificare: artista differente,No,No
1962,1960,Anni 1960,Buongiorno amore,Johnny Dorelli - Betty Curtis,M. Panzeri e J. Dorelli,10º,10,4º-10º posto,Altra posizione,8-18 febbraio,Casinò di Sanremo,Renato Tagliani,45,Domenico Modugno,Gigi Finizio,2021.0,"3,71",30.0,Medio-bassa (21-40),https://i.scdn.co/image/ab67616d0000b273489e0f01d2e8edf6eb45e88e,59,61,Sì,Non valutabile,Non valutabile,Da verificare: artista differente,No,No
1962,1960,Anni 1960,Passa il tempo,Flo Sandon's - Mario D'Alba,S. Taccani e U. Bertini,11º,11,Oltre il 10º posto,Altra posizione,8-18 febbraio,Casinò di Sanremo,Renato Tagliani,45,Domenico Modugno,Néza,2023.0,"3,45",54.0,Media (41-60),https://i.scdn.co/image/ab67616d0000b273600209369872d6edc2221630,61,61,Sì,Non valutabile,Non valutabile,Da verificare: artista differente,No,No
1962,1960,Anni 1960,Inventiamo la vita,Nunzio Gallo - Rocco Montana,V. Mascheroni e G. C. Testoni,12º,12,Oltre il 10º posto,Altra posizione,8-18 febbraio,Casinò di Sanremo,Renato Tagliani,45,Domenico Modugno,Nunzio Gallo,2014.0,"3,08",0.0,Bassa (0-20),https://i.scdn.co/image/ab67616d0000b2733596c2d2c4efd056ab8b617a,52,61,Sì,Sì,No,Affidabile,Sì,Sì
1962,1960,Anni 1960,Centomila volte,Arturo Testa - Jolanda Rossin,S. Censi e De Bernardi,NF,,Senza posizione numerica,Non finalista,8-18 febbraio,Casinò di Sanremo,Renato Tagliani,45,Domenico Modugno,Einar,2019.0,"3,25",22.0,Medio-bassa (21-40),https://i.scdn.co/image/ab67616d0000b2731867f03f50ba68de63d3d585,57,61,Sì,Non valutabile,Non valutabile,Da verificare: artista differente,No,No
1962,1960,Anni 1960,Conta le stelle,Silvia Guidi - Jenny Luna,E. Di Paola e U. Bertini,NF,,Senza posizione numerica,Non finalista,8-18 febbraio,Casinò di Sanremo,Renato Tagliani,45,Domenico Modugno,Ultimo,2021.0,"2,47",56.0,Media (41-60),https://i.scdn.co/image/ab67616d0000b273e1bed516757471f1266dee07,59,61,Sì,Non valutabile,Non valutabile,Da verificare: artista differente,No,No
1962,1960,Anni 1960,Cose inutili,Fausto Cigliano - Jenny Luna,G. Meccia e U. Tognazzi,NF,,Senza posizione numerica,Non finalista,8-18 febbraio,Casinò di Sanremo,Renato Tagliani,45,Domenico Modugno,Management,2017.0,"3,40",31.0,Medio-bassa (21-40),https://i.scdn.co/image/ab67616d0000b2738bb92618b2b447e1d0861d77,55,61,Sì,Non valutabile,Non valutabile,Da verificare: artista differente,No,No
1962,1960,Anni 1960,Due cipressi,Rossana - Gian Costello,"P. Pizzigoni, A. Camis e G. C. Testoni",NF,,Senza posizione numerica,Non finalista,8-18 febbraio,Casinò di Sanremo,Renato Tagliani,45,Domenico Modugno,Pino Calvi,1962.0,"6,96",0.0,Bassa (0-20),https://i.scdn.co/image/ab67616d0000b273a0b72cf2fd76c6d63064ed77,0,61,Sì,Non valutabile,Non valutabile,Da verificare: artista differente,No,No
1962,1960,Anni 1960,Fiori sull'acqua,Wanda Romanelli - Nelly Fioramonti,G. Fallabrino e V. D'Acquisto,NF,,Senza posizione numerica,Non finalista,8-18 febbraio,Casinò di Sanremo,Renato Tagliani,45,Domenico Modugno,Caterina Caselli,1970.0,"2,97",10.0,Bassa (0-20),https://i.scdn.co/image/ab67616d0000b273f2b9bc0266c1b2a381b17388,8,61,Sì,Non valutabile,Non valutabile,Da verificare: artista differente,No,No
1962,1960,Anni 1960,I colori della felicità,Wilma De Angelis - Tanya,L. Ranzato e E. Sciorilli,NF,,Senza posizione numerica,Non finalista,8-18 febbraio,Casinò di Sanremo,Renato Tagliani,45,Domenico Modugno,Paolo Tuci,2020.0,"1,71",10.0,Bassa (0-20),https://i.scdn.co/image/ab67616d0000b27316244ded3c48162f906261ff,58,61,Sì,Non valutabile,Non valutabile,Da verificare: artista differente,No,No
1962,1960,Anni 1960,Il cielo cammina,Luciano Tajoli - Betty Curtis,"M. Ruccione, U. Bertini e P. Tombolato",NF,,Senza posizione numerica,Non finalista,8-18 febbraio,Casinò di Sanremo,Renato Tagliani,45,Domenico Modugno,Creep Giuliano,2019.0,"3,45",1.0,Bassa (0-20),https://i.scdn.co/image/ab67616d0000b2733dc6d18a47953353760e050a,57,61,Sì,Non valutabile,Non valutabile,Da verificare: artista differente,No,No
1962,1960,Anni 1960,Il nostro amore,Gesy Sebena - Giacomo Rondinella,Pinchi e V. Panzuti,NF,,Senza posizione numerica,Non finalista,8-18 febbraio,Casinò di Sanremo,Renato Tagliani,45,Domenico Modugno,Laura Pausini,2015.0,"3,97",38.0,Medio-bassa (21-40),https://i.scdn.co/image/ab67616d0000b27308169877075429914a067259,53,61,Sì,Non valutabile,Non valutabile,Da verificare: artista differente,No,No
1962,1960,Anni 1960,Innamorati,Gene Colonnello - Gloria Christian,G. D'Anzi e M. Panzeri,NF,,Senza posizione numerica,Non finalista,8-18 febbraio,Casinò di Sanremo,Renato Tagliani,45,Domenico Modugno,Toto Cutugno,1980.0,"3,94",50.0,Media (41-60),https://i.scdn.co/image/ab67616d0000b27330f071c00e1babd1fbcb81a4,18,61,Sì,Non valutabile,Non valutabile,Da verificare: artista differente,No,No
1962,1960,Anni 1960,L'anellino,Corrado Lojacono - Luciano Tajoli,C. Lojacono e N. Salerno,NF,,Senza posizione numerica,Non finalista,8-18 febbraio,Casinò di Sanremo,Renato Tagliani,45,Domenico Modugno,I Barritas,2002.0,"2,70",1.0,Bassa (0-20),https://i.scdn.co/image/ab67616d0000b273b38201490eb09ef413f337f6,40,61,Sì,Non valutabile,Non valutabile,Da verificare: artista differente,No,No
1962,1960,Anni 1960,L'ombrellone,Johnny Dorelli - Gloria Christian,P. Calvi e L. Chiosso,NF,,Senza posizione numerica,Non finalista,8-18 febbraio,Casinò di Sanremo,Renato Tagliani,45,Domenico Modugno,Nancy Fiordaliso,2023.0,"3,60",1.0,Bassa (0-20),https://i.scdn.co/image/ab67616d0000b2739a7c6051450e148f5d06d72b,61,61,Sì,Non valutabile,Non valutabile,Da verificare: artista differente,No,No
1962,1960,Anni 1960,L'ultimo pezzo di terra,Nunzio Gallo - Bruna Lelli,"M. Zanfagna, G. Conte, N. Gallo e A. Forte",NF,,Senza posizione numerica,Non finalista,8-18 febbraio,Casinò di Sanremo,Renato Tagliani,45,Domenico Modugno,Pino Calvi,1962.0,"6,46",0.0,Bassa (0-20),https://i.scdn.co/image/ab67616d0000b273a0b72cf2fd76c6d63064ed77,0,61,Sì,Non valutabile,Non valutabile,Da verificare: artista differente,No,No
1962,1960,Anni 1960,Lumicini rossi,Wilma De Angelis - Lucia Altieri,F. Fabor e G. C. Testoni,NF,,Senza posizione numerica,Non finalista,8-18 febbraio,Casinò di Sanremo,Renato Tagliani,45,Domenico Modugno,Lucia Altieri,1964.0,"2,99",0.0,Bassa (0-20),https://i.scdn.co/image/ab67616d0000b2734fa84358edf786334a208ba1,2,61,Sì,No,No,Affidabile,Sì,Sì
1962,1960,Anni 1960,Occhi senza lacrime,Pierfilippi - Cocky Mazzetti,E. Macchi e A. A. Roelens,NF,,Senza posizione numerica,Non finalista,8-18 febbraio,Casinò di Sanremo,Renato Tagliani,45,Domenico Modugno,Cocki Mazzetti,2023.0,"2,93",4.0,Bassa (0-20),https://i.scdn.co/image/ab67616d0000b273e17dea357dec68fc5da5adce,61,61,Sì,Sì,Sì,Affidabile,Sì,Sì
1962,1960,Anni 1960,Pesca tu che pesco anch'io,Gino Bramieri - Rocco Torrebruno,Di Lazzaro e B. Cherubini,NF,,Senza posizione numerica,Non finalista,8-18 febbraio,Casinò di Sanremo,Renato Tagliani,45,Domenico Modugno,Gino Bramieri,2014.0,"2,71",1.0,Bassa (0-20),https://i.scdn.co/image/ab67616d0000b2733150846dc3680992dc3c95dc,52,61,Sì,Sì,No,Affidabile,Sì,Sì
1962,1960,Anni 1960,Prima del paradiso,Flo Sandon's - Edda Montanari,R. Vantellini e Pinchi,NF,,Senza posizione numerica,Non finalista,8-18 febbraio,Casinò di Sanremo,Renato Tagliani,45,Domenico Modugno,Jean Louis Prima,2013.0,"2,53",8.0,Bassa (0-20),https://i.scdn.co/image/ab67616d0000b273506dd71cb05fac076086672b,51,61,Sì,Non valutabile,Non valutabile,Da verificare: artista differente,No,No
1962,1960,Anni 1960,Quando il vento d'aprile,Aura D'Angelo - Claudio Villa,S. Palomba e A. Vian,NF,,Senza posizione numerica,Non finalista,8-18 febbraio,Casinò di Sanremo,Renato Tagliani,45,Domenico Modugno,Nando Rizzello,2010.0,"2,60",0.0,Bassa (0-20),https://i.scdn.co/image/ab67616d0000b27380a5c3bd3a218a6e74ec28c0,48,61,Sì,Non valutabile,Non valutabile,Da verificare: artista differente,No,No
1962,1960,Anni 1960,Tobia,Cocky Mazzetti - Joe Sentieri,"C. Donida, Mogol e A. Testa",NF,,Senza posizione numerica,Non finalista,8-18 febbraio,Casinò di Sanremo,Renato Tagliani,45,Domenico Modugno,Zucchero,2001.0,"5,00",23.0,Medio-bassa (21-40),https://i.scdn.co/image/ab67616d0000b27394a0fbe50705c560d5efa76c,39,61,Sì,Non valutabile,Non valutabile,Da verificare: artista differente,No,No
1962,1960,Anni 1960,Vestita di rosso,Mario Abbate - Fausto Cigliano,"A. Testa, R. Cozzoli e G. Compare",NF,,Senza posizione numerica,Non finalista,8-18 febbraio,Casinò di Sanremo,Renato Tagliani,45,Domenico Modugno,Beppe Junior,2010.0,"5,37",2.0,Bassa (0-20),https://i.scdn.co/image/ab67616d0000b273b72eaa07fd7ef57f27857dcc,48,61,Sì,Non valutabile,Non valutabile,Da verificare: artista differente,No,No
1962,1960,Anni 1960,Vita,Narciso Parigi - Giorgio Consolini,B. Cherubini e C. Concina,NF,,Senza posizione numerica,Non finalista,8-18 febbraio,Casinò di Sanremo,Renato Tagliani,45,Domenico Modugno,Yunes LaGrintaa,2023.0,"2,56",55.0,Media (41-60),https://i.scdn.co/image/ab67616d0000b273b23ed9b9b903e07ad15aedd8,61,61,Sì,Non valutabile,Non valutabile,Da verificare: artista differente,No,No
1963,1960,Anni 1960,Uno per tutte,Tony Renis - Emilio Pericoli,"Mogol, A. Testa e T. Renis",1º,1,1º posto,Vincitore,7-9 febbraio,Casinò di Sanremo,Mike Bongiorno,21,Tony Renis,,,,,Dati non disponibili,,,60,Sì,Non valutabile,Non valutabile,Senza dati Spotify,No,No
1963,1960,Anni 1960,Amor mon amour my love,Claudio Villa - Eugenia Foligatti,"W. Malgoni, Pinchi e B. Pallesi",2º,2,2º-3º posto,Podio,7-9 febbraio,Casinò di Sanremo,Mike Bongiorno,21,Tony Renis,Cecilia,2006.0,"2,32",27.0,Medio-bassa (21-40),https://i.scdn.co/image/ab67616d0000b273759a38c2f4a335f094640b97,43,60,Sì,Non valutabile,Non valutabile,Da verificare: artista differente,No,No
1963,1960,Anni 1960,Giovane giovane,Pino Donaggio - Cocky Mazzetti,P. Donaggio e A. Testa,3º,3,2º-3º posto,Podio,7-9 febbraio,Casinò di Sanremo,Mike Bongiorno,21,Tony Renis,Laïoung,2017.0,"4,60",45.0,Media (41-60),https://i.scdn.co/image/ab67616d0000b273e67eae41f9600a1eb82d8317,54,60,Sì,Non valutabile,Non valutabile,Da verificare: artista differente,No,No
1963,1960,Anni 1960,Non costa niente,Wilma De Angelis - Johnny Dorelli,"G. Calabrese, D. Calcagno e E. Sciorilli",4º,4,4º-10º posto,Altra posizione,7-9 febbraio,Casinò di Sanremo,Mike Bongiorno,21,Tony Renis,Cor Veleno,2018.0,"4,75",19.0,Bassa (0-20),https://i.scdn.co/image/ab67616d0000b2736dffebac82958de45bd172d2,55,60,Sì,Non valutabile,Non valutabile,Da verificare: artista differente,No,No
1963,1960,Anni 1960,Ricorda,Milva - Luciano Tajoli,C. Donida e Mogol,5º,5,4º-10º posto,Altra posizione,7-9 febbraio,Casinò di Sanremo,Mike Bongiorno,21,Tony Renis,Antonello Venditti,2012.0,"5,25",46.0,Media (41-60),https://i.scdn.co/image/ab67616d0000b273f34b471361a066c7ed2f3e02,49,60,Sì,Non valutabile,Non valutabile,Da verificare: artista differente,No,No
1963,1960,Anni 1960,Perdonarsi in due,Tonina Torrielli - Eugenia Foligatti,G. D'Anzi e Pinchi,6º,6,4º-10º posto,Altra posizione,7-9 febbraio,Casinò di Sanremo,Mike Bongiorno,21,Tony Renis,Tonina Torrielli,2014.0,"3,60",1.0,Bassa (0-20),https://i.scdn.co/image/ab67616d0000b273b0cbc749fc9a6860c2cdcff7,51,60,Sì,Sì,No,Affidabile,Sì,Sì
1963,1960,Anni 1960,Occhi neri e cielo blu,Aurelio Fierro - Claudio Villa,M. Panzeri e D. Pace,7º,7,4º-10º posto,Altra posizione,7-9 febbraio,Casinò di Sanremo,Mike Bongiorno,21,Tony Renis,Dana Valery,1963.0,"2,39",0.0,Bassa (0-20),https://i.scdn.co/image/ab67616d0000b2731430cb5161d5737e529acde1,0,60,Sì,Non valutabile,Non valutabile,Da verificare: artista differente,No,No
1963,1960,Anni 1960,Sull'acqua,Emilio Pericoli - Sergio Bruni,M. Pagano e F. Maresca,8º,8,4º-10º posto,Altra posizione,7-9 febbraio,Casinò di Sanremo,Mike Bongiorno,21,Tony Renis,Sergio Bruni,2022.0,"4,12",0.0,Bassa (0-20),https://i.scdn.co/image/ab67616d0000b27387c7b948cd47c5b7d0b3c563,59,60,Sì,Sì,Sì,Affidabile,Sì,Sì
1963,1960,Anni 1960,Tu venisti dal mare,Aura D'Angelo - Arturo Testa,F. Rendine e A. Pugliese,9º,9,4º-10º posto,Altra posizione,7-9 febbraio,Casinò di Sanremo,Mike Bongiorno,21,Tony Renis,Arturo Testa,2014.0,"3,58",0.0,Bassa (0-20),https://i.scdn.co/image/ab67616d0000b273f3d1934eef1db9103285a5fa,51,60,Sì,Sì,No,Affidabile,Sì,Sì
1963,1960,Anni 1960,Non sapevo,Milva - Gianni Lacommare,P. Calvi e B. Pallesi,10º,10,4º-10º posto,Altra posizione,7-9 febbraio,Casinò di Sanremo,Mike Bongiorno,21,Tony Renis,Gianni Lacommare,2013.0,"3,87",0.0,Bassa (0-20),https://i.scdn.co/image/ab67616d0000b2730c548afd4e178f74e2140cfd,50,60,Sì,Sì,No,Affidabile,Sì,Sì
1963,1960,Anni 1960,Com'è piccolo il cielo,Gianni Lacommare - Tonina Torrielli,Signori e Garavaglia,NF,,Senza posizione numerica,Non finalista,7-9 febbraio,Casinò di Sanremo,Mike Bongiorno,21,Tony Renis,Mia Martini,2015.0,"9,71",0.0,Bassa (0-20),https://i.scdn.co/image/ab67616d0000b273cea1bd39348f3e65fbca0310,52,60,Sì,Non valutabile,Non valutabile,Da verificare: artista differente,No,No
1963,1960,Anni 1960,Fermate il mondo,Joe Sentieri - Johnny Dorelli,B. Canfora e D. Verde,NF,,Senza posizione numerica,Non finalista,7-9 febbraio,Casinò di Sanremo,Mike Bongiorno,21,Tony Renis,Johnny Dorelli,1951.0,"3,63",4.0,Bassa (0-20),https://i.scdn.co/image/ab67616d0000b2738a3f51c60002b917113e7536,-12,60,Sì,Non valutabile,Non valutabile,Da escludere: rilascio precedente,No,No
1963,1960,Anni 1960,La ballata del pedone,Ennio Sangiusto - Quartetto Radar,Pierantoni,NF,,Senza posizione numerica,Non finalista,7-9 febbraio,Casinò di Sanremo,Mike Bongiorno,21,Tony Renis,Giorgio Gaber,2013.0,"2,96",1.0,Bassa (0-20),https://i.scdn.co/image/ab67616d0000b273c9f617f568539575efed35d4,50,60,Sì,Non valutabile,Non valutabile,Da verificare: artista differente,No,No
1963,1960,Anni 1960,Le voci,Ennio Sangiusto - Luciano Tajoli,G. Fallabrino e Medici,NF,,Senza posizione numerica,Non finalista,7-9 febbraio,Casinò di Sanremo,Mike Bongiorno,21,Tony Renis,Cosmo,2016.0,"5,84",38.0,Medio-bassa (21-40),https://i.scdn.co/image/ab67616d0000b273f9d0136096ed12aafdd7196b,53,60,Sì,Non valutabile,Non valutabile,Da verificare: artista differente,No,No
1963,1960,Anni 1960,Oggi non ho tempo,Mario Abbate - Quartetto Radar,C. Lojacono e N. Salerno,NF,,Senza posizione numerica,Non finalista,7-9 febbraio,Casinò di Sanremo,Mike Bongiorno,21,Tony Renis,Lago,2023.0,"2,23",3.0,Bassa (0-20),https://i.scdn.co/image/ab67616d0000b273cb821ca2a21684f2429a0dc4,60,60,Sì,Non valutabile,Non valutabile,Da verificare: artista differente,No,No
1963,1960,Anni 1960,Perché perché,Tony Renis - Cocky Mazzetti,G. Cichellero,NF,,Senza posizione numerica,Non finalista,7-9 febbraio,Casinò di Sanremo,Mike Bongiorno,21,Tony Renis,Tony Renis,1958.0,"2,69",33.0,Medio-bassa (21-40),https://i.scdn.co/image/ab67616d0000b273b6d9b0170df249c861f29578,-5,60,Sì,Non valutabile,Non valutabile,Da escludere: rilascio precedente,No,No
1963,1960,Anni 1960,Quando ci si vuol bene... (Come noi),Arturo Testa - Joe Sentieri,"E. Isola, B. Zambrini e G. Calabrese",NF,,Senza posizione numerica,Non finalista,7-9 febbraio,Casinò di Sanremo,Mike Bongiorno,21,Tony Renis,Joe Sentieri,1963.0,"2,67",0.0,Bassa (0-20),https://i.scdn.co/image/ab67616d0000b27394210e380c1f0eb2d2a0a4b1,0,60,Sì,No,No,Affidabile,Sì,Sì
1963,1960,Anni 1960,Se passerai di qui,Wilma De Angelis - Flo Sandon's,G. C. Testoni e A. Camis,NF,,Senza posizione numerica,Non finalista,7-9 febbraio,Casinò di Sanremo,Mike Bongiorno,21,Tony Renis,Raf,2006.0,"3,76",5.0,Bassa (0-20),https://i.scdn.co/image/ab67616d0000b2736198a58663675eecad36b99f,43,60,Sì,Non valutabile,Non valutabile,Da verificare: artista differente,No,No
1963,1960,Anni 1960,Un cappotto rivoltato,Aurelio Fierro - Sergio Bruni,O. Leuzzi e F. Specchia,NF,,Senza posizione numerica,Non finalista,7-9 febbraio,Casinò di Sanremo,Mike Bongiorno,21,Tony Renis,Sergio Bruni,2022.0,"2,62",1.0,Bassa (0-20),https://i.scdn.co/image/ab67616d0000b27387c7b948cd47c5b7d0b3c563,59,60,Sì,Sì,Sì,Affidabile,Sì,Sì
1963,1960,Anni 1960,Vorrei fermare il tempo,Mario Abbate - Flo Sandon's,G. Redi e Franchini,NF,,Senza posizione numerica,Non finalista,7-9 febbraio,Casinò di Sanremo,Mike Bongiorno,21,Tony Renis,Valentino Bonaccorso,2016.0,"3,97",1.0,Bassa (0-20),https://i.scdn.co/image/ab67616d0000b273f7d89bc9f6f846628fd407ee,53,60,Sì,Non valutabile,Non valutabile,Da verificare: artista differente,No,No
1964,1960,Anni 1960,Non ho l'età (Per amarti),Gigliola Cinquetti - Patricia Carli,"M. Panzeri, Nisa, G. Colonnello",1º,1,1º posto,Vincitore,30 gennaio - 1º febbraio 1964,Casinò di Sanremo,Mike Bongiorno,40,Gigliola Cinquetti,,,,,Dati non disponibili,,,59,Sì,Non valutabile,Non valutabile,Senza dati Spotify,No,No
1964,1960,Anni 1960,Che me ne importa a me,Domenico Modugno - Frankie Laine,D. Modugno,2º (pari merito),2,2º-3º posto,Podio,30 gennaio - 1º febbraio 1964,Casinò di Sanremo,Mike Bongiorno,40,Gigliola Cinquetti,Topo Gigio,1996.0,"3,40",7.0,Bassa (0-20),https://i.scdn.co/image/ab67616d0000b2733e00ea38926e111cc699273c,32,59,Sì,Non valutabile,Non valutabile,Da verificare: artista differente,No,No
1964,1960,Anni 1960,Come potrei dimenticarti,Tony Dallara - Ben E. King,V. Pallavicini e E. Leoni,2º (pari merito),2,2º-3º posto,Podio,30 gennaio - 1º febbraio 1964,Casinò di Sanremo,Mike Bongiorno,40,Gigliola Cinquetti,Tony Dallara,2016.0,"2,35",1.0,Bassa (0-20),https://i.scdn.co/image/ab67616d0000b273175fd0a6304779d5493b4609,52,59,Sì,Sì,Sì,Affidabile,Sì,Sì
1964,1960,Anni 1960,Ieri ho incontrato mia madre,Gino Paoli - Antonio Prieto,G. Paoli,2º (pari merito),2,2º-3º posto,Podio,30 gennaio - 1º febbraio 1964,Casinò di Sanremo,Mike Bongiorno,40,Gigliola Cinquetti,Gino Paoli,1964.0,"2,97",14.0,Bassa (0-20),https://i.scdn.co/image/ab67616d0000b27308c5860fad1d317338537d35,0,59,Sì,No,No,Affidabile,Sì,Sì
1964,1960,Anni 1960,La prima che incontro,Fabrizio Ferretti - Gil Fields e The Fraternity Brothers,V. Pallavicini e G. Kramer,2º (pari merito),2,2º-3º posto,Podio,30 gennaio - 1º febbraio 1964,Casinò di Sanremo,Mike Bongiorno,40,Gigliola Cinquetti,Fabrizio Ferretti,2011.0,"2,70",2.0,Bassa (0-20),https://i.scdn.co/image/ab67616d0000b273c96f408adc5b7ad378a5d80a,47,59,Sì,Sì,No,Affidabile,Sì,Sì
1964,1960,Anni 1960,Motivo d'amore,Pino Donaggio - Frankie Avalon,P. Donaggio,2º (pari merito),2,2º-3º posto,Podio,30 gennaio - 1º febbraio 1964,Casinò di Sanremo,Mike Bongiorno,40,Gigliola Cinquetti,Jovanotti,2002.0,"4,27",31.0,Medio-bassa (21-40),https://i.scdn.co/image/ab67616d0000b273dd078f0ea44d49de0e6d3230,38,59,Sì,Non valutabile,Non valutabile,Da verificare: artista differente,No,No
1964,1960,Anni 1960,Ogni Volta,Roby Ferrante - Paul Anka,C. Rossi e R. Ferrante,2º (pari merito),2,2º-3º posto,Podio,30 gennaio - 1º febbraio 1964,Casinò di Sanremo,Mike Bongiorno,40,Gigliola Cinquetti,Paul Anka,2000.0,"2,43",32.0,Medio-bassa (21-40),https://i.scdn.co/image/ab67616d0000b273cd26dca6298a8287366cef55,36,59,Sì,Sì,No,Affidabile,Sì,Sì
1964,1960,Anni 1960,Quando vedrai la mia ragazza,Little Tony - Gene Pitney,C. Rossi e E. Ciacci,2º (pari merito),2,2º-3º posto,Podio,30 gennaio - 1º febbraio 1964,Casinò di Sanremo,Mike Bongiorno,40,Gigliola Cinquetti,Little Tony,1994.0,"2,74",27.0,Medio-bassa (21-40),https://i.scdn.co/image/ab67616d0000b27347db1c53b93f554e94341814,30,59,Sì,Sì,No,Affidabile,Sì,Sì
1964,1960,Anni 1960,Sabato sera,Bruno Filippini - Gil Fields e The Fraternity Brothers,B. Pallesi e W. Malgoni,2º (pari merito),2,2º-3º posto,Podio,30 gennaio - 1º febbraio 1964,Casinò di Sanremo,Mike Bongiorno,40,Gigliola Cinquetti,DJ Matrix,2018.0,"2,58",36.0,Medio-bassa (21-40),https://i.scdn.co/image/ab67616d0000b27378f4c813ac4ce639cc1dc06d,54,59,Sì,Non valutabile,Non valutabile,Da verificare: artista differente,No,No
1964,1960,Anni 1960,Stasera no no no,Remo Germani - Nino Tempo e April Stevens,V. Pallavicini e E. Roncarati,2º (pari merito),2,2º-3º posto,Podio,30 gennaio - 1º febbraio 1964,Casinò di Sanremo,Mike Bongiorno,40,Gigliola Cinquetti,Alessio,2006.0,"3,79",53.0,Media (41-60),https://i.scdn.co/image/ab67616d0000b273efe90520f4e86f5083a06810,42,59,Sì,Non valutabile,Non valutabile,Da verificare: artista differente,No,No
1964,1960,Anni 1960,Un bacio piccolissimo,Robertino - Bobby Rydell,G. Ornati e G. Mescoli,2º (pari merito),2,2º-3º posto,Podio,30 gennaio - 1º febbraio 1964,Casinò di Sanremo,Mike Bongiorno,40,Gigliola Cinquetti,Andrea Farri,2024.0,"2,41",23.0,Medio-bassa (21-40),https://i.scdn.co/image/ab67616d0000b2732fd7c71d4820b87b2b17d910,60,59,Sì,Non valutabile,Non valutabile,Da verificare: artista differente,No,No
1964,1960,Anni 1960,Una lacrima sul viso,Bobby Solo - Frankie Laine,Mogol e B. Solo,2º (pari merito),2,2º-3º posto,Podio,30 gennaio - 1º febbraio 1964,Casinò di Sanremo,Mike Bongiorno,40,Gigliola Cinquetti,Bobby Solo,1999.0,"3,46",46.0,Media (41-60),https://i.scdn.co/image/ab67616d0000b2731604d99c22205d994e08128d,35,59,Sì,Sì,No,Affidabile,Sì,Sì
1964,1960,Anni 1960,Così felice,Giorgio Gaber - Patricia Carli,G. Gaber,NF,,Senza posizione numerica,Non finalista,30 gennaio - 1º febbraio 1964,Casinò di Sanremo,Mike Bongiorno,40,Gigliola Cinquetti,Federica Carta,2017.0,"3,36",27.0,Medio-bassa (21-40),https://i.scdn.co/image/ab67616d0000b2738df8b0c5d882396da6be86bb,53,59,Sì,Non valutabile,Non valutabile,Da verificare: artista differente,No,No
1964,1960,Anni 1960,E se domani,Fausto Cigliano - Gene Pitney,G. Calabrese e C. A. Rossi,NF,,Senza posizione numerica,Non finalista,30 gennaio - 1º febbraio 1964,Casinò di Sanremo,Mike Bongiorno,40,Gigliola Cinquetti,Mina,2009.0,"3,10",50.0,Media (41-60),https://i.scdn.co/image/ab67616d0000b27385f40de8a42500069c79d4c7,45,59,Sì,Non valutabile,Non valutabile,Da verificare: artista differente,No,No
1964,1960,Anni 1960,I sorrisi di sera,Tony Renis - Frankie Avalon,"Mogol, A. Testa e T. Renis",NF,,Senza posizione numerica,Non finalista,30 gennaio - 1º febbraio 1964,Casinò di Sanremo,Mike Bongiorno,40,Gigliola Cinquetti,Tony Renis,2004.0,"2,86",21.0,Medio-bassa (21-40),https://i.scdn.co/image/ab67616d0000b273a9c3de2c52fc2c5cb5f29b25,40,59,Sì,Sì,No,Affidabile,Sì,Sì
1964,1960,Anni 1960,L'inverno cosa fai?,Piero Focaccia - Bobby Rydell,N. Salerno e G. Colonnello,NF,,Senza posizione numerica,Non finalista,30 gennaio - 1º febbraio 1964,Casinò di Sanremo,Mike Bongiorno,40,Gigliola Cinquetti,Piero Focaccia,2011.0,"2,83",1.0,Bassa (0-20),https://i.scdn.co/image/ab67616d0000b273c96f408adc5b7ad378a5d80a,47,59,Sì,Sì,No,Affidabile,Sì,Sì
1964,1960,Anni 1960,L'ultimo tram,Milva - Frida Boccara,G. Calabrese e E. Sciorilli,NF,,Senza posizione numerica,Non finalista,30 gennaio - 1º febbraio 1964,Casinò di Sanremo,Mike Bongiorno,40,Gigliola Cinquetti,Donatello,2002.0,"3,18",1.0,Bassa (0-20),https://i.scdn.co/image/ab67616d0000b273a476144f6be2bb5d1c2ba3a1,38,59,Sì,Non valutabile,Non valutabile,Da verificare: artista differente,No,No
1964,1960,Anni 1960,Mezzanotte,Cocky Mazzetti - Los Hermanos Rigual,C. Rossi e A. Rotunno,NF,,Senza posizione numerica,Non finalista,30 gennaio - 1º febbraio 1964,Casinò di Sanremo,Mike Bongiorno,40,Gigliola Cinquetti,Skinny,2021.0,"3,47",35.0,Medio-bassa (21-40),https://i.scdn.co/image/ab67616d0000b27302befd62c1731ef1b99bedc0,57,59,Sì,Non valutabile,Non valutabile,Da verificare: artista differente,No,No
1964,1960,Anni 1960,Passo su passo,Claudio Villa - Peggy March,F. Migliacci e U. Bindi,NF,,Senza posizione numerica,Non finalista,30 gennaio - 1º febbraio 1964,Casinò di Sanremo,Mike Bongiorno,40,Gigliola Cinquetti,Laura Pausini,2023.0,"2,98",47.0,Media (41-60),https://i.scdn.co/image/ab67616d0000b2737ede26bdfd1b32d60d9b26b8,59,59,Sì,Non valutabile,Non valutabile,Da verificare: artista differente,No,No
1964,1960,Anni 1960,Piccolo piccolo,Emilio Pericoli - Peter Kraus,A. Amurri e L. Luttazzi,NF,,Senza posizione numerica,Non finalista,30 gennaio - 1º febbraio 1964,Casinò di Sanremo,Mike Bongiorno,40,Gigliola Cinquetti,Robertino,2016.0,"2,56",38.0,Medio-bassa (21-40),https://i.scdn.co/image/ab67616d0000b27346ff58431d73d8c4fc51d3f2,52,59,Sì,Non valutabile,Non valutabile,Da verificare: artista differente,No,No
1964,1960,Anni 1960,Sole pizza e amore,Aurelio Fierro - Marina Moran,T. Giacobetti e A. V. Savona,NF,,Senza posizione numerica,Non finalista,30 gennaio - 1º febbraio 1964,Casinò di Sanremo,Mike Bongiorno,40,Gigliola Cinquetti,Sacher Quartet,2008.0,"3,36",3.0,Bassa (0-20),https://i.scdn.co/image/ab67616d0000b273f281953ab61943eda974076b,44,59,Sì,Non valutabile,Non valutabile,Da verificare: artista differente,No,No
1964,1960,Anni 1960,Sole sole,Laura Villa - Los Hermanos Rigual,L. Zanin e A. Casadei,NF,,Senza posizione numerica,Non finalista,30 gennaio - 1º febbraio 1964,Casinò di Sanremo,Mike Bongiorno,40,Gigliola Cinquetti,Eugenio Bennato,2011.0,"2,44",10.0,Bassa (0-20),https://i.scdn.co/image/ab67616d0000b2737b4b5e1f97f81e1a2d377297,47,59,Sì,Non valutabile,Non valutabile,Da verificare: artista differente,No,No
1964,1960,Anni 1960,Tu piangi per niente,Lilly Bonato - Richard Moser jr.,V. Pallavicini e P. Soffici,NF,,Senza posizione numerica,Non finalista,30 gennaio - 1º febbraio 1964,Casinò di Sanremo,Mike Bongiorno,40,Gigliola Cinquetti,Wilma Goich,2014.0,"2,58",1.0,Bassa (0-20),https://i.scdn.co/image/ab67616d0000b2732053a493da9bd030f18a8068,50,59,Sì,Non valutabile,Non valutabile,Da verificare: artista differente,No,No
1964,1960,Anni 1960,Venti chilometri al giorno,Nicola Arigliano - Peter Kraus,Mogol e P. Massara,NF,,Senza posizione numerica,Non finalista,30 gennaio - 1º febbraio 1964,Casinò di Sanremo,Mike Bongiorno,40,Gigliola Cinquetti,Naftalinas,2020.0,"3,80",2.0,Bassa (0-20),https://i.scdn.co/image/ab67616d0000b2732a401d9688f1c1b3d3810d42,56,59,Sì,Non valutabile,Non valutabile,Da verificare: artista differente,No,No
1965,1960,Anni 1960,"Se piangi, se ridi",Bobby Solo - The New Christy Minstrels,"Mogol, G. Marchetti, R. Satti",1º,1,1º posto,Vincitore,28-30 gennaio,Casinò di Sanremo,Mike Bongiorno,43,Bobby Solo,,,,,Dati non disponibili,,,58,Sì,Non valutabile,Non valutabile,Senza dati Spotify,No,No
1965,1960,Anni 1960,Abbracciami forte,Ornella Vanoni - Udo Jürgens,Mogol e C. Donida,2º (pari merito),2,2º-3º posto,Podio,28-30 gennaio,Casinò di Sanremo,Mike Bongiorno,43,Bobby Solo,Enrique Guzman,1991.0,"2,71",25.0,Medio-bassa (21-40),https://i.scdn.co/image/ab67616d0000b273a18523f50067d4390dd86b97,26,58,Sì,Non valutabile,Non valutabile,Da verificare: artista differente,No,No
1965,1960,Anni 1960,Amici miei,Nicola Di Bari - Gene Pitney,V. Pallavicini e G. Colonnello,2º (pari merito),2,2º-3º posto,Podio,28-30 gennaio,Casinò di Sanremo,Mike Bongiorno,43,Bobby Solo,I Girasoli,2015.0,"3,65",26.0,Medio-bassa (21-40),https://i.scdn.co/image/ab67616d0000b273e6df7e0a9269b0b9f9b93767,50,58,Sì,Non valutabile,Non valutabile,Da verificare: artista differente,No,No
1965,1960,Anni 1960,Aspetta domani,Fred Bongusto - Kiki Dee,V. Pallavicini e F. Bongusto,2º (pari merito),2,2º-3º posto,Podio,28-30 gennaio,Casinò di Sanremo,Mike Bongiorno,43,Bobby Solo,Fred Bongusto,2010.0,"2,47",13.0,Bassa (0-20),https://i.scdn.co/image/ab67616d0000b273b6c711d392955a00e2025b37,45,58,Sì,Sì,No,Affidabile,Sì,Sì
1965,1960,Anni 1960,Ho bisogno di vederti,Gigliola Cinquetti - Connie Francis,P. Ciampi e R. Ciampi,2º (pari merito),2,2º-3º posto,Podio,28-30 gennaio,Casinò di Sanremo,Mike Bongiorno,43,Bobby Solo,Gigliola Cinquetti,2010.0,"2,96",18.0,Bassa (0-20),https://i.scdn.co/image/ab67616d0000b27351037a6ccfd26dfe89bc170b,45,58,Sì,Sì,No,Affidabile,Sì,Sì
1965,1960,Anni 1960,Invece no,Betty Curtis - Petula Clark,V. Pallavicini e E. Leoni,2º (pari merito),2,2º-3º posto,Podio,28-30 gennaio,Casinò di Sanremo,Mike Bongiorno,43,Bobby Solo,Laura Pausini,2008.0,"3,93",49.0,Media (41-60),https://i.scdn.co/image/ab67616d0000b273e6b07b0712c8459ae5dd7a0a,43,58,Sì,Non valutabile,Non valutabile,Da verificare: artista differente,No,No
1965,1960,Anni 1960,Io che non vivo (senza te),Pino Donaggio - Jody Miller,V. Pallavicini e P. Donaggio,2º (pari merito),2,2º-3º posto,Podio,28-30 gennaio,Casinò di Sanremo,Mike Bongiorno,43,Bobby Solo,Il Volo,2015.0,"2,79",52.0,Media (41-60),https://i.scdn.co/image/ab67616d0000b27379f266bddc7cc3853e172dde,50,58,Sì,Non valutabile,Non valutabile,Da verificare: artista differente,No,No
1965,1960,Anni 1960,L'amore ha i tuoi occhi,Bruno Filippini - Yukari Ito,V. Pallavicini e G. Kramer,2º (pari merito),2,2º-3º posto,Podio,28-30 gennaio,Casinò di Sanremo,Mike Bongiorno,43,Bobby Solo,I Giganti,1969.0,"2,43",6.0,Bassa (0-20),https://i.scdn.co/image/ab67616d0000b2736dc5a063e5797354526c97f1,4,58,Sì,Non valutabile,Non valutabile,Da verificare: artista differente,No,No
1965,1960,Anni 1960,Le colline sono in fiore,Wilma Goich - The New Christy Minstrels,"Mogol, Calibi, C. Donida e R. Angiolini",2º (pari merito),2,2º-3º posto,Podio,28-30 gennaio,Casinò di Sanremo,Mike Bongiorno,43,Bobby Solo,Wilma Goich,2009.0,"3,92",36.0,Medio-bassa (21-40),https://i.scdn.co/image/ab67616d0000b273d7510e9ebef8f6ce2fd2c4a1,44,58,Sì,Sì,No,Affidabile,Sì,Sì
1965,1960,Anni 1960,Prima o poi,Remo Germani e Le Amiche - Audrey,"V. Pallavicini, A. Amurri e G. Ferrari",2º (pari merito),2,2º-3º posto,Podio,28-30 gennaio,Casinò di Sanremo,Mike Bongiorno,43,Bobby Solo,GrenBaud,2019.0,"3,51",34.0,Medio-bassa (21-40),https://i.scdn.co/image/ab67616d0000b2731826cf4815b9d2f684c0d372,54,58,Sì,Non valutabile,Non valutabile,Da verificare: artista differente,No,No
1965,1960,Anni 1960,Si vedrà,Vittorio Inzaina - Les Surfs,A. Gentile e C. Lentini,2º (pari merito),2,2º-3º posto,Podio,28-30 gennaio,Casinò di Sanremo,Mike Bongiorno,43,Bobby Solo,Ornella Vanoni,1989.0,"2,60",1.0,Bassa (0-20),https://i.scdn.co/image/ab67616d0000b273cb01f212471b0cc108feaef5,24,58,Sì,Non valutabile,Non valutabile,Da verificare: artista differente,No,No
1965,1960,Anni 1960,Vieni con noi,Milva - Bernd Spier,F. Maresca e M. Pagano,2º (pari merito),2,2º-3º posto,Podio,28-30 gennaio,Casinò di Sanremo,Mike Bongiorno,43,Bobby Solo,Alien Cut,2021.0,"2,99",27.0,Medio-bassa (21-40),https://i.scdn.co/image/ab67616d0000b273527a523c5afd2e5b827835ea,56,58,Sì,Non valutabile,Non valutabile,Da verificare: artista differente,No,No
1965,1960,Anni 1960,Cominciamo ad amarci,John Foster - Joe Damiano,V. Pallavicini e G. Mescoli,NF,,Senza posizione numerica,Non finalista,28-30 gennaio,Casinò di Sanremo,Mike Bongiorno,43,Bobby Solo,John Foster,1965.0,"2,23",35.0,Medio-bassa (21-40),https://i.scdn.co/image/ab67616d0000b273a9e305a3e26da7607ef58a00,0,58,Sì,No,No,Affidabile,Sì,Sì
1965,1960,Anni 1960,Devi essere tu,Ricky Gianco - Jody Miller,V. D'Acquisto e R. Gianco,NF,,Senza posizione numerica,Non finalista,28-30 gennaio,Casinò di Sanremo,Mike Bongiorno,43,Bobby Solo,Paola & Chiara,2013.0,"3,86",8.0,Bassa (0-20),https://i.scdn.co/image/ab67616d0000b27346b4092ab17ced1d01ed4159,48,58,Sì,Non valutabile,Non valutabile,Da verificare: artista differente,No,No
1965,1960,Anni 1960,Di fronte all'amore,Gianni Mascolo - Dusty Springfield,S. Simoni e U. Bindi,NF,,Senza posizione numerica,Non finalista,28-30 gennaio,Casinò di Sanremo,Mike Bongiorno,43,Bobby Solo,Gaetano Donizetti,1971.0,"1,65",19.0,Bassa (0-20),https://i.scdn.co/image/ab67616d0000b273c229c5e4830fd354c379f617,6,58,Sì,Non valutabile,Non valutabile,Da verificare: artista differente,No,No
1965,1960,Anni 1960,E poi verrà l'autunno,Don Miko - Timi Yuro,"A. Amurri, F. Pisano e A. Bascerano",NF,,Senza posizione numerica,Non finalista,28-30 gennaio,Casinò di Sanremo,Mike Bongiorno,43,Bobby Solo,Orietta Berti,2015.0,"3,33",0.0,Bassa (0-20),https://i.scdn.co/image/ab67616d0000b2730509194740ae26730ce4aaf6,50,58,Sì,Non valutabile,Non valutabile,Da verificare: artista differente,No,No
1965,1960,Anni 1960,I tuoi anni più belli,Iva Zanicchi - Gene Pitney,"Mogol, M. Gaspari e E. Polito",NF,,Senza posizione numerica,Non finalista,28-30 gennaio,Casinò di Sanremo,Mike Bongiorno,43,Bobby Solo,Iva Zanicchi,2010.0,"3,07",4.0,Bassa (0-20),https://i.scdn.co/image/ab67616d0000b273b73c2501cb7bc1c836a7d959,45,58,Sì,Sì,No,Affidabile,Sì,Sì
1965,1960,Anni 1960,Il tuo amore,Bruno Lauzi - Kenny Rankin,B. Lauzi,NF,,Senza posizione numerica,Non finalista,28-30 gennaio,Casinò di Sanremo,Mike Bongiorno,43,Bobby Solo,Cris Pop New,2023.0,"1,17",29.0,Medio-bassa (21-40),https://i.scdn.co/image/ab67616d0000b2739c6d7cd33866016b928f814b,58,58,Sì,Non valutabile,Non valutabile,Da verificare: artista differente,No,No
1965,1960,Anni 1960,Io non volevo,Giordano Colombo - Hoagy Lands,R. Leva e G. P. Reverberi,NF,,Senza posizione numerica,Non finalista,28-30 gennaio,Casinò di Sanremo,Mike Bongiorno,43,Bobby Solo,MINACELENTANO,1998.0,"4,14",40.0,Medio-bassa (21-40),https://i.scdn.co/image/ab67616d0000b2731b0abc6b4d36c4ee41922fdf,33,58,Sì,Non valutabile,Non valutabile,Da verificare: artista differente,No,No
1965,1960,Anni 1960,L'amore è partito,Beppe Cardile - Anita Harris,B. Cardile,NF,,Senza posizione numerica,Non finalista,28-30 gennaio,Casinò di Sanremo,Mike Bongiorno,43,Bobby Solo,Beppe Cardile,2015.0,"2,93",1.0,Bassa (0-20),https://i.scdn.co/image/ab67616d0000b2733ff52c7ee0ab18d5c0c03b53,50,58,Sì,Sì,Sì,Affidabile,Sì,Sì
1965,1960,Anni 1960,Mia cara,Robertino - Danyel Gérard,Mogol e P. Massara,NF,,Senza posizione numerica,Non finalista,28-30 gennaio,Casinò di Sanremo,Mike Bongiorno,43,Bobby Solo,Bobby Solo,2012.0,"2,63",19.0,Bassa (0-20),https://i.scdn.co/image/ab67616d0000b27301d4a8a00207530542706eb4,47,58,Sì,Non valutabile,Non valutabile,Da verificare: artista differente,No,No
1965,1960,Anni 1960,Non a caso il destino (Ci ha fatto incontrare),Franco Tozzi - Johnny Tillotson,Antartide e C. A. Rossi,NF,,Senza posizione numerica,Non finalista,28-30 gennaio,Casinò di Sanremo,Mike Bongiorno,43,Bobby Solo,Franco Tozzi,2019.0,"2,77",1.0,Bassa (0-20),https://i.scdn.co/image/ab67616d0000b273ca7a3214265e34afbd1c41d7,54,58,Sì,Sì,Sì,Affidabile,Sì,Sì
1965,1960,Anni 1960,Ti credo,Peppino Gagliardi - Timi Yuro,G. Amendola e P. Gagliardi,NF,,Senza posizione numerica,Non finalista,28-30 gennaio,Casinò di Sanremo,Mike Bongiorno,43,Bobby Solo,Rilassante musica profonda,2023.0,"4,06",3.0,Bassa (0-20),https://i.scdn.co/image/ab67616d0000b273e29130cd07aab882fb5adf77,58,58,Sì,Non valutabile,Non valutabile,Da verificare: artista differente,No,No
1965,1960,Anni 1960,Tu che ne sai?,Fabrizio Ferretti - Dusty Springfield,A. Amurri e F. Pisano,NF,,Senza posizione numerica,Non finalista,28-30 gennaio,Casinò di Sanremo,Mike Bongiorno,43,Bobby Solo,Gigi D'Alessio,2017.0,"4,60",44.0,Media (41-60),https://i.scdn.co/image/ab67616d0000b273e586c961df304e8ef7582c8f,52,58,Sì,Non valutabile,Non valutabile,Da verificare: artista differente,No,No
1966,1960,Anni 1960,"Dio, come ti amo",Domenico Modugno - Gigliola Cinquetti,D. Modugno,1º,1,1º posto,Vincitore,27-29 gennaio,Casinò di Sanremo,Mike Bongiorno,47,Domenico Modugno,,,,,Dati non disponibili,,,57,Sì,Non valutabile,Non valutabile,Senza dati Spotify,No,No
1966,1960,Anni 1960,Nessuno mi può giudicare,Caterina Caselli - Gene Pitney,"D. Pace, M. Panzeri, L. Beretta e M. Del Prete",2º,2,2º-3º posto,Podio,27-29 gennaio,Casinò di Sanremo,Mike Bongiorno,47,Domenico Modugno,Caterina Caselli,1966.0,"2,69",58.0,Media (41-60),https://i.scdn.co/image/ab67616d0000b2735fc53afb81213d573fd85f2e,0,57,Sì,No,No,Affidabile,Sì,Sì
1966,1960,Anni 1960,In un fiore,Wilma Goich - Les Surfs,C. Donida e Mogol,3º,3,2º-3º posto,Podio,27-29 gennaio,Casinò di Sanremo,Mike Bongiorno,47,Domenico Modugno,Chiara Arduini,2024.0,"3,43",4.0,Bassa (0-20),https://i.scdn.co/image/ab67616d0000b27367206b32a55485068dc08061,58,57,Sì,Non valutabile,Non valutabile,Da verificare: artista differente,No,No
1966,1960,Anni 1960,Una casa in cima al mondo,Pino Donaggio - Claudio Villa,P. Donaggio e V. Pallavicini,4º,4,4º-10º posto,Altra posizione,27-29 gennaio,Casinò di Sanremo,Mike Bongiorno,47,Domenico Modugno,Mina,1966.0,"3,03",29.0,Medio-bassa (21-40),https://i.scdn.co/image/ab67616d0000b273ad3795dc48fb790c5e103036,0,57,Sì,Non valutabile,Non valutabile,Da verificare: artista differente,No,No
1966,1960,Anni 1960,Una rosa da Vienna,Anna Identici - The New Christy Minstrels,G. Guarnieri e B. Lauzi,5º,5,4º-10º posto,Altra posizione,27-29 gennaio,Casinò di Sanremo,Mike Bongiorno,47,Domenico Modugno,Anna Identici,1994.0,"3,02",0.0,Bassa (0-20),https://i.scdn.co/image/ab67616d0000b273d8bf693330860c8d4b84ea8c,28,57,Sì,Sì,No,Affidabile,Sì,Sì
1966,1960,Anni 1960,Io ti darò di più,Orietta Berti - Ornella Vanoni,M. Remigi e A. Testa,6º (ex aequo),6,4º-10º posto,Altra posizione,27-29 gennaio,Casinò di Sanremo,Mike Bongiorno,47,Domenico Modugno,Orietta Berti,2000.0,"2,63",38.0,Medio-bassa (21-40),https://i.scdn.co/image/ab67616d0000b273aa8db2f0fdbd765df27dc06a,34,57,Sì,Sì,No,Affidabile,Sì,Sì
1966,1960,Anni 1960,Mai mai mai Valentina,Giorgio Gaber - Pat Boone,G. Colonnello e A. Testa,6º (ex aequo),6,4º-10º posto,Altra posizione,27-29 gennaio,Casinò di Sanremo,Mike Bongiorno,47,Domenico Modugno,Giorgio Gaber,2010.0,"2,22",40.0,Medio-bassa (21-40),https://i.scdn.co/image/ab67616d0000b27319fde50c39fbbf0ebfc46cf7,44,57,Sì,Sì,No,Affidabile,Sì,Sì
1966,1960,Anni 1960,Parlami di te,Edoardo Vianello - Françoise Hardy,E. Vianello e V. Pallavicini,8º,8,4º-10º posto,Altra posizione,27-29 gennaio,Casinò di Sanremo,Mike Bongiorno,47,Domenico Modugno,L-DREAM,2023.0,"2,98",33.0,Medio-bassa (21-40),https://i.scdn.co/image/ab67616d0000b2731d430c51a713d95149dde7d6,57,57,Sì,Non valutabile,Non valutabile,Da verificare: artista differente,No,No
1966,1960,Anni 1960,Adesso sì,Sergio Endrigo - Chad & Jeremy,S. Endrigo,9º (ex aequo),9,4º-10º posto,Altra posizione,27-29 gennaio,Casinò di Sanremo,Mike Bongiorno,47,Domenico Modugno,Lucio Battisti,1971.0,"3,22",20.0,Bassa (0-20),https://i.scdn.co/image/ab67616d0000b273ffc9d2648c4a97496455b27e,5,57,Sì,Non valutabile,Non valutabile,Da verificare: artista differente,No,No
1966,1960,Anni 1960,Nessuno di voi,Milva - Richard Anthony,G. Kramer e V. Pallavicini,9º (ex aequo),9,4º-10º posto,Altra posizione,27-29 gennaio,Casinò di Sanremo,Mike Bongiorno,47,Domenico Modugno,WOW,2014.0,"3,38",4.0,Bassa (0-20),https://i.scdn.co/image/ab67616d0000b27341df4b7ca0638765860290d6,48,57,Sì,Non valutabile,Non valutabile,Da verificare: artista differente,No,No
1966,1960,Anni 1960,Se tu non fossi qui,Peppino Gagliardi - Pat Boone,C. A. Rossi e M. Terzi,9º (ex aequo),9,4º-10º posto,Altra posizione,27-29 gennaio,Casinò di Sanremo,Mike Bongiorno,47,Domenico Modugno,Mina,1966.0,"3,05",30.0,Medio-bassa (21-40),https://i.scdn.co/image/ab67616d0000b273ad3795dc48fb790c5e103036,0,57,Sì,Non valutabile,Non valutabile,Da verificare: artista differente,No,No
1966,1960,Anni 1960,Così come viene,Remo Germani - Les Surfs,E. Leoni e V. Pallavicini,12º,12,Oltre il 10º posto,Altra posizione,27-29 gennaio,Casinò di Sanremo,Mike Bongiorno,47,Domenico Modugno,Remo Germani,1966.0,"3,07",3.0,Bassa (0-20),https://i.scdn.co/image/ab67616d0000b273d75e0065885135e60a35fb09,0,57,Sì,No,No,Affidabile,Sì,Sì
1966,1960,Anni 1960,La notte dell'addio,Iva Zanicchi - Vic Dana,"A. Amadesi, G. Diverio, M. Remigi e A. Testa",13º,13,Oltre il 10º posto,Altra posizione,27-29 gennaio,Casinò di Sanremo,Mike Bongiorno,47,Domenico Modugno,Iva Zanicchi,1966.0,"3,93",29.0,Medio-bassa (21-40),https://i.scdn.co/image/ab67616d0000b273a890647c6849045ef64233c8,0,57,Sì,No,No,Affidabile,Sì,Sì
1966,1960,Anni 1960,A la buena de Dios,I Ribelli - The New Christy Minstrels,G. Malgoni e B. Pallesi,14º,14,Oltre il 10º posto,Altra posizione,27-29 gennaio,Casinò di Sanremo,Mike Bongiorno,47,Domenico Modugno,La 25,2018.0,"2,51",29.0,Medio-bassa (21-40),https://i.scdn.co/image/ab67616d0000b27337c2b887c5decf93fb9e08fa,52,57,Sì,Non valutabile,Non valutabile,Da verificare: artista differente,No,No
1966,1960,Anni 1960,Dipendesse da me,Luciana Turina - Gino,V. Pallavicini e I. Pattacini,NF,,Senza posizione numerica,Non finalista,27-29 gennaio,Casinò di Sanremo,Mike Bongiorno,47,Domenico Modugno,Al Rangone,2008.0,"4,59",7.0,Bassa (0-20),https://i.scdn.co/image/ab67616d0000b27386e290d4ac6860a3af88a975,42,57,Sì,Non valutabile,Non valutabile,Da verificare: artista differente,No,No
1966,1960,Anni 1960,Il ragazzo della via Gluck,Adriano Celentano - Trio del Clan,"L. Beretta, M. Del Prete e A. Celentano",NF,,Senza posizione numerica,Non finalista,27-29 gennaio,Casinò di Sanremo,Mike Bongiorno,47,Domenico Modugno,Adriano Celentano,1969.0,"4,25",46.0,Media (41-60),https://i.scdn.co/image/ab67616d0000b273c17de5eff0f411ee66f133dc,3,57,Sì,No,No,Affidabile,Sì,Sì
1966,1960,Anni 1960,Io non posso crederti,Franco Tozzi - Bobby Vinton,G. Marchetti e G. Sanjust,NF,,Senza posizione numerica,Non finalista,27-29 gennaio,Casinò di Sanremo,Mike Bongiorno,47,Domenico Modugno,,,,,Dati non disponibili,,,57,Sì,Non valutabile,Non valutabile,Senza dati Spotify,No,No
1966,1960,Anni 1960,Io ti amo,Anna Marchetti - Plinio Maggi,G. Fallabrino e P. Maggi,NF,,Senza posizione numerica,Non finalista,27-29 gennaio,Casinò di Sanremo,Mike Bongiorno,47,Domenico Modugno,Tony Colombo,2015.0,"2,84",29.0,Medio-bassa (21-40),https://i.scdn.co/image/ab67616d0000b27343cae6576904d60cdb21fc7e,49,57,Sì,Non valutabile,Non valutabile,Da verificare: artista differente,No,No
1966,1960,Anni 1960,La carta vincente,Gino Paoli - Ricardo,G. Paoli,NF,,Senza posizione numerica,Non finalista,27-29 gennaio,Casinò di Sanremo,Mike Bongiorno,47,Domenico Modugno,Memo Remigi,2015.0,"2,76",1.0,Bassa (0-20),https://i.scdn.co/image/ab67616d0000b273a3d650dfa747863de5d2b79e,49,57,Sì,Non valutabile,Non valutabile,Da verificare: artista differente,No,No
1966,1960,Anni 1960,Lei mi aspetta,Nicola Di Bari - Gene Pitney,V. Pallavicini e A. Baldan Bembo,NF,,Senza posizione numerica,Non finalista,27-29 gennaio,Casinò di Sanremo,Mike Bongiorno,47,Domenico Modugno,Giusy Attanasio,2018.0,"12,62",15.0,Bassa (0-20),https://i.scdn.co/image/ab67616d0000b273fb9b6f84c32baec5acc1fddd,52,57,Sì,Non valutabile,Non valutabile,Da verificare: artista differente,No,No
1966,1960,Anni 1960,Pafff... bum!,Lucio Dalla - The Yardbirds,S. Bardotti e G. F. Reverberi,NF,,Senza posizione numerica,Non finalista,27-29 gennaio,Casinò di Sanremo,Mike Bongiorno,47,Domenico Modugno,Lucio Dalla,1966.0,"2,36",27.0,Medio-bassa (21-40),https://i.scdn.co/image/ab67616d0000b273563f5a605dc1cabcd78dd527,0,57,Sì,No,No,Affidabile,Sì,Sì
1966,1960,Anni 1960,Per questo voglio te,Giuseppe Di Stefano - P. J. Proby,Mogol e M. Deponti,NF,,Senza posizione numerica,Non finalista,27-29 gennaio,Casinò di Sanremo,Mike Bongiorno,47,Domenico Modugno,Ornella Vanoni,1996.0,"2,75",0.0,Bassa (0-20),https://i.scdn.co/image/ab67616d0000b273a29805c03386a90802dcc2f4,30,57,Sì,Non valutabile,Non valutabile,Da verificare: artista differente,No,No
1966,1960,Anni 1960,Quando vado sulla riva,Luciano Tomei - Luis Alberto del Paranà e Los Paraguayos,F. Maresca e M. Pagano,NF,,Senza posizione numerica,Non finalista,27-29 gennaio,Casinò di Sanremo,Mike Bongiorno,47,Domenico Modugno,Pino Daniele,1991.0,"3,59",60.0,Media (41-60),https://i.scdn.co/image/ab67616d0000b273e0444c1c1089614c705ee82a,25,57,Sì,Non valutabile,Non valutabile,Da verificare: artista differente,No,No
1966,1960,Anni 1960,Questa volta,Bobby Solo - The Yardbirds,Mogol e R. Satti,NF,,Senza posizione numerica,Non finalista,27-29 gennaio,Casinò di Sanremo,Mike Bongiorno,47,Domenico Modugno,Ludovico Einaudi,2004.0,"4,54",44.0,Media (41-60),https://i.scdn.co/image/ab67616d0000b273c0c021c0ac135d923b3a0ddc,38,57,Sì,Non valutabile,Non valutabile,Da verificare: artista differente,No,No
1966,1960,Anni 1960,Se questo ballo non finisse mai,John Foster - Paola Bertoni,V. Pallavicini e G. Mescoli,NF,,Senza posizione numerica,Non finalista,27-29 gennaio,Casinò di Sanremo,Mike Bongiorno,47,Domenico Modugno,Paola Bertoni,1965.0,"2,68",0.0,Bassa (0-20),https://i.scdn.co/image/ab67616d0000b2734f082e2b2f7b6e0944c227cb,-1,57,Sì,No,No,Affidabile,Sì,Sì
1966,1960,Anni 1960,Un giorno tu mi cercherai,Equipe 84 - The Renegades,Pantros e F. Campanino,NF,,Senza posizione numerica,Non finalista,27-29 gennaio,Casinò di Sanremo,Mike Bongiorno,47,Domenico Modugno,Topi Sorsakoski,2007.0,"2,92",34.0,Medio-bassa (21-40),https://i.scdn.co/image/ab67616d0000b273ab539bc4c2ad9f88ddbb9274,41,57,Sì,Non valutabile,Non valutabile,Da verificare: artista differente,No,No
1967,1960,Anni 1960,Non pensare a me,Claudio Villa - Iva Zanicchi,A. Testa e E. Sciorilli,1º,1,1º posto,Vincitore,26-28 gennaio,Casinò di Sanremo,Mike Bongiorno,58,Claudio Villa,,,,,Dati non disponibili,,,56,Sì,Non valutabile,Non valutabile,Senza dati Spotify,No,No
1967,1960,Anni 1960,Quando dico che ti amo,Annarita Spinaci - Les Surfs,A. Testa e T. Renis,2º,2,2º-3º posto,Podio,26-28 gennaio,Casinò di Sanremo,Mike Bongiorno,58,Claudio Villa,Tony Renis,2001.0,"2,89",33.0,Medio-bassa (21-40),https://i.scdn.co/image/ab67616d0000b273b93ffcffe8041c3265b34c35,34,56,Sì,Non valutabile,Non valutabile,Da verificare: artista differente,No,No
1967,1960,Anni 1960,Proposta,I Giganti - The Bachelors,Albula e G. B. Martelli,3º,3,2º-3º posto,Podio,26-28 gennaio,Casinò di Sanremo,Mike Bongiorno,58,Claudio Villa,I Giganti,2010.0,"4,04",36.0,Medio-bassa (21-40),https://i.scdn.co/image/ab67616d0000b2732e8c446168cf2a51a1d20fa2,43,56,Sì,Sì,No,Affidabile,Sì,Sì
1967,1960,Anni 1960,La musica è finita,Ornella Vanoni - Mario Guarnera,"Nisa, F. Califano e U. Bindi",4º,4,4º-10º posto,Altra posizione,26-28 gennaio,Casinò di Sanremo,Mike Bongiorno,58,Claudio Villa,Mina,1968.0,"3,15",20.0,Bassa (0-20),https://i.scdn.co/image/ab67616d0000b273d85239e726b400e28571e208,1,56,Sì,Non valutabile,Non valutabile,Da verificare: artista differente,No,No
1967,1960,Anni 1960,"Io, tu e le rose",Orietta Berti - Les Compagnons de la Chanson,"D. Pace, M. Panzeri, M. G. Gili e L. Barazzetti",5º,5,4º-10º posto,Altra posizione,26-28 gennaio,Casinò di Sanremo,Mike Bongiorno,58,Claudio Villa,Orietta Berti,1998.0,"3,01",30.0,Medio-bassa (21-40),https://i.scdn.co/image/ab67616d0000b273906be925c0b7a5c157c3e3f3,31,56,Sì,Sì,No,Affidabile,Sì,Sì
1967,1960,Anni 1960,Bisogna saper perdere,Lucio Dalla - The Rokes,G. Cassia e R. Cini,6º,6,4º-10º posto,Altra posizione,26-28 gennaio,Casinò di Sanremo,Mike Bongiorno,58,Claudio Villa,The Rokes,2017.0,"3,20",22.0,Medio-bassa (21-40),https://i.scdn.co/image/ab67616d0000b27352cd6bb991705a7660f59b33,50,56,Sì,Sì,Sì,Affidabile,Sì,Sì
1967,1960,Anni 1960,Dove credi di andare,Sergio Endrigo - Memo Remigi,S. Endrigo,7º,7,4º-10º posto,Altra posizione,26-28 gennaio,Casinò di Sanremo,Mike Bongiorno,58,Claudio Villa,Sergio Endrigo,1968.0,"3,28",3.0,Bassa (0-20),https://i.scdn.co/image/ab67616d0000b2735a41e658311fd794bd63e8ce,1,56,Sì,No,No,Affidabile,Sì,Sì
1967,1960,Anni 1960,Pietre,Gian Pieretti - Antoine,G. Pieretti e R. Gianco,8º,8,4º-10º posto,Altra posizione,26-28 gennaio,Casinò di Sanremo,Mike Bongiorno,58,Claudio Villa,Nerissima Serpe,2023.0,"2,22",45.0,Media (41-60),https://i.scdn.co/image/ab67616d0000b273d5df1591253671ce53a02e95,56,56,Sì,Non valutabile,Non valutabile,Da verificare: artista differente,No,No
1967,1960,Anni 1960,L'immensità,Johnny Dorelli - Don Backy,"D. Backy, Mogol e D. Mariano",9º,9,4º-10º posto,Altra posizione,26-28 gennaio,Casinò di Sanremo,Mike Bongiorno,58,Claudio Villa,Johnny Dorelli,1990.0,"3,48",39.0,Medio-bassa (21-40),https://i.scdn.co/image/ab67616d0000b273c873be328aee93de43f8573f,23,56,Sì,Sì,No,Affidabile,Sì,Sì
1967,1960,Anni 1960,Cuore matto,Little Tony - Mario Zelinotti,A. Ambrosino e T. Savio,10º,10,4º-10º posto,Altra posizione,26-28 gennaio,Casinò di Sanremo,Mike Bongiorno,58,Claudio Villa,Little Tony,2000.0,"2,85",50.0,Media (41-60),https://i.scdn.co/image/ab67616d0000b273ee7eb93074e9cb0985a6fc3b,33,56,Sì,Sì,No,Affidabile,Sì,Sì
1967,1960,Anni 1960,Io per amore,Pino Donaggio - Carmen Villani,"P. Donaggio, G. Paoli e V. Pallavicini",11º (ex aequo),11,Oltre il 10º posto,Altra posizione,26-28 gennaio,Casinò di Sanremo,Mike Bongiorno,58,Claudio Villa,Pino Donaggio,2004.0,"3,01",21.0,Medio-bassa (21-40),https://i.scdn.co/image/ab67616d0000b2737795a5fb973bb50f173684b3,37,56,Sì,Sì,No,Affidabile,Sì,Sì
1967,1960,Anni 1960,Per vedere quant'è grande il mondo,Wilma Goich - The Bachelors,Mogol e C. Donida,11º (ex aequo),11,Oltre il 10º posto,Altra posizione,26-28 gennaio,Casinò di Sanremo,Mike Bongiorno,58,Claudio Villa,Wilma Goich,2001.0,"3,09",2.0,Bassa (0-20),https://i.scdn.co/image/ab67616d0000b2737b4d2188c5388b33d8dfe292,34,56,Sì,Sì,No,Affidabile,Sì,Sì
1967,1960,Anni 1960,E allora dai,Giorgio Gaber - Remo Germani,G. Gaber,13º (ex aequo),13,Oltre il 10º posto,Altra posizione,26-28 gennaio,Casinò di Sanremo,Mike Bongiorno,58,Claudio Villa,Giorgio Gaber,2010.0,"4,17",28.0,Medio-bassa (21-40),https://i.scdn.co/image/ab67616d0000b27319fde50c39fbbf0ebfc46cf7,43,56,Sì,Sì,No,Affidabile,Sì,Sì
1967,1960,Anni 1960,La rivoluzione,Gianni Pettenati - Gene Pitney,Mogol e R. Soffici,13º (ex aequo),13,Oltre il 10º posto,Altra posizione,26-28 gennaio,Casinò di Sanremo,Mike Bongiorno,58,Claudio Villa,Gianni Pettenati,2015.0,"1,83",34.0,Medio-bassa (21-40),https://i.scdn.co/image/ab67616d0000b2735f51794d561fe76a3a5295a3,48,56,Sì,Sì,Sì,Affidabile,Sì,Sì
1967,1960,Anni 1960,Canta ragazzina,Bobby Solo - Connie Francis,"Prog, I. Pattacini e C. Donida",NF,,Senza posizione numerica,Non finalista,26-28 gennaio,Casinò di Sanremo,Mike Bongiorno,58,Claudio Villa,Mina,2014.0,"3,04",19.0,Bassa (0-20),https://i.scdn.co/image/ab67616d0000b2734ad587d80fcfdf73c36cac02,47,56,Sì,Non valutabile,Non valutabile,Da verificare: artista differente,No,No
1967,1960,Anni 1960,C'è chi spera,Riki Maiocchi - Marianne Faithfull,"M. Panzeri, D. Pace e G. Colonnello",NF,,Senza posizione numerica,Non finalista,26-28 gennaio,Casinò di Sanremo,Mike Bongiorno,58,Claudio Villa,Riki Maiocchi,1998.0,"3,20",4.0,Bassa (0-20),https://i.scdn.co/image/ab67616d0000b2738bd4c4f81e0f3b09fda4ac0c,31,56,Sì,Sì,No,Affidabile,Sì,Sì
1967,1960,Anni 1960,"Ciao amore, ciao",Luigi Tenco - Dalida,L. Tenco,NF,,Senza posizione numerica,Non finalista,26-28 gennaio,Casinò di Sanremo,Mike Bongiorno,58,Claudio Villa,Luigi Tenco,2001.0,"3,07",43.0,Media (41-60),https://i.scdn.co/image/ab67616d0000b2738723c859eed2eeee37482674,34,56,Sì,Sì,No,Affidabile,Sì,Sì
1967,1960,Anni 1960,Dedicato all'amore,Peppino Di Capri - Dionne Warwick,"A. Testa, D. Pace e F. Carraresi",NF,,Senza posizione numerica,Non finalista,26-28 gennaio,Casinò di Sanremo,Mike Bongiorno,58,Claudio Villa,Mauro Caputo,2001.0,"3,19",7.0,Bassa (0-20),https://i.scdn.co/image/ab67616d0000b2730be79d77f1e1b7d2b34e5f5c,34,56,Sì,Non valutabile,Non valutabile,Da verificare: artista differente,No,No
1967,1960,Anni 1960,Devi aver fiducia in me,Roberta Amadei - Carmelo Pagano,F. Specchia e R. Martini,NF,,Senza posizione numerica,Non finalista,26-28 gennaio,Casinò di Sanremo,Mike Bongiorno,58,Claudio Villa,The Hollies,1966.0,"2,19",1.0,Bassa (0-20),https://i.scdn.co/image/ab67616d0000b273b7668d0d339e14cb8deb9999,-1,56,Sì,Non valutabile,Non valutabile,Da verificare: artista differente,No,No
1967,1960,Anni 1960,È più forte di me,Tony Del Monaco - Betty Curtis,T. Del Monaco e E. Polito,NF,,Senza posizione numerica,Non finalista,26-28 gennaio,Casinò di Sanremo,Mike Bongiorno,58,Claudio Villa,Ligabue,2005.0,"4,00",26.0,Medio-bassa (21-40),https://i.scdn.co/image/ab67616d0000b273ed824c5d894883ea4fa7cdec,38,56,Sì,Non valutabile,Non valutabile,Da verificare: artista differente,No,No
1967,1960,Anni 1960,Gi,Fred Bongusto - Anna German,"V. Pallavicini, A. Amurri e F. Bongusto",NF,,Senza posizione numerica,Non finalista,26-28 gennaio,Casinò di Sanremo,Mike Bongiorno,58,Claudio Villa,J Balvin,2016.0,"2,85",75.0,Alta (61-100),https://i.scdn.co/image/ab67616d0000b273734b36a0655aae40d78d70f4,49,56,Sì,Non valutabile,Non valutabile,Da verificare: artista differente,No,No
1967,1960,Anni 1960,Guardati alle spalle,Nicola Di Bari - Gene Pitney,L. Beretta e D. Pace,NF,,Senza posizione numerica,Non finalista,26-28 gennaio,Casinò di Sanremo,Mike Bongiorno,58,Claudio Villa,Nicola Di Bari,1967.0,"2,69",1.0,Bassa (0-20),https://i.scdn.co/image/ab67616d0000b2732afbf561925f76c71a5f1a84,0,56,Sì,No,No,Affidabile,Sì,Sì
1967,1960,Anni 1960,Il cammino di ogni speranza,Caterina Caselli - Sonny Bono e Cher,U. Napolitano,NF,,Senza posizione numerica,Non finalista,26-28 gennaio,Casinò di Sanremo,Mike Bongiorno,58,Claudio Villa,Caterina Caselli,1967.0,"2,96",18.0,Bassa (0-20),https://i.scdn.co/image/ab67616d0000b2733764ad213f816cd5f1b36063,0,56,Sì,No,No,Affidabile,Sì,Sì
1967,1960,Anni 1960,Ma piano (Per non svegliarmi),Nico Fidenco - Cher,G. Meccia,NF,,Senza posizione numerica,Non finalista,26-28 gennaio,Casinò di Sanremo,Mike Bongiorno,58,Claudio Villa,Nomadi,1994.0,"2,59",2.0,Bassa (0-20),https://i.scdn.co/image/ab67616d0000b27309c9c21b724a4dbaa1c0d057,27,56,Sì,Non valutabile,Non valutabile,Da verificare: artista differente,No,No
1967,1960,Anni 1960,Nasce una vita,Jimmy Fontana - Edoardo Vianello,S. Bardotti e J. Fontana,NF,,Senza posizione numerica,Non finalista,26-28 gennaio,Casinò di Sanremo,Mike Bongiorno,58,Claudio Villa,4Tu,2019.0,"0,65",13.0,Bassa (0-20),https://i.scdn.co/image/ab67616d0000b2737b0c1bb0b667c8acc71aa0a3,52,56,Sì,Non valutabile,Non valutabile,Da verificare: artista differente,No,No
1967,1960,Anni 1960,Non prego per me,Mino Reitano - The Hollies,Mogol e L. Battisti,NF,,Senza posizione numerica,Non finalista,26-28 gennaio,Casinò di Sanremo,Mike Bongiorno,58,Claudio Villa,Mino Reitano,2014.0,"2,47",10.0,Bassa (0-20),https://i.scdn.co/image/ab67616d0000b2737638002a52bfa3ac7f8cff7d,47,56,Sì,Sì,No,Affidabile,Sì,Sì
1967,1960,Anni 1960,Quando vedrò,Los Marcellos Ferial - The Happenings,M. Terzi e C. A. Rossi,NF,,Senza posizione numerica,Non finalista,26-28 gennaio,Casinò di Sanremo,Mike Bongiorno,58,Claudio Villa,dile,2022.0,"2,90",39.0,Medio-bassa (21-40),https://i.scdn.co/image/ab67616d0000b2732bd91a7c01c44c0045985402,55,56,Sì,Non valutabile,Non valutabile,Da verificare: artista differente,No,No
1967,1960,Anni 1960,Sopra i tetti azzurri del mio pazzo amore,Domenico Modugno - Gidiuli,V. Pallavicini e D. Modugno,NF,,Senza posizione numerica,Non finalista,26-28 gennaio,Casinò di Sanremo,Mike Bongiorno,58,Claudio Villa,Domenico Modugno,2013.0,"3,28",3.0,Bassa (0-20),https://i.scdn.co/image/ab67616d0000b273003225b7248f8b21341d5de4,46,56,Sì,Sì,No,Affidabile,Sì,Sì
1967,1960,Anni 1960,Una ragazza,Donatella Moretti - Bobby Goldsboro,"V. Pallavicini, B. Pallesi e W. Malgoni",NF,,Senza posizione numerica,Non finalista,26-28 gennaio,Casinò di Sanremo,Mike Bongiorno,58,Claudio Villa,I Giganti,1966.0,"2,40",54.0,Media (41-60),https://i.scdn.co/image/ab67616d0000b273fd1536474712def325da2588,-1,56,Sì,Non valutabile,Non valutabile,Da verificare: artista differente,No,No
1967,1960,Anni 1960,Uno come noi,Milva - Los Bravos,"U. Martucci, G. Bertero e M. Marini",NF,,Senza posizione numerica,Non finalista,26-28 gennaio,Casinò di Sanremo,Mike Bongiorno,58,Claudio Villa,Nashley,2023.0,"3,14",45.0,Media (41-60),https://i.scdn.co/image/ab67616d0000b273788e58239eceb2f753085c1f,56,56,Sì,Non valutabile,Non valutabile,Da verificare: artista differente,No,No
1968,1960,Anni 1960,Canzone per te,Sergio Endrigo - Roberto Carlos,"S. Endrigo, S. Bardotti",1º,1,1º posto,Vincitore,31 gennaio - 2 febbraio,Casinò di Sanremo,Pippo Baudo,48,Sergio Endrigo,,,,,Dati non disponibili,,,55,Sì,Non valutabile,Non valutabile,Senza dati Spotify,No,No
1968,1960,Anni 1960,Casa bianca,Ornella Vanoni - Marisa Sannia,"A. Caponi, E. La Valle",2º,2,2º-3º posto,Podio,31 gennaio - 2 febbraio,Casinò di Sanremo,Pippo Baudo,48,Sergio Endrigo,Don Backy,2012.0,"2,26",20.0,Bassa (0-20),https://i.scdn.co/image/ab67616d0000b27365887f81537242779cce2096,44,55,Sì,Non valutabile,Non valutabile,Da verificare: artista differente,No,No
1968,1960,Anni 1960,Canzone,Adriano Celentano - Milva,"A. Caponi, D. Mariano",3º,3,2º-3º posto,Podio,31 gennaio - 2 febbraio,Casinò di Sanremo,Pippo Baudo,48,Sergio Endrigo,Lucio Dalla,1996.0,"4,49",57.0,Media (41-60),https://i.scdn.co/image/ab67616d0000b27346d6b273037d65557de07c25,28,55,Sì,Non valutabile,Non valutabile,Da verificare: artista differente,No,No
1968,1960,Anni 1960,Deborah,Fausto Leali - Wilson Pickett,"V. Pallavicini, G. Conte e P. Massara",4º,4,4º-10º posto,Altra posizione,31 gennaio - 2 febbraio,Casinò di Sanremo,Pippo Baudo,48,Sergio Endrigo,Enzo Dong,2019.0,"5,92",41.0,Media (41-60),https://i.scdn.co/image/ab67616d0000b273fd3d75576d6676539c67ea61,51,55,Sì,Non valutabile,Non valutabile,Da verificare: artista differente,No,No
1968,1960,Anni 1960,La tramontana,Antoine - Gianni Pettenati,D. Pace e M. Panzeri,5º,5,4º-10º posto,Altra posizione,31 gennaio - 2 febbraio,Casinò di Sanremo,Pippo Baudo,48,Sergio Endrigo,Gianni Pettenati,2015.0,"2,94",35.0,Medio-bassa (21-40),https://i.scdn.co/image/ab67616d0000b2735f51794d561fe76a3a5295a3,47,55,Sì,Sì,Sì,Affidabile,Sì,Sì
1968,1960,Anni 1960,Quando m'innamoro,Anna Identici - The Sandpipers,"M. Panzeri, D. Pace e R. Livraghi",6º,6,4º-10º posto,Altra posizione,31 gennaio - 2 febbraio,Casinò di Sanremo,Pippo Baudo,48,Sergio Endrigo,Anna Identici,2002.0,"3,28",25.0,Medio-bassa (21-40),https://i.scdn.co/image/ab67616d0000b2732fb1e8e285850b60ca5825b7,34,55,Sì,Sì,No,Affidabile,Sì,Sì
1968,1960,Anni 1960,Da bambino,Massimo Ranieri - I Giganti,R. Pradella e R. Angiolini,7º,7,4º-10º posto,Altra posizione,31 gennaio - 2 febbraio,Casinò di Sanremo,Pippo Baudo,48,Sergio Endrigo,Massimo Ranieri,1984.0,"2,93",11.0,Bassa (0-20),https://i.scdn.co/image/ab67616d0000b273441d12f6bc3afb07a6708f76,16,55,Sì,No,No,Affidabile,Sì,Sì
1968,1960,Anni 1960,Sera,Gigliola Cinquetti - Giuliana Valci,R. Vecchioni e A. Lo Vecchio,8º,8,4º-10º posto,Altra posizione,31 gennaio - 2 febbraio,Casinò di Sanremo,Pippo Baudo,48,Sergio Endrigo,Sfera Ebbasta,2016.0,"2,50",68.0,Alta (61-100),https://i.scdn.co/image/ab67616d0000b2730b5557811b1eab235b1fade4,48,55,Sì,Non valutabile,Non valutabile,Da verificare: artista differente,No,No
1968,1960,Anni 1960,La siepe,Al Bano - Bobbie Gentry,V. Pallavicini e P. Massara,9º,9,4º-10º posto,Altra posizione,31 gennaio - 2 febbraio,Casinò di Sanremo,Pippo Baudo,48,Sergio Endrigo,Fulminacci,2024.0,"3,76",47.0,Media (41-60),https://i.scdn.co/image/ab67616d0000b27389526f2f4815e4bcc89acde4,56,55,Sì,Non valutabile,Non valutabile,Da verificare: artista differente,No,No
1968,1960,Anni 1960,Un uomo piange solo per amore,Little Tony - Mario Guarnera,"Petaluma, M. Vicari e M. Marrocchi",10º,10,4º-10º posto,Altra posizione,31 gennaio - 2 febbraio,Casinò di Sanremo,Pippo Baudo,48,Sergio Endrigo,Little Tony,1990.0,"3,28",41.0,Media (41-60),https://i.scdn.co/image/ab67616d0000b273faa16276d105d0aaebe8554a,22,55,Sì,Sì,No,Affidabile,Sì,Sì
1968,1960,Anni 1960,Gli occhi miei,Wilma Goich - Dino,Mogol e C. Donida,11º,11,Oltre il 10º posto,Altra posizione,31 gennaio - 2 febbraio,Casinò di Sanremo,Pippo Baudo,48,Sergio Endrigo,Dino,1997.0,"2,87",28.0,Medio-bassa (21-40),https://i.scdn.co/image/ab67616d0000b273f684d9251f7e5178354abb5c,29,55,Sì,Sì,No,Affidabile,Sì,Sì
1968,1960,Anni 1960,Stanotte sentirai una canzone,Annarita Spinaci - Yoko Kishi,T. Queirolo e F. Bracardi,12º,12,Oltre il 10º posto,Altra posizione,31 gennaio - 2 febbraio,Casinò di Sanremo,Pippo Baudo,48,Sergio Endrigo,Lara Saint Paul,2019.0,"2,10",1.0,Bassa (0-20),https://i.scdn.co/image/ab67616d0000b27382167a2bd0bbe972dd5a149c,51,55,Sì,Non valutabile,Non valutabile,Da verificare: artista differente,No,No
1968,1960,Anni 1960,Mi va di cantare,Louis Armstrong - Lara Saint Paul,"V. Buonassisi, G. Bertero, M. Marini e A. Valleroni",13º,13,Oltre il 10º posto,Altra posizione,31 gennaio - 2 febbraio,Casinò di Sanremo,Pippo Baudo,48,Sergio Endrigo,Louis Armstrong,2013.0,"1,08",31.0,Medio-bassa (21-40),https://i.scdn.co/image/ab67616d0000b273b6f5c067ff06f6526048b573,45,55,Sì,Sì,No,Affidabile,Sì,Sì
1968,1960,Anni 1960,La voce del silenzio,Tony Del Monaco - Dionne Warwick,"P. Limiti, Mogol e E. Isola",14º,14,Oltre il 10º posto,Altra posizione,31 gennaio - 2 febbraio,Casinò di Sanremo,Pippo Baudo,48,Sergio Endrigo,Andrea Bocelli,2007.0,"4,92",27.0,Medio-bassa (21-40),https://i.scdn.co/image/ab67616d0000b273c6210ba9bd5054dc546d8f59,39,55,Sì,Non valutabile,Non valutabile,Da verificare: artista differente,No,No
1968,1960,Anni 1960,Che vale per me,Peppino Gagliardi - Eartha Kitt,M. Terzi e C. A. Rossi,NF,,Senza posizione numerica,Non finalista,31 gennaio - 2 febbraio,Casinò di Sanremo,Pippo Baudo,48,Sergio Endrigo,Valerio Scanu,2010.0,"3,53",10.0,Bassa (0-20),https://i.scdn.co/image/ab67616d0000b27319edb79e8aa265fd10fde922,42,55,Sì,Non valutabile,Non valutabile,Da verificare: artista differente,No,No
1968,1960,Anni 1960,Il posto mio,Tony Renis - Domenico Modugno,A. Testa e T. Renis,NF,,Senza posizione numerica,Non finalista,31 gennaio - 2 febbraio,Casinò di Sanremo,Pippo Baudo,48,Sergio Endrigo,Francesca Michielin,2018.0,"3,36",22.0,Medio-bassa (21-40),https://i.scdn.co/image/ab67616d0000b273bb357bf46f6f4047dd0dd0d9,50,55,Sì,Non valutabile,Non valutabile,Da verificare: artista differente,No,No
1968,1960,Anni 1960,Il re d'Inghilterra,Nino Ferrer - Pilade,N. Ferrer,NF,,Senza posizione numerica,Non finalista,31 gennaio - 2 febbraio,Casinò di Sanremo,Pippo Baudo,48,Sergio Endrigo,Gianfranco Intra Orchestra,2021.0,"2,71",0.0,Bassa (0-20),https://i.scdn.co/image/ab67616d0000b273e159caec70d4d3cdd7992b3f,53,55,Sì,Non valutabile,Non valutabile,Da verificare: artista differente,No,No
1968,1960,Anni 1960,La farfalla impazzita,Johnny Dorelli - Paul Anka,Mogol e L. Battisti,NF,,Senza posizione numerica,Non finalista,31 gennaio - 2 febbraio,Casinò di Sanremo,Pippo Baudo,48,Sergio Endrigo,Lucio Battisti,2020.0,"3,21",17.0,Bassa (0-20),https://i.scdn.co/image/ab67616d0000b27300ff8036f3ca02bdd5794065,52,55,Sì,Non valutabile,Non valutabile,Da verificare: artista differente,No,No
1968,1960,Anni 1960,La vita,Elio Gandolfi - Shirley Bassey,A. Amurri e B. Canfora,NF,,Senza posizione numerica,Non finalista,31 gennaio - 2 febbraio,Casinò di Sanremo,Pippo Baudo,48,Sergio Endrigo,Max Gazzè,2015.0,"3,89",56.0,Media (41-60),https://i.scdn.co/image/ab67616d0000b27338142aa25f939346c6a80416,47,55,Sì,Non valutabile,Non valutabile,Da verificare: artista differente,No,No
1968,1960,Anni 1960,Le opere di Bartolomeo,The Rokes - The Cowsills,S. Bardotti e R. Cini,NF,,Senza posizione numerica,Non finalista,31 gennaio - 2 febbraio,Casinò di Sanremo,Pippo Baudo,48,Sergio Endrigo,The Rokes,2002.0,"3,58",14.0,Bassa (0-20),https://i.scdn.co/image/ab67616d0000b273a7b696b3d61a416fbab917a1,34,55,Sì,Sì,No,Affidabile,Sì,Sì
1968,1960,Anni 1960,Le solite cose,Pino Donaggio - Timi Yuro,V. Pallavicini e P. Donaggio,NF,,Senza posizione numerica,Non finalista,31 gennaio - 2 febbraio,Casinò di Sanremo,Pippo Baudo,48,Sergio Endrigo,Stefano Bollani,2010.0,"3,37",31.0,Medio-bassa (21-40),https://i.scdn.co/image/ab67616d0000b273e255151d853810a945243ff0,42,55,Sì,Non valutabile,Non valutabile,Da verificare: artista differente,No,No
1968,1960,Anni 1960,No amore,Giusy Romeo - Sacha Distel,"V. Pallavicini, P. Conte, M. Deponti e E. Intra",NF,,Senza posizione numerica,Non finalista,31 gennaio - 2 febbraio,Casinò di Sanremo,Pippo Baudo,48,Sergio Endrigo,Giuni Russo,2013.0,"3,14",3.0,Bassa (0-20),https://i.scdn.co/image/ab67616d0000b27395ba2207bb7c76a04e0bd2e3,45,55,Sì,Non valutabile,Non valutabile,Da verificare: artista differente,No,No
1968,1960,Anni 1960,Per vivere,Iva Zanicchi - Udo Jürgens,Nisa e U. Bindi,NF,,Senza posizione numerica,Non finalista,31 gennaio - 2 febbraio,Casinò di Sanremo,Pippo Baudo,48,Sergio Endrigo,Laura Pausini,2000.0,"4,08",23.0,Medio-bassa (21-40),https://i.scdn.co/image/ab67616d0000b27313b8071262e9cf0420f966ef,32,55,Sì,Non valutabile,Non valutabile,Da verificare: artista differente,No,No
1968,1960,Anni 1960,Tu che non sorridi mai,Orietta Berti - Piergiorgio Farina,M. Terzi e S. Sili,NF,,Senza posizione numerica,Non finalista,31 gennaio - 2 febbraio,Casinò di Sanremo,Pippo Baudo,48,Sergio Endrigo,Orietta Berti,2000.0,"3,18",3.0,Bassa (0-20),https://i.scdn.co/image/ab67616d0000b273296bd9687cd1eb55c6723f01,32,55,Sì,Sì,No,Affidabile,Sì,Sì
1969,1960,Anni 1960,Zingara,Bobby Solo - Iva Zanicchi,L. Albertelli e E. Riccardi,1º,1,1º posto,Vincitore,30 gennaio - 1º febbraio,Casinò di Sanremo,Nuccio Costa,48,Bobby Solo,,,,,Dati non disponibili,,,54,Sì,Non valutabile,Non valutabile,Senza dati Spotify,No,No
1969,1960,Anni 1960,Lontano dagli occhi,Sergio Endrigo - Mary Hopkin,"S. Bardotti, S. Endrigo e L. Bacalov",2º,2,2º-3º posto,Podio,30 gennaio - 1º febbraio,Casinò di Sanremo,Nuccio Costa,48,Bobby Solo,Sergio Endrigo,2000.0,"3,76",40.0,Medio-bassa (21-40),https://i.scdn.co/image/ab67616d0000b273bb688c4f0101c23b3a88a5dc,31,54,Sì,Sì,No,Affidabile,Sì,Sì
1969,1960,Anni 1960,Un sorriso,Don Backy - Milva,A. Caponi e D. Mariano,3º,3,2º-3º posto,Podio,30 gennaio - 1º febbraio,Casinò di Sanremo,Nuccio Costa,48,Bobby Solo,Don Backy,2012.0,"3,39",10.0,Bassa (0-20),https://i.scdn.co/image/ab67616d0000b27365887f81537242779cce2096,43,54,Sì,Sì,No,Affidabile,Sì,Sì
1969,1960,Anni 1960,Un'ora fa,Fausto Leali - Tony Del Monaco,"L. Beretta, E. Parazzini e G. Intra",4º,4,4º-10º posto,Altra posizione,30 gennaio - 1º febbraio,Casinò di Sanremo,Nuccio Costa,48,Bobby Solo,Fausto Leali,1970.0,"2,56",38.0,Medio-bassa (21-40),https://i.scdn.co/image/ab67616d0000b2733b87ad259bb2d1821e8518f3,1,54,Sì,No,No,Affidabile,Sì,Sì
1969,1960,Anni 1960,Ma che freddo fa,Nada - The Rokes,F. Migliacci e C. Mattone,5º,5,4º-10º posto,Altra posizione,30 gennaio - 1º febbraio,Casinò di Sanremo,Nuccio Costa,48,Bobby Solo,Nada,1969.0,"3,06",60.0,Media (41-60),https://i.scdn.co/image/ab67616d0000b27323737713dfbd9fb00a2e2ab3,0,54,Sì,No,No,Affidabile,Sì,Sì
1969,1960,Anni 1960,La pioggia,Gigliola Cinquetti - France Gall,"D. Pace, G. Argenio, C. Conti e M. Panzeri",6º,6,4º-10º posto,Altra posizione,30 gennaio - 1º febbraio,Casinò di Sanremo,Nuccio Costa,48,Bobby Solo,Gigliola Cinquetti,1983.0,"3,04",34.0,Medio-bassa (21-40),https://i.scdn.co/image/ab67616d0000b2734b13c451bc637b16572e9fa5,14,54,Sì,No,No,Affidabile,Sì,Sì
1969,1960,Anni 1960,Tu sei bella come sei,Mal - The Showmen,"G. Cassia, S. Bardotti, M. Marrocchi e M. Vicari",7º,7,4º-10º posto,Altra posizione,30 gennaio - 1º febbraio,Casinò di Sanremo,Nuccio Costa,48,Bobby Solo,DANDY TURNER,2019.0,"3,29",52.0,Media (41-60),https://i.scdn.co/image/ab67616d0000b2738ff2cf4794118f1ba6fe48a5,50,54,Sì,Non valutabile,Non valutabile,Da verificare: artista differente,No,No
1969,1960,Anni 1960,Il gioco dell'amore,Caterina Caselli - Johnny Dorelli,F. Migliacci e I. Callegari,8º,8,4º-10º posto,Altra posizione,30 gennaio - 1º febbraio,Casinò di Sanremo,Nuccio Costa,48,Bobby Solo,Danijay,2003.0,"3,98",48.0,Media (41-60),https://i.scdn.co/image/ab67616d0000b273c89417ba0fe7bc4792cc1905,34,54,Sì,Non valutabile,Non valutabile,Da verificare: artista differente,No,No
1969,1960,Anni 1960,Un'avventura,Lucio Battisti - Wilson Pickett,Mogol e L. Battisti,9º,9,4º-10º posto,Altra posizione,30 gennaio - 1º febbraio,Casinò di Sanremo,Nuccio Costa,48,Bobby Solo,Lucio Battisti,1969.0,"3,18",61.0,Alta (61-100),https://i.scdn.co/image/ab67616d0000b27376fb0435607687e31fba0310,0,54,Sì,No,No,Affidabile,Sì,Sì
1969,1960,Anni 1960,Quando l'amore diventa poesia,Orietta Berti - Massimo Ranieri,Mogol e P. Soffici,10º,10,4º-10º posto,Altra posizione,30 gennaio - 1º febbraio,Casinò di Sanremo,Nuccio Costa,48,Bobby Solo,Il Volo,2015.0,"3,21",44.0,Media (41-60),https://i.scdn.co/image/ab67616d0000b27379f266bddc7cc3853e172dde,46,54,Sì,Non valutabile,Non valutabile,Da verificare: artista differente,No,No
1969,1960,Anni 1960,Piccola piccola,Carmen Villani - Alessandra Casaccia,"V. Buonassisi, G. Bertero, M. Marini e A. Valleroni",11º,11,Oltre il 10º posto,Altra posizione,30 gennaio - 1º febbraio,Casinò di Sanremo,Nuccio Costa,48,Bobby Solo,Gianni Marchetti,1969.0,"1,69",38.0,Medio-bassa (21-40),https://i.scdn.co/image/ab67616d0000b273905ba29651c627f87c606616,0,54,Sì,Non valutabile,Non valutabile,Da verificare: artista differente,No,No
1969,1960,Anni 1960,Bada bambina,Little Tony - Mario Zelinotti,F. Migliacci e B. Zambrini,12º,12,Oltre il 10º posto,Altra posizione,30 gennaio - 1º febbraio,Casinò di Sanremo,Nuccio Costa,48,Bobby Solo,Little Tony,2000.0,"2,91",32.0,Medio-bassa (21-40),https://i.scdn.co/image/ab67616d0000b273ee7eb93074e9cb0985a6fc3b,31,54,Sì,Sì,No,Affidabile,Sì,Sì
1969,1960,Anni 1960,Zucchero,Rita Pavone - Dik Dik,"Mogol, L. Clausetti, R. Soffici, P. Soffici e R. Guscelli",13º,13,Oltre il 10º posto,Altra posizione,30 gennaio - 1º febbraio,Casinò di Sanremo,Nuccio Costa,48,Bobby Solo,Zucchero,1995.0,"4,83",55.0,Media (41-60),https://i.scdn.co/image/ab67616d0000b273777bc2d6aeaf8dc088b37a02,26,54,Sì,Non valutabile,Non valutabile,Da verificare: artista differente,No,No
1969,1960,Anni 1960,Cosa hai messo nel caffè?,Riccardo Del Turco - Antoine,"G. Bigazzi, R. Del Turco e G. Reverberi",14º,14,Oltre il 10º posto,Altra posizione,30 gennaio - 1º febbraio,Casinò di Sanremo,Nuccio Costa,48,Bobby Solo,Malika Ayane,2013.0,"3,88",39.0,Medio-bassa (21-40),https://i.scdn.co/image/ab67616d0000b2730ffe8975ced37343608db078,44,54,Sì,Non valutabile,Non valutabile,Da verificare: artista differente,No,No
1969,1960,Anni 1960,Alla fine della strada,Junior Magli - The Casuals,"D. Pace, M. Panzeri e L. Pilat",NF,,Senza posizione numerica,Non finalista,30 gennaio - 1º febbraio,Casinò di Sanremo,Nuccio Costa,48,Bobby Solo,Orietta Berti,2000.0,"3,17",13.0,Bassa (0-20),https://i.scdn.co/image/ab67616d0000b273aa8db2f0fdbd765df27dc06a,31,54,Sì,Non valutabile,Non valutabile,Da verificare: artista differente,No,No
1969,1960,Anni 1960,Baci baci baci,Wilma Goich - The Sweet Inspirations,S. Bardotti e F. Bracardi,NF,,Senza posizione numerica,Non finalista,30 gennaio - 1º febbraio,Casinò di Sanremo,Nuccio Costa,48,Bobby Solo,Fulminacci,2024.0,"3,69",59.0,Media (41-60),https://i.scdn.co/image/ab67616d0000b27389526f2f4815e4bcc89acde4,55,54,Sì,Non valutabile,Non valutabile,Da verificare: artista differente,No,No
1969,1960,Anni 1960,Il sole è tramontato,Checco - Elio Gandolfi,"R. Pradella, C. Marsella, R. Nisi e G. Moschini",NF,,Senza posizione numerica,Non finalista,30 gennaio - 1º febbraio,Casinò di Sanremo,Nuccio Costa,48,Bobby Solo,Giorgio Carnini,2019.0,"3,17",0.0,Bassa (0-20),https://i.scdn.co/image/ab67616d0000b27325eb1f75050032d323525e47,50,54,Sì,Non valutabile,Non valutabile,Da verificare: artista differente,No,No
1969,1960,Anni 1960,Il treno,Rosanna Fratello - Brenton Wood,V. Pallavicini e E. Isola,NF,,Senza posizione numerica,Non finalista,30 gennaio - 1º febbraio,Casinò di Sanremo,Nuccio Costa,48,Bobby Solo,Riccardo Cocciante,1979.0,"4,46",31.0,Medio-bassa (21-40),https://i.scdn.co/image/ab67616d0000b273c4b15b93cb2f72a343d6f149,10,54,Sì,Non valutabile,Non valutabile,Da verificare: artista differente,No,No
1969,1960,Anni 1960,Io che ho te,New Trolls - Leonardo,"G. D'Adamo, V. De Scalzi e N. Di Palo",NF,,Senza posizione numerica,Non finalista,30 gennaio - 1º febbraio,Casinò di Sanremo,Nuccio Costa,48,Bobby Solo,New Trolls,2013.0,"2,68",29.0,Medio-bassa (21-40),https://i.scdn.co/image/ab67616d0000b273583647c406d687fff8842fd1,44,54,Sì,Sì,No,Affidabile,Sì,Sì
1969,1960,Anni 1960,Le belle donne,Robertino - Rocky Roberts,"V. Pallavicini, G. Conte e M. Virano",NF,,Senza posizione numerica,Non finalista,30 gennaio - 1º febbraio,Casinò di Sanremo,Nuccio Costa,48,Bobby Solo,Stadio,2007.0,"3,68",17.0,Bassa (0-20),https://i.scdn.co/image/ab67616d0000b2738cba6825f7b0a0a90ddd3895,38,54,Sì,Non valutabile,Non valutabile,Da verificare: artista differente,No,No
1969,1960,Anni 1960,Meglio una sera (Piangere da solo),Mino Reitano - Claudio Villa,"N. Salerno, A. Salerno, F. Reitano e M. Reitano",NF,,Senza posizione numerica,Non finalista,30 gennaio - 1º febbraio,Casinò di Sanremo,Nuccio Costa,48,Bobby Solo,Claudio Villa,2008.0,"3,47",8.0,Bassa (0-20),https://i.scdn.co/image/ab67616d0000b273e8dbcf59fa80357664f1db7c,39,54,Sì,Sì,No,Affidabile,Sì,Sì
1969,1960,Anni 1960,Non c'è che lei,Armando Savini - Sonia,M. Terzi e C. A. Rossi,NF,,Senza posizione numerica,Non finalista,30 gennaio - 1º febbraio,Casinò di Sanremo,Nuccio Costa,48,Bobby Solo,Nek,1997.0,"4,43",20.0,Bassa (0-20),https://i.scdn.co/image/ab67616d0000b273266c992c271ffc86c83e39a1,28,54,Sì,Non valutabile,Non valutabile,Da verificare: artista differente,No,No
1969,1960,Anni 1960,Se tu ragazzo mio,Gabriella Ferri - Stevie Wonder,"V. Ferri, G. Ferri e P. Pintucci",NF,,Senza posizione numerica,Non finalista,30 gennaio - 1º febbraio,Casinò di Sanremo,Nuccio Costa,48,Bobby Solo,Tutte Le Cose Inutili,2023.0,"4,63",15.0,Bassa (0-20),https://i.scdn.co/image/ab67616d0000b2732f031f2b02f3f6a8abb5d67a,54,54,Sì,Non valutabile,Non valutabile,Da verificare: artista differente,No,No
1969,1960,Anni 1960,Una famiglia,Memo Remigi - Isabella Iannetti,A. Testa e M. Remigi,NF,,Senza posizione numerica,Non finalista,30 gennaio - 1º febbraio,Casinò di Sanremo,Nuccio Costa,48,Bobby Solo,La Comparsa Del Jona,2020.0,"3,11",25.0,Medio-bassa (21-40),https://i.scdn.co/image/ab67616d0000b273a2e9835a5089a7482728aae0,51,54,Sì,Non valutabile,Non valutabile,Da verificare: artista differente,No,No
1970,1970,Anni 1970,Chi non lavora non fa l'amore,Adriano Celentano - Claudia Mori,"L. Beretta, M. Del Prete, A. Celentano, N. de Luca",1º,1,1º posto,Vincitore,26-28 febbraio,Casinò di Sanremo,Nuccio Costa,52,Adriano Celentano,,,,,Dati non disponibili,,,53,Sì,Non valutabile,Non valutabile,Senza dati Spotify,No,No
1970,1970,Anni 1970,La prima cosa bella,Nicola Di Bari - Ricchi e Poveri,"Mogol, M. Scommegna, G. F. Reverberi",2º,2,2º-3º posto,Podio,26-28 febbraio,Casinò di Sanremo,Nuccio Costa,52,Adriano Celentano,Nicola Di Bari,2000.0,"3,18",49.0,Media (41-60),https://i.scdn.co/image/ab67616d0000b273957e8509403e9302cfe1b314,30,53,Sì,Sì,No,Affidabile,Sì,Sì
1970,1970,Anni 1970,L'arca di Noè,Sergio Endrigo - Iva Zanicchi,"S. Endrigo, L. Bacalov",3º,3,2º-3º posto,Podio,26-28 febbraio,Casinò di Sanremo,Nuccio Costa,52,Adriano Celentano,Iva Zanicchi,2010.0,"3,60",28.0,Medio-bassa (21-40),https://i.scdn.co/image/ab67616d0000b273b73c2501cb7bc1c836a7d959,40,53,Sì,Sì,No,Affidabile,Sì,Sì
1970,1970,Anni 1970,Eternità,Ornella Vanoni - Camaleonti,"G. Bigazzi, C. Cavallaro",4º,4,4º-10º posto,Altra posizione,26-28 febbraio,Casinò di Sanremo,Nuccio Costa,52,Adriano Celentano,Ornella Vanoni,2008.0,"3,78",32.0,Medio-bassa (21-40),https://i.scdn.co/image/ab67616d0000b27370e4c0a847eadb96c82b26c2,38,53,Sì,Sì,No,Affidabile,Sì,Sì
1970,1970,Anni 1970,La spada nel cuore,Patty Pravo - Little Tony,"Mogol, C. Donida Labati",5º,5,4º-10º posto,Altra posizione,26-28 febbraio,Casinò di Sanremo,Nuccio Costa,52,Adriano Celentano,Little Tony,1990.0,"4,00",42.0,Media (41-60),https://i.scdn.co/image/ab67616d0000b273faa16276d105d0aaebe8554a,20,53,Sì,Sì,No,Affidabile,Sì,Sì
1970,1970,Anni 1970,Romantico blues,Gigliola Cinquetti - Bobby Solo,"L. Pilat, M. Panzeri e D. Pace",6º,6,4º-10º posto,Altra posizione,26-28 febbraio,Casinò di Sanremo,Nuccio Costa,52,Adriano Celentano,Engelbert Humperdinck,2021.0,"3,39",36.0,Medio-bassa (21-40),https://i.scdn.co/image/ab67616d0000b2737b0aef3268859c15f7e2a859,51,53,Sì,Non valutabile,Non valutabile,Da verificare: artista differente,No,No
1970,1970,Anni 1970,Pa' diglielo a ma',Rosalino Cellamare - Nada,"F. Migliacci, R. Gigli, E. Sbriccoli, M. Cantini e L. Greco",7º,7,4º-10º posto,Altra posizione,26-28 febbraio,Casinò di Sanremo,Nuccio Costa,52,Adriano Celentano,Nada,2001.0,"3,62",11.0,Bassa (0-20),https://i.scdn.co/image/ab67616d0000b2736eb7a5680deb40585c19175b,31,53,Sì,Sì,No,Affidabile,Sì,Sì
1970,1970,Anni 1970,Taxi,Antoine - Anna Identici,"G. Argenio, F. Arrigoni, D. Pace, M. Panzeri e C. Conti",8º (ex aequo),8,4º-10º posto,Altra posizione,26-28 febbraio,Casinò di Sanremo,Nuccio Costa,52,Adriano Celentano,Tony Effe,2023.0,"2,39",72.0,Alta (61-100),https://i.scdn.co/image/ab67616d0000b273d31c0f7e84b4eae88ee7902a,53,53,Sì,Non valutabile,Non valutabile,Da verificare: artista differente,No,No
1970,1970,Anni 1970,Tipitipitì,Orietta Berti - Mario Tessuto,"L. Pilat, M. Panzeri e D. Pace",8º (ex aequo),8,4º-10º posto,Altra posizione,26-28 febbraio,Casinò di Sanremo,Nuccio Costa,52,Adriano Celentano,Orietta Berti,1998.0,"2,84",8.0,Bassa (0-20),https://i.scdn.co/image/ab67616d0000b273906be925c0b7a5c157c3e3f3,28,53,Sì,Sì,No,Affidabile,Sì,Sì
1970,1970,Anni 1970,Sole pioggia e vento,Luciano Tajoli - Mal,Mogol e A. Isola,10º,10,4º-10º posto,Altra posizione,26-28 febbraio,Casinò di Sanremo,Nuccio Costa,52,Adriano Celentano,Perigeo,1973.0,"9,63",4.0,Bassa (0-20),https://i.scdn.co/image/ab67616d0000b273bd97802b5614799caec7981f,3,53,Sì,Non valutabile,Non valutabile,Da verificare: artista differente,No,No
1970,1970,Anni 1970,L'amore è una colomba,Gianni Nazzaro - Marisa Sannia,G. Bigazzi e Totò Savio,11º,11,Oltre il 10º posto,Altra posizione,26-28 febbraio,Casinò di Sanremo,Nuccio Costa,52,Adriano Celentano,Gianni Nazzaro,1990.0,"3,25",7.0,Bassa (0-20),https://i.scdn.co/image/ab67616d0000b2735d3d9037f004c1eb31863bff,20,53,Sì,Sì,No,Affidabile,Sì,Sì
1970,1970,Anni 1970,Hippy,Fausto Leali - Carmen Villani,L. Beretta e F. Leali,12º,12,Oltre il 10º posto,Altra posizione,26-28 febbraio,Casinò di Sanremo,Nuccio Costa,52,Adriano Celentano,Fausto Leali,1970.0,"3,40",1.0,Bassa (0-20),https://i.scdn.co/image/ab67616d0000b2733b87ad259bb2d1821e8518f3,0,53,Sì,No,No,Affidabile,Sì,Sì
1970,1970,Anni 1970,Canzone blu,Tony Renis - Sergio Leonardi,"Mogol, A. Testa e E. Cesari",13º,13,Oltre il 10º posto,Altra posizione,26-28 febbraio,Casinò di Sanremo,Nuccio Costa,52,Adriano Celentano,Peter White,2023.0,"2,54",43.0,Media (41-60),https://i.scdn.co/image/ab67616d0000b27303e0e396591df07c794916c4,53,53,Sì,Non valutabile,Non valutabile,Da verificare: artista differente,No,No
1970,1970,Anni 1970,Re di cuori,Nino Ferrer - Caterina Caselli,"G. Bigazzi, C. Cavallaro e Totò Savio",14º,14,Oltre il 10º posto,Altra posizione,26-28 febbraio,Casinò di Sanremo,Nuccio Costa,52,Adriano Celentano,Yosef,2023.0,"2,85",22.0,Medio-bassa (21-40),https://i.scdn.co/image/ab67616d0000b273b4d7d296afca234455cc5d3d,53,53,Sì,Non valutabile,Non valutabile,Da verificare: artista differente,No,No
1970,1970,Anni 1970,Accidenti,Rocky Roberts - Il Supergruppo,G. Pieretti e R. Gianco,NF,,Senza posizione numerica,Non finalista,26-28 febbraio,Casinò di Sanremo,Nuccio Costa,52,Adriano Celentano,Rocky Roberts,2002.0,"2,90",16.0,Bassa (0-20),https://i.scdn.co/image/ab67616d0000b273a986405f3c7e0a78eacb077a,32,53,Sì,Sì,No,Affidabile,Sì,Sì
1970,1970,Anni 1970,Ahi ahi ragazzo!,Rita Pavone - Valeria Mongardini,F. Migliacci e U. Napolitano,NF,,Senza posizione numerica,Non finalista,26-28 febbraio,Casinò di Sanremo,Nuccio Costa,52,Adriano Celentano,Rita Pavone,2009.0,"2,63",16.0,Bassa (0-20),https://i.scdn.co/image/ab67616d0000b273893e8c2f23feb9867a907934,39,53,Sì,Sì,No,Affidabile,Sì,Sì
1970,1970,Anni 1970,Ahi! Che male che mi fai,Ragazzi della via Gluck - Paolo Mengoli,C. Minellono e S. Cutugno,NF,,Senza posizione numerica,Non finalista,26-28 febbraio,Casinò di Sanremo,Nuccio Costa,52,Adriano Celentano,Paolo Mengoli,2000.0,"3,85",0.0,Bassa (0-20),https://i.scdn.co/image/ab67616d0000b2733ba5993f5c14019b96c63cdf,30,53,Sì,Sì,No,Affidabile,Sì,Sì
1970,1970,Anni 1970,Che effetto mi fa,Pino Donaggio - Sandie Shaw,C. Minellono e G. Donaggio,NF,,Senza posizione numerica,Non finalista,26-28 febbraio,Casinò di Sanremo,Nuccio Costa,52,Adriano Celentano,DOXX,2021.0,"2,90",29.0,Medio-bassa (21-40),https://i.scdn.co/image/ab67616d0000b27362c84aa83afb6b63c45bcf98,51,53,Sì,Non valutabile,Non valutabile,Da verificare: artista differente,No,No
1970,1970,Anni 1970,Ciao anni verdi,Rosanna Fratello - I Domodossola,"V. Pallavicini, N. De Luca e A. Celentano",NF,,Senza posizione numerica,Non finalista,26-28 febbraio,Casinò di Sanremo,Nuccio Costa,52,Adriano Celentano,Rosanna Fratello,2001.0,"3,47",3.0,Bassa (0-20),https://i.scdn.co/image/ab67616d0000b273700938996cf8f6f51a2f30b4,31,53,Sì,Sì,No,Affidabile,Sì,Sì
1970,1970,Anni 1970,Io mi fermo qui,Donatello - Dik Dik,L. Albertelli e E. Riccardi,NF,,Senza posizione numerica,Non finalista,26-28 febbraio,Casinò di Sanremo,Nuccio Costa,52,Adriano Celentano,Ornella Vanoni,2001.0,"3,62",31.0,Medio-bassa (21-40),https://i.scdn.co/image/ab67616d0000b273c7fb93ffa035ccb7a12cdad2,31,53,Sì,Non valutabile,Non valutabile,Da verificare: artista differente,No,No
1970,1970,Anni 1970,L'addio,Michele - Lucia Rizzi,"S. Bardotti, A. Lo Vecchio, G. Antola, M. Francesio e P. Maggi",NF,,Senza posizione numerica,Non finalista,26-28 febbraio,Casinò di Sanremo,Nuccio Costa,52,Adriano Celentano,Giuni Russo,1981.0,"4,85",30.0,Medio-bassa (21-40),https://i.scdn.co/image/ab67616d0000b27394530af68ba66a12073a9ceb,11,53,Sì,Non valutabile,Non valutabile,Da verificare: artista differente,No,No
1970,1970,Anni 1970,La stagione di un fiore,Emiliana Perina - Gens,"L. Rossi, S. Ruisi e G. Marchetti",NF,,Senza posizione numerica,Non finalista,26-28 febbraio,Casinò di Sanremo,Nuccio Costa,52,Adriano Celentano,Gens,2006.0,"3,65",1.0,Bassa (0-20),https://i.scdn.co/image/ab67616d0000b2738d1a356c8521ae49a30afb7a,36,53,Sì,Sì,No,Affidabile,Sì,Sì
1970,1970,Anni 1970,Nevicava a Roma,Renato Rascel - Pio,"M. Del Prete, L. Beretta, R. Negri e G. Verdecchia",NF,,Senza posizione numerica,Non finalista,26-28 febbraio,Casinò di Sanremo,Nuccio Costa,52,Adriano Celentano,Renato Rascel,1963.0,"3,35",2.0,Bassa (0-20),https://i.scdn.co/image/ab67616d0000b273debcf437d270d643be54a016,-7,53,Sì,Non valutabile,Non valutabile,Da escludere: rilascio precedente,No,No
1970,1970,Anni 1970,Occhi a mandorla,Rossano - Dori Ghezzi,V. Pallavicini e P. Soffici,NF,,Senza posizione numerica,Non finalista,26-28 febbraio,Casinò di Sanremo,Nuccio Costa,52,Adriano Celentano,Viross,2022.0,"3,46",1.0,Bassa (0-20),https://i.scdn.co/image/ab67616d0000b273babcd3502ae065980b918361,52,53,Sì,Non valutabile,Non valutabile,Da verificare: artista differente,No,No
1970,1970,Anni 1970,Ora vivo,Francesco Banti - Dino Drusiani,A. Favata e A. Pagani,NF,,Senza posizione numerica,Non finalista,26-28 febbraio,Casinò di Sanremo,Nuccio Costa,52,Adriano Celentano,I Bisaquei,2012.0,"2,24",0.0,Bassa (0-20),https://i.scdn.co/image/ab67616d0000b27360bfab41610845c8bcba80fa,42,53,Sì,Non valutabile,Non valutabile,Da verificare: artista differente,No,No
1970,1970,Anni 1970,Serenata,Claudio Villa - Tony Del Monaco,"G. Bigazzi, F. Polito e A. Rosario",NF,,Senza posizione numerica,Non finalista,26-28 febbraio,Casinò di Sanremo,Nuccio Costa,52,Adriano Celentano,Jovanotti,1994.0,"5,18",51.0,Media (41-60),https://i.scdn.co/image/ab67616d0000b27327157c291a69eae27c73a450,24,53,Sì,Non valutabile,Non valutabile,Da verificare: artista differente,No,No
1971,1970,Anni 1970,Il cuore è uno zingaro,Nada - Nicola Di Bari,F. Migliacci e C. Mattone,1º,1,1º posto,Vincitore,25-27 febbraio,Casinò di Sanremo,Carlo Giuffré,48,Nada (cantante),,,,,Dati non disponibili,,,52,Sì,Non valutabile,Non valutabile,Senza dati Spotify,No,No
1971,1970,Anni 1970,Che sarà,Ricchi e Poveri - José Feliciano,"F. Migliacci, C. Pes e J. Fontana",2º,2,2º-3º posto,Podio,25-27 febbraio,Casinò di Sanremo,Carlo Giuffré,48,Nada (cantante),Achille Lauro,2022.0,"3,11",49.0,Media (41-60),https://i.scdn.co/image/ab67616d0000b273d8c8d069640fce49bd3a0698,51,52,Sì,Non valutabile,Non valutabile,Da verificare: artista differente,No,No
1971,1970,Anni 1970,4 marzo 1943,Lucio Dalla - Equipe 84,L. Dalla e P. Pallottino,3º,3,2º-3º posto,Podio,25-27 febbraio,Casinò di Sanremo,Carlo Giuffré,48,Nada (cantante),Lucio Dalla,1970.0,"3,70",58.0,Media (41-60),https://i.scdn.co/image/ab67616d0000b273a966df0ebb1b344dbf5730d4,-1,52,Sì,No,No,Affidabile,Sì,Sì
1971,1970,Anni 1970,Com'è dolce la sera,Donatello - Marisa Sannia,L. Albertelli e E. Riccardi,4º,4,4º-10º posto,Altra posizione,25-27 febbraio,Casinò di Sanremo,Carlo Giuffré,48,Nada (cantante),Rosanna Fratello,2013.0,"3,62",6.0,Bassa (0-20),https://i.scdn.co/image/ab67616d0000b27322d897e0c0f6541151baf260,42,52,Sì,Non valutabile,Non valutabile,Da verificare: artista differente,No,No
1971,1970,Anni 1970,Sotto le lenzuola,Adriano Celentano - Coro Alpino Milanese,"L. Beretta, M. Del Prete e A. Celentano",5º,5,4º-10º posto,Altra posizione,25-27 febbraio,Casinò di Sanremo,Carlo Giuffré,48,Nada (cantante),Gigi D'Alessio,1997.0,"4,16",47.0,Media (41-60),https://i.scdn.co/image/ab67616d0000b273bd72f407320a428afcc52084,26,52,Sì,Non valutabile,Non valutabile,Da verificare: artista differente,No,No
1971,1970,Anni 1970,Come stai?,Domenico Modugno - Carmen Villani,R. Pazzaglia e D. Modugno,6º,6,4º-10º posto,Altra posizione,25-27 febbraio,Casinò di Sanremo,Carlo Giuffré,48,Nada (cantante),Karma,2021.0,"3,25",19.0,Bassa (0-20),https://i.scdn.co/image/ab67616d0000b27390d9647323069369d137b7d5,50,52,Sì,Non valutabile,Non valutabile,Da verificare: artista differente,No,No
1971,1970,Anni 1970,Bianchi cristalli sereni,Don Backy - Gianni Nazzaro,A. Caponi,7º,7,4º-10º posto,Altra posizione,25-27 febbraio,Casinò di Sanremo,Carlo Giuffré,48,Nada (cantante),Don Backy,1996.0,"3,99",13.0,Bassa (0-20),https://i.scdn.co/image/ab67616d0000b273733ff16b32ae48152aff437e,25,52,Sì,Sì,No,Affidabile,Sì,Sì
1971,1970,Anni 1970,"13, storia d'oggi",Al Bano - Aguaviva,V. Pallavicini e A. Carrisi,8º,8,4º-10º posto,Altra posizione,25-27 febbraio,Casinò di Sanremo,Carlo Giuffré,48,Nada (cantante),Al Bano,2014.0,"4,28",2.0,Bassa (0-20),https://i.scdn.co/image/ab67616d0000b273550e6359671d4f91202b853b,43,52,Sì,Sì,No,Affidabile,Sì,Sì
1971,1970,Anni 1970,Rose nel buio,Gigliola Cinquetti - Ray Conniff,"L. Pilat, M. Panzeri e D. Pace",9º,9,4º-10º posto,Altra posizione,25-27 febbraio,Casinò di Sanremo,Carlo Giuffré,48,Nada (cantante),Gigliola Cinquetti,2009.0,"3,18",2.0,Bassa (0-20),https://i.scdn.co/image/ab67616d0000b2732e355e508811d889906a28af,38,52,Sì,Sì,No,Affidabile,Sì,Sì
1971,1970,Anni 1970,Ninna nanna (Cuore mio),Caterina Caselli - Dik Dik,L. Albertelli e E. Riccardi,10º,10,4º-10º posto,Altra posizione,25-27 febbraio,Casinò di Sanremo,Carlo Giuffré,48,Nada (cantante),Dik Dik,2002.0,"4,36",9.0,Bassa (0-20),https://i.scdn.co/image/ab67616d0000b2730ee61be28959b511e26121b2,31,52,Sì,Sì,No,Affidabile,Sì,Sì
1971,1970,Anni 1970,L'ultimo romantico,Pino Donaggio - Peppino Di Capri,V. Pallavicini e P. Donaggio,11º,11,Oltre il 10º posto,Altra posizione,25-27 febbraio,Casinò di Sanremo,Carlo Giuffré,48,Nada (cantante),Pino Donaggio,2013.0,"3,85",27.0,Medio-bassa (21-40),https://i.scdn.co/image/ab67616d0000b2735b9974fcdecb97b2202bf0b6,42,52,Sì,Sì,No,Affidabile,Sì,Sì
1971,1970,Anni 1970,La folle corsa,Little Tony - Formula 3,Mogol e C. Donida,12º,12,Oltre il 10º posto,Altra posizione,25-27 febbraio,Casinò di Sanremo,Carlo Giuffré,48,Nada (cantante),Lucio Battisti,2020.0,"5,73",20.0,Bassa (0-20),https://i.scdn.co/image/ab67616d0000b27300ff8036f3ca02bdd5794065,49,52,Sì,Non valutabile,Non valutabile,Da verificare: artista differente,No,No
1971,1970,Anni 1970,Una storia,Sergio Endrigo - New Trolls,S. Endrigo,13º,13,Oltre il 10º posto,Altra posizione,25-27 febbraio,Casinò di Sanremo,Carlo Giuffré,48,Nada (cantante),Eros Ramazzotti,2014.0,"4,14",49.0,Media (41-60),https://i.scdn.co/image/ab67616d0000b273dbb3075bb098af7974b845dd,43,52,Sì,Non valutabile,Non valutabile,Da verificare: artista differente,No,No
1971,1970,Anni 1970,Il sorriso il paradiso,Sergio Menegale - Wallace Collection,S. Menegale e G. D'Errico,14º,14,Oltre il 10º posto,Altra posizione,25-27 febbraio,Casinò di Sanremo,Carlo Giuffré,48,Nada (cantante),Capitolo 6,2021.0,"3,27",7.0,Bassa (0-20),https://i.scdn.co/image/ab67616d0000b273f2c54da10f78487e7b822a15,50,52,Sì,Non valutabile,Non valutabile,Da verificare: artista differente,No,No
1971,1970,Anni 1970,Amsterdam,Rosanna Fratello - Nino Ferrer,"D. Pace, M. Panzeri e P. Calvi",NF,,Senza posizione numerica,Non finalista,25-27 febbraio,Casinò di Sanremo,Carlo Giuffré,48,Nada (cantante),Nothing But Thieves,2017.0,"4,54",69.0,Alta (61-100),https://i.scdn.co/image/ab67616d0000b27303598d18d77ffb1c9c250574,46,52,Sì,Non valutabile,Non valutabile,Da verificare: artista differente,No,No
1971,1970,Anni 1970,Andata e ritorno,Maurizio & Fabrizio - Protagonisti,D. Renzetti e L. Albertelli,NF,,Senza posizione numerica,Non finalista,25-27 febbraio,Casinò di Sanremo,Carlo Giuffré,48,Nada (cantante),Gianni Bismark,2023.0,"2,48",39.0,Medio-bassa (21-40),https://i.scdn.co/image/ab67616d0000b2733e235539eff49b9c4cbe0665,52,52,Sì,Non valutabile,Non valutabile,Da verificare: artista differente,No,No
1971,1970,Anni 1970,I ragazzi come noi,Paolo Mengoli - Mark e Martha,E. Lombardi e G. Balducci,NF,,Senza posizione numerica,Non finalista,25-27 febbraio,Casinò di Sanremo,Carlo Giuffré,48,Nada (cantante),I Corvi,2003.0,"3,77",1.0,Bassa (0-20),https://i.scdn.co/image/ab67616d0000b2738c0564720c52ef35219e11b3,32,52,Sì,Non valutabile,Non valutabile,Da verificare: artista differente,No,No
1971,1970,Anni 1970,Il dirigibile,Antoine - Anna Identici,L. Albertelli e M. Fabrizio,NF,,Senza posizione numerica,Non finalista,25-27 febbraio,Casinò di Sanremo,Carlo Giuffré,48,Nada (cantante),Iubal Kollettivo Musicale,2009.0,"3,77",1.0,Bassa (0-20),https://i.scdn.co/image/ab67616d0000b273dc500643ed75c8cd7f64c1b4,38,52,Sì,Non valutabile,Non valutabile,Da verificare: artista differente,No,No
1971,1970,Anni 1970,Il viso di lei,I Giganti - Fabio Trioli,"Baracuda, V. Tempera e S. Scandolara",NF,,Senza posizione numerica,Non finalista,25-27 febbraio,Casinò di Sanremo,Carlo Giuffré,48,Nada (cantante),Ada Mori,2021.0,"2,69",0.0,Bassa (0-20),https://i.scdn.co/image/ab67616d0000b273282de5552d73a4583cb219ec,50,52,Sì,Non valutabile,Non valutabile,Da verificare: artista differente,No,No
1971,1970,Anni 1970,Lo schiaffo,Jordan e i middle of the road - Gens,G. Deriu e V. Barsanti,NF,,Senza posizione numerica,Non finalista,25-27 febbraio,Casinò di Sanremo,Carlo Giuffré,48,Nada (cantante),I Brutos,2011.0,"4,01",2.0,Bassa (0-20),https://i.scdn.co/image/ab67616d0000b2732cd94f11876312890157ec07,40,52,Sì,Non valutabile,Non valutabile,Da verificare: artista differente,No,No
1971,1970,Anni 1970,L'ora giusta,Edda Ollari - Lorenza Visconti,"C. Conti, D. Pace, M. Panzeri e G. Argenio",NF,,Senza posizione numerica,Non finalista,25-27 febbraio,Casinò di Sanremo,Carlo Giuffré,48,Nada (cantante),CoCo,2016.0,"3,16",23.0,Medio-bassa (21-40),https://i.scdn.co/image/ab67616d0000b273de4b86898804132ba010099e,45,52,Sì,Non valutabile,Non valutabile,Da verificare: artista differente,No,No
1971,1970,Anni 1970,Non dimenticarti di me,Nomadi - Mal,Mogol e M. Lavezzi,NF,,Senza posizione numerica,Non finalista,25-27 febbraio,Casinò di Sanremo,Carlo Giuffré,48,Nada (cantante),Pooh,2000.0,"4,64",33.0,Medio-bassa (21-40),https://i.scdn.co/image/ab67616d0000b273e60d0d4db927d9ca5b22e64f,29,52,Sì,Non valutabile,Non valutabile,Da verificare: artista differente,No,No
1971,1970,Anni 1970,Occhi bianchi e neri,Pio - Mau Cristiani,"E. Sciorilli, A. Testa e M. Del Prete",NF,,Senza posizione numerica,Non finalista,25-27 febbraio,Casinò di Sanremo,Carlo Giuffré,48,Nada (cantante),Pio Trebbi,2014.0,"3,86",0.0,Bassa (0-20),https://i.scdn.co/image/ab67616d0000b273a4f8d829fe8ca5c6f3b3b5c2,43,52,Sì,Non valutabile,Non valutabile,Da verificare: artista differente,No,No
1971,1970,Anni 1970,Santo Antonio Santo Francisco,Piero Focaccia - Mungo Jerry,V. Pallavicini e P. Conte,NF,,Senza posizione numerica,Non finalista,25-27 febbraio,Casinò di Sanremo,Carlo Giuffré,48,Nada (cantante),Piero Focaccia,1997.0,"3,16",0.0,Bassa (0-20),https://i.scdn.co/image/ab67616d0000b273be7f5ef351a43c76865b4ee3,26,52,Sì,Sì,No,Affidabile,Sì,Sì
1972,1970,Anni 1970,I giorni dell'arcobaleno,Nicola Di Bari,"M. Scommegna, D. Masini, P. Pintucci",1º,1,1º posto,Vincitore,24-26 febbraio,Casinò di Sanremo,Mike Bongiorno,28,Nicola Di Bari (cantante),,,,,Dati non disponibili,,,51,Sì,Non valutabile,Non valutabile,Senza dati Spotify,No,No
1972,1970,Anni 1970,Come le viole,Peppino Gagliardi,P. Gagliardi e G. Amendola,2º,2,2º-3º posto,Podio,24-26 febbraio,Casinò di Sanremo,Mike Bongiorno,28,Nicola Di Bari (cantante),Peppino Gagliardi,1995.0,"3,48",44.0,Media (41-60),https://i.scdn.co/image/ab67616d0000b2735e07beed771db50692d3d631,23,51,Sì,Sì,No,Affidabile,Sì,Sì
1972,1970,Anni 1970,Il re di denari,Nada,C. Mattone e F. Migliacci,3º,3,2º-3º posto,Podio,24-26 febbraio,Casinò di Sanremo,Mike Bongiorno,28,Nicola Di Bari (cantante),Nada,2001.0,"2,60",32.0,Medio-bassa (21-40),https://i.scdn.co/image/ab67616d0000b2736eb7a5680deb40585c19175b,29,51,Sì,Sì,No,Affidabile,Sì,Sì
1972,1970,Anni 1970,Vado a lavorare,Gianni Morandi,"F. Migliacci, Petaluma, M. Marrocchi e V. Tariciotti",4º,4,4º-10º posto,Altra posizione,24-26 febbraio,Casinò di Sanremo,Mike Bongiorno,28,Nicola Di Bari (cantante),Gianni Morandi,1994.0,"3,62",11.0,Bassa (0-20),https://i.scdn.co/image/ab67616d0000b2730137cda5feb74e8d9fa3e0f2,22,51,Sì,Sì,No,Affidabile,Sì,Sì
1972,1970,Anni 1970,Non voglio innamorarmi mai,Gianni Nazzaro,M. Signorini e G. Bigazzi,5º,5,4º-10º posto,Altra posizione,24-26 febbraio,Casinò di Sanremo,Mike Bongiorno,28,Nicola Di Bari (cantante),Claudio Baglioni,1989.0,"3,30",36.0,Medio-bassa (21-40),https://i.scdn.co/image/ab67616d0000b27358094d42657ecf800dbdf2bf,17,51,Sì,Non valutabile,Non valutabile,Da verificare: artista differente,No,No
1972,1970,Anni 1970,Jesahel,Delirium,O. Prudente e I. Fossati,6º,6,4º-10º posto,Altra posizione,24-26 febbraio,Casinò di Sanremo,Mike Bongiorno,28,Nicola Di Bari (cantante),Delirium,1971.0,"4,16",38.0,Medio-bassa (21-40),https://i.scdn.co/image/ab67616d0000b27395dd02b1a55ab68e0b712a0f,-1,51,Sì,No,No,Affidabile,Sì,Sì
1972,1970,Anni 1970,Montagne verdi,Marcella Bella,G. Bigazzi e G. Bella,7º,7,4º-10º posto,Altra posizione,24-26 febbraio,Casinò di Sanremo,Mike Bongiorno,28,Nicola Di Bari (cantante),Marcella Bella,1972.0,"3,20",43.0,Media (41-60),https://i.scdn.co/image/ab67616d0000b273980019edc2711065fbdad9fb,0,51,Sì,No,No,Affidabile,Sì,Sì
1972,1970,Anni 1970,Piazza Grande,Lucio Dalla,"L. Dalla, R. Cellamare, G. Baldazzi e S. Bardotti",8º,8,4º-10º posto,Altra posizione,24-26 febbraio,Casinò di Sanremo,Mike Bongiorno,28,Nicola Di Bari (cantante),Lucio Dalla,2006.0,"3,22",45.0,Media (41-60),https://i.scdn.co/image/ab67616d0000b273d5ac3fc935856bec462e7695,34,51,Sì,Sì,No,Affidabile,Sì,Sì
1972,1970,Anni 1970,Gira l'amore (Caro bebè),Gigliola Cinquetti,M. Panzeri e D. Pace,9º,9,4º-10º posto,Altra posizione,24-26 febbraio,Casinò di Sanremo,Mike Bongiorno,28,Nicola Di Bari (cantante),Gigliola Cinquetti,2009.0,"2,81",16.0,Bassa (0-20),https://i.scdn.co/image/ab67616d0000b2732e355e508811d889906a28af,37,51,Sì,Sì,No,Affidabile,Sì,Sì
1972,1970,Anni 1970,Ti voglio,Donatello,R. Sanna e D.L. Pieretti,10º,10,4º-10º posto,Altra posizione,24-26 febbraio,Casinò di Sanremo,Mike Bongiorno,28,Nicola Di Bari (cantante),Luchè,2012.0,"3,99",51.0,Media (41-60),https://i.scdn.co/image/ab67616d0000b2738d28f5b239d00dffc4bc5ca3,40,51,Sì,Non valutabile,Non valutabile,Da verificare: artista differente,No,No
1972,1970,Anni 1970,Un diadema di ciliegie,Ricchi e Poveri,R. Bertola,11º,11,Oltre il 10º posto,Altra posizione,24-26 febbraio,Casinò di Sanremo,Mike Bongiorno,28,Nicola Di Bari (cantante),Ricchi E Poveri,2016.0,"4,13",10.0,Bassa (0-20),https://i.scdn.co/image/ab67616d0000b2739a4930ab48767dead18b51a0,44,51,Sì,Sì,Sì,Affidabile,Sì,Sì
1972,1970,Anni 1970,Mediterraneo,Milva,L. Albertelli e E. Riccardi,12º,12,Oltre il 10º posto,Altra posizione,24-26 febbraio,Casinò di Sanremo,Mike Bongiorno,28,Nicola Di Bari (cantante),Mango,1992.0,"3,93",50.0,Media (41-60),https://i.scdn.co/image/ab67616d0000b2736f3fc6f63356b1dd8c402d07,20,51,Sì,Non valutabile,Non valutabile,Da verificare: artista differente,No,No
1972,1970,Anni 1970,Se non fosse fra queste mie braccia lo inventerei,Lara Saint Paul,E. Suligoj e L. Beretta,13º,13,Oltre il 10º posto,Altra posizione,24-26 febbraio,Casinò di Sanremo,Mike Bongiorno,28,Nicola Di Bari (cantante),Max Pezzali,2020.0,"3,87",45.0,Media (41-60),https://i.scdn.co/image/ab67616d0000b273240f5fc1f07b9900c9fe7490,48,51,Sì,Non valutabile,Non valutabile,Da verificare: artista differente,No,No
1972,1970,Anni 1970,Un calcio alla città,Domenico Modugno,"D. Modugno, M. Castellacci e R. Pazzaglia",14º,14,Oltre il 10º posto,Altra posizione,24-26 febbraio,Casinò di Sanremo,Mike Bongiorno,28,Nicola Di Bari (cantante),Domenico Modugno,2013.0,"4,05",19.0,Bassa (0-20),https://i.scdn.co/image/ab67616d0000b273887d09a59c39b053fc8764c8,41,51,Sì,Sì,No,Affidabile,Sì,Sì
1972,1970,Anni 1970,Amici mai,Rita Pavone,Caviri e M. Cantini,NF,,Senza posizione numerica,Non finalista,24-26 febbraio,Casinò di Sanremo,Mike Bongiorno,28,Nicola Di Bari (cantante),Antonello Venditti,2009.0,"5,26",53.0,Media (41-60),https://i.scdn.co/image/ab67616d0000b273c8f0f9c9e2f1b7ecef73639e,37,51,Sì,Non valutabile,Non valutabile,Da verificare: artista differente,No,No
1972,1970,Anni 1970,Ci sono giorni,Pino Donaggio,V. Pallavicini e P. Donaggio,NF,,Senza posizione numerica,Non finalista,24-26 febbraio,Casinò di Sanremo,Mike Bongiorno,28,Nicola Di Bari (cantante),4Tu,2019.0,"0,65",17.0,Bassa (0-20),https://i.scdn.co/image/ab67616d0000b2737b0c1bb0b667c8acc71aa0a3,47,51,Sì,Non valutabile,Non valutabile,Da verificare: artista differente,No,No
1972,1970,Anni 1970,Ciao amico ciao,Aguaviva,M. Remigi e C. Minellono,NF,,Senza posizione numerica,Non finalista,24-26 febbraio,Casinò di Sanremo,Mike Bongiorno,28,Nicola Di Bari (cantante),Franco Andolfo,2000.0,"3,02",22.0,Medio-bassa (21-40),https://i.scdn.co/image/ab67616d0000b27332a2fa66b20e016c03a92270,28,51,Sì,Non valutabile,Non valutabile,Da verificare: artista differente,No,No
1972,1970,Anni 1970,Era bello il mio ragazzo,Anna Identici,G. Guarnieri e P. P. Preti,NF,,Senza posizione numerica,Non finalista,24-26 febbraio,Casinò di Sanremo,Mike Bongiorno,28,Nicola Di Bari (cantante),Anna Identici,1972.0,"3,29",7.0,Bassa (0-20),https://i.scdn.co/image/ab67616d0000b273271118187b89f61f3e405396,0,51,Sì,No,No,Affidabile,Sì,Sì
1972,1970,Anni 1970,Forestiero,Michele,"S. Scandolara, S. Bardotti, C. Castellari e C. Castellari",NF,,Senza posizione numerica,Non finalista,24-26 febbraio,Casinò di Sanremo,Mike Bongiorno,28,Nicola Di Bari (cantante),ISoci,2023.0,"2,89",1.0,Bassa (0-20),https://i.scdn.co/image/ab67616d0000b273c197b2c1e4334d66dfdaa217,51,51,Sì,Non valutabile,Non valutabile,Da verificare: artista differente,No,No
1972,1970,Anni 1970,Il mio cuore se ne va,Carla Bissi,M. Remigi e Spiker,NF,,Senza posizione numerica,Non finalista,24-26 febbraio,Casinò di Sanremo,Mike Bongiorno,28,Nicola Di Bari (cantante),Carla Bissi,1973.0,"3,17",2.0,Bassa (0-20),https://i.scdn.co/image/ab67616d0000b27384ce3c3ec8c39fce8a6f02d7,1,51,Sì,No,No,Affidabile,Sì,Sì
1972,1970,Anni 1970,L'uomo e il cane,Fausto Leali,F. Leali e M. Cantù,NF,,Senza posizione numerica,Non finalista,24-26 febbraio,Casinò di Sanremo,Mike Bongiorno,28,Nicola Di Bari (cantante),Dolores Olioso,2016.0,"2,29",1.0,Bassa (0-20),https://i.scdn.co/image/ab67616d0000b273ee2ba7fd4431eb24a3af1463,44,51,Sì,Non valutabile,Non valutabile,Da verificare: artista differente,No,No
1972,1970,Anni 1970,La foresta selvaggia,Marisa Sacchetto,P. Limiti e C. Cavallaro,NF,,Senza posizione numerica,Non finalista,24-26 febbraio,Casinò di Sanremo,Mike Bongiorno,28,Nicola Di Bari (cantante),Meditazione zen musica,2017.0,"3,68",0.0,Bassa (0-20),https://i.scdn.co/image/ab67616d0000b273ef2d2b6056204e6873fb54d1,45,51,Sì,Non valutabile,Non valutabile,Da verificare: artista differente,No,No
1972,1970,Anni 1970,Per amore ricomincerei,Delia,"M. Terzi, A. Salerno e C. Dammicco",NF,,Senza posizione numerica,Non finalista,24-26 febbraio,Casinò di Sanremo,Mike Bongiorno,28,Nicola Di Bari (cantante),Roberto Vecchioni,1991.0,"4,74",35.0,Medio-bassa (21-40),https://i.scdn.co/image/ab67616d0000b273d7857a964fafb0d789f76265,19,51,Sì,Non valutabile,Non valutabile,Da verificare: artista differente,No,No
1972,1970,Anni 1970,Portami via,Angelica,M. Mellier e L. Medini,NF,,Senza posizione numerica,Non finalista,24-26 febbraio,Casinò di Sanremo,Mike Bongiorno,28,Nicola Di Bari (cantante),Fabrizio Moro,2017.0,"3,24",56.0,Media (41-60),https://i.scdn.co/image/ab67616d0000b273163814701f6027e7fa5770fd,45,51,Sì,Non valutabile,Non valutabile,Da verificare: artista differente,No,No
1972,1970,Anni 1970,Preghiera,Tony Cucchiara,T. Cucchiara,NF,,Senza posizione numerica,Non finalista,24-26 febbraio,Casinò di Sanremo,Mike Bongiorno,28,Nicola Di Bari (cantante),Fabrizio De André,1967.0,"3,52",45.0,Media (41-60),https://i.scdn.co/image/ab67616d0000b2738eeb336aff3e753c3359df51,-5,51,Sì,Non valutabile,Non valutabile,Da escludere: rilascio precedente,No,No
1972,1970,Anni 1970,Rimpianto,Bobby Solo,E. Riccardi e L. Albertelli,NF,,Senza posizione numerica,Non finalista,24-26 febbraio,Casinò di Sanremo,Mike Bongiorno,28,Nicola Di Bari (cantante),Aleam,2023.0,"2,47",26.0,Medio-bassa (21-40),https://i.scdn.co/image/ab67616d0000b273627c918e0dad79f7eaad8038,51,51,Sì,Non valutabile,Non valutabile,Da verificare: artista differente,No,No
1972,1970,Anni 1970,Un gatto nel blu,Roberto Carlos,"G. Savio, G. Bigazzi",NF,,Senza posizione numerica,Non finalista,24-26 febbraio,Casinò di Sanremo,Mike Bongiorno,28,Nicola Di Bari (cantante),Roberto Carlos,1976.0,"3,84",28.0,Medio-bassa (21-40),https://i.scdn.co/image/ab67616d0000b2732deff8e407ed509ccf157e2d,4,51,Sì,No,No,Affidabile,Sì,Sì
1972,1970,Anni 1970,Un viaggio in Inghilterra,I Nuovi Angeli,"R. Sanna, D.L. Pieretti",NF,,Senza posizione numerica,Non finalista,24-26 febbraio,Casinò di Sanremo,Mike Bongiorno,28,Nicola Di Bari (cantante),Strana Officina,2017.0,"3,75",4.0,Bassa (0-20),https://i.scdn.co/image/ab67616d0000b2739094c3330d983fdb4d5f11a7,45,51,Sì,Non valutabile,Non valutabile,Da verificare: artista differente,No,No
1973,1970,Anni 1970,Un grande amore e niente più,Peppino Di Capri,"F. Califano, G. Wright, G. Faiella, C. Mattone",1º,1,1º posto,Vincitore,8-10 marzo,Casinò di Sanremo,Mike Bongiorno,30,Peppino di Capri,,,,,Dati non disponibili,,,50,Sì,Non valutabile,Non valutabile,Senza dati Spotify,No,No
1973,1970,Anni 1970,Come un ragazzino,Peppino Gagliardi,"G. Amendola, P. Gagliardi",2º,2,2º-3º posto,Podio,8-10 marzo,Casinò di Sanremo,Mike Bongiorno,30,Peppino di Capri,Peppino Gagliardi,2015.0,"3,76",36.0,Medio-bassa (21-40),https://i.scdn.co/image/ab67616d0000b273fa5b1b3c79a950ccb211af99,42,50,Sì,Sì,Sì,Affidabile,Sì,Sì
1973,1970,Anni 1970,Da troppo tempo,Milva,"L. Albertelli, G. Colonnello",3º,3,2º-3º posto,Podio,8-10 marzo,Casinò di Sanremo,Mike Bongiorno,30,Peppino di Capri,Tarlan Gazenferoğlu,2013.0,"3,32",32.0,Medio-bassa (21-40),https://i.scdn.co/image/ab67616d0000b2734ac21d1d7aa7a3185ec93164,40,50,Sì,Non valutabile,Non valutabile,Da verificare: artista differente,No,No
1973,1970,Anni 1970,Dolce frutto,Ricchi e Poveri,C. Minellono e U. Balsamo,4º,4,4º-10º posto,Altra posizione,8-10 marzo,Casinò di Sanremo,Mike Bongiorno,30,Peppino di Capri,Ricchi E Poveri,2021.0,"3,24",26.0,Medio-bassa (21-40),https://i.scdn.co/image/ab67616d0000b273640114b8170b11ff78aad10c,48,50,Sì,Sì,Sì,Affidabile,Sì,Sì
1973,1970,Anni 1970,Serena,Gilda Giuliani,V. Pallavicini e G. Mescoli,5º,5,4º-10º posto,Altra posizione,8-10 marzo,Casinò di Sanremo,Mike Bongiorno,30,Peppino di Capri,Serena Brancale,2022.0,"2,09",24.0,Medio-bassa (21-40),https://i.scdn.co/image/ab67616d0000b273036bfa64d7fa0b0b5afc49ee,49,50,Sì,Non valutabile,Non valutabile,Da verificare: artista differente,No,No
1973,1970,Anni 1970,Tu nella mia vita,Wess e Dori Ghezzi,"Lubiak, F. Monti Arduini",6º,6,4º-10º posto,Altra posizione,8-10 marzo,Casinò di Sanremo,Mike Bongiorno,30,Peppino di Capri,Dori Ghezzi,2000.0,"3,41",28.0,Medio-bassa (21-40),https://i.scdn.co/image/ab67616d0000b273ebfc5bed5022c58727aaee23,27,50,Sì,Sì,No,Affidabile,Sì,Sì
1973,1970,Anni 1970,L'uomo che si gioca il cielo a dadi,Roberto Vecchioni,R. Vecchioni,7º,7,4º-10º posto,Altra posizione,8-10 marzo,Casinò di Sanremo,Mike Bongiorno,30,Peppino di Capri,Roberto Vecchioni,1973.0,"3,79",25.0,Medio-bassa (21-40),https://i.scdn.co/image/ab67616d0000b273a52ee820caa06bf2db1ae02b,0,50,Sì,No,No,Affidabile,Sì,Sì
1973,1970,Anni 1970,La bandiera di sole,Fausto Leali,V. Pallavicini e F. Leali,8º,8,4º-10º posto,Altra posizione,8-10 marzo,Casinò di Sanremo,Mike Bongiorno,30,Peppino di Capri,Fausto Leali,1973.0,"4,46",0.0,Bassa (0-20),https://i.scdn.co/image/ab67616d0000b273a8957ceafee26f667538b4c2,0,50,Sì,No,No,Affidabile,Sì,Sì
1973,1970,Anni 1970,Amore mio,Umberto Balsamo,"C. Minellono, U. Balsamo",9º,9,4º-10º posto,Altra posizione,8-10 marzo,Casinò di Sanremo,Mike Bongiorno,30,Peppino di Capri,Salvo Nicolosi,2009.0,"4,11",40.0,Medio-bassa (21-40),https://i.scdn.co/image/ab67616d0000b2737c42be53463c0fbc0bd6eb6c,36,50,Sì,Non valutabile,Non valutabile,Da verificare: artista differente,No,No
1973,1970,Anni 1970,Mi son chiesta tante volte,Anna Identici,P. P. Preti e G. Guarneri,10º,10,4º-10º posto,Altra posizione,8-10 marzo,Casinò di Sanremo,Mike Bongiorno,30,Peppino di Capri,Gougoush,1973.0,"3,06",1.0,Bassa (0-20),https://i.scdn.co/image/ab67616d0000b273a298b69d6a83750b969da055,0,50,Sì,Non valutabile,Non valutabile,Da verificare: artista differente,No,No
1973,1970,Anni 1970,Come sei bella,Camaleonti,G. Bigazzi e C. Cavallaro,11º,11,Oltre il 10º posto,Altra posizione,8-10 marzo,Casinò di Sanremo,Mike Bongiorno,30,Peppino di Capri,Massimo Di Cataldo,2001.0,"4,76",33.0,Medio-bassa (21-40),https://i.scdn.co/image/ab67616d0000b27342627fd01c64ceb7517eca63,28,50,Sì,Non valutabile,Non valutabile,Da verificare: artista differente,No,No
1973,1970,Anni 1970,Tu giovane amore mio,Donatello,"G. Pieretti, F. Monachesi, R. Gianco e A. Nicorelli",12º,12,Oltre il 10º posto,Altra posizione,8-10 marzo,Casinò di Sanremo,Mike Bongiorno,30,Peppino di Capri,Donatello,2002.0,"3,77",1.0,Bassa (0-20),https://i.scdn.co/image/ab67616d0000b273a476144f6be2bb5d1c2ba3a1,29,50,Sì,Sì,No,Affidabile,Sì,Sì
1973,1970,Anni 1970,Il mondo è qui,Memo Remigi,M. Remigi,13º,13,Oltre il 10º posto,Altra posizione,8-10 marzo,Casinò di Sanremo,Mike Bongiorno,30,Peppino di Capri,Ensi,2017.0,"3,83",27.0,Medio-bassa (21-40),https://i.scdn.co/image/ab67616d0000b2730ee02d3cd84e5cdac0385afb,44,50,Sì,Non valutabile,Non valutabile,Da verificare: artista differente,No,No
1973,1970,Anni 1970,Tre minuti di ricordi,Alessandro,M. Del Prete e A. Pintus,14º,14,Oltre il 10º posto,Altra posizione,8-10 marzo,Casinò di Sanremo,Mike Bongiorno,30,Peppino di Capri,Matteo Venturi,2016.0,"3,91",5.0,Bassa (0-20),https://i.scdn.co/image/ab67616d0000b27399b3da5a60252a235623604a,43,50,Sì,Non valutabile,Non valutabile,Da verificare: artista differente,No,No
1973,1970,Anni 1970,Straniera straniera,Lionello,F. Specchia e F. Chiaravalle,15º,15,Oltre il 10º posto,Altra posizione,8-10 marzo,Casinò di Sanremo,Mike Bongiorno,30,Peppino di Capri,Luciano Tajoli,2007.0,"3,48",23.0,Medio-bassa (21-40),https://i.scdn.co/image/ab67616d0000b273d57999e64c0dfe84e0b9516b,34,50,Sì,Non valutabile,Non valutabile,Da verificare: artista differente,No,No
1973,1970,Anni 1970,Una casa grande,Lara Saint Paul,"A. Lo Vecchio, N. Aprile e N. Villa",16º,16,Oltre il 10º posto,Altra posizione,8-10 marzo,Casinò di Sanremo,Mike Bongiorno,30,Peppino di Capri,Charles Ans,2021.0,"3,48",37.0,Medio-bassa (21-40),https://i.scdn.co/image/ab67616d0000b273ce6ab938251398267d8bab70,48,50,Sì,Non valutabile,Non valutabile,Da verificare: artista differente,No,No
1973,1970,Anni 1970,Addio amor,Mocedades,"M. Gallerani, G. Bosisio e M. Nobile",NF,,Senza posizione numerica,Non finalista,8-10 marzo,Casinò di Sanremo,Mike Bongiorno,30,Peppino di Capri,Viola Valentino,2017.0,"4,24",1.0,Bassa (0-20),https://i.scdn.co/image/ab67616d0000b27310453a5ed42c963b0b9f4928,44,50,Sì,Non valutabile,Non valutabile,Da verificare: artista differente,No,No
1973,1970,Anni 1970,Angeline,Pop Tops,R. Nisi Marsella e C. Daiano,NF,,Senza posizione numerica,Non finalista,8-10 marzo,Casinò di Sanremo,Mike Bongiorno,30,Peppino di Capri,Chase Atlantic,2017.0,"3,89",56.0,Media (41-60),https://i.scdn.co/image/ab67616d0000b2735a0c2870f4f309e382d1fad6,44,50,Sì,Non valutabile,Non valutabile,Da verificare: artista differente,No,No
1973,1970,Anni 1970,Anika na-o,Jet,F. Piccarreda e P. Cochis e P. Cassano,NF,,Senza posizione numerica,Non finalista,8-10 marzo,Casinò di Sanremo,Mike Bongiorno,30,Peppino di Capri,Kronan,2022.0,"2,90",24.0,Medio-bassa (21-40),https://i.scdn.co/image/ab67616d0000b273f351e70012b5594847e79543,49,50,Sì,Non valutabile,Non valutabile,Da verificare: artista differente,No,No
1973,1970,Anni 1970,Cara amica,Bassano,F. Specchia P. Prencipe e V. Caruso,NF,,Senza posizione numerica,Non finalista,8-10 marzo,Casinò di Sanremo,Mike Bongiorno,30,Peppino di Capri,270bis,2020.0,"3,56",20.0,Bassa (0-20),https://i.scdn.co/image/ab67616d0000b27330f6a1d8a6f39a06dea48e99,47,50,Sì,Non valutabile,Non valutabile,Da verificare: artista differente,No,No
1973,1970,Anni 1970,Dove andrai,Carmen Amato,D. Mariano,NF,,Senza posizione numerica,Non finalista,8-10 marzo,Casinò di Sanremo,Mike Bongiorno,30,Peppino di Capri,Andrea Bonifazi,2019.0,"3,81",27.0,Medio-bassa (21-40),https://i.scdn.co/image/ab67616d0000b273b7a7da3af3b619ab10e8aa25,46,50,Sì,Non valutabile,Non valutabile,Da verificare: artista differente,No,No
1973,1970,Anni 1970,Elisa Elisa,Sergio Endrigo,S. Bardotti e S. Endrigo,NF,,Senza posizione numerica,Non finalista,8-10 marzo,Casinò di Sanremo,Mike Bongiorno,30,Peppino di Capri,Ermal Meta,2017.0,"3,70",57.0,Media (41-60),https://i.scdn.co/image/ab67616d0000b273eb5590b17bc668f61f20dd21,44,50,Sì,Non valutabile,Non valutabile,Da verificare: artista differente,No,No
1973,1970,Anni 1970,Innamorata io?,Lolita,A. Celentano e F. Chiaravalle,NF,,Senza posizione numerica,Non finalista,8-10 marzo,Casinò di Sanremo,Mike Bongiorno,30,Peppino di Capri,Papik,2015.0,"2,96",29.0,Medio-bassa (21-40),https://i.scdn.co/image/ab67616d0000b27394d17cbe8930061c806452fa,42,50,Sì,Non valutabile,Non valutabile,Da verificare: artista differente,No,No
1973,1970,Anni 1970,Mistero,Gigliola Cinquetti,C. Mattone,NF,,Senza posizione numerica,Non finalista,8-10 marzo,Casinò di Sanremo,Mike Bongiorno,30,Peppino di Capri,Enrico Ruggeri,1993.0,"4,08",40.0,Medio-bassa (21-40),https://i.scdn.co/image/ab67616d0000b273e423a235cffb80128e9610d2,20,50,Sì,Non valutabile,Non valutabile,Da verificare: artista differente,No,No
1973,1970,Anni 1970,Mondo mio,Christian De Sica,P. Conte e G. Conte,NF,,Senza posizione numerica,Non finalista,8-10 marzo,Casinò di Sanremo,Mike Bongiorno,30,Peppino di Capri,Leila,2016.0,"3,00",0.0,Bassa (0-20),https://i.scdn.co/image/ab67616d0000b273b14a8f65a07baad731493365,43,50,Sì,Non valutabile,Non valutabile,Da verificare: artista differente,No,No
1973,1970,Anni 1970,Ogni volta che mi pare,Alberto Feri,F. Evangelisti e P. Pintucci,NF,,Senza posizione numerica,Non finalista,8-10 marzo,Casinò di Sanremo,Mike Bongiorno,30,Peppino di Capri,Mietta,2011.0,"3,61",4.0,Bassa (0-20),https://i.scdn.co/image/ab67616d0000b273ecb358f8fecfab008a2635b3,38,50,Sì,Non valutabile,Non valutabile,Da verificare: artista differente,No,No
1973,1970,Anni 1970,Povero,Junior Magli,L. Medini e M. Mellier,NF,,Senza posizione numerica,Non finalista,8-10 marzo,Casinò di Sanremo,Mike Bongiorno,30,Peppino di Capri,Marnage,2022.0,"2,08",28.0,Medio-bassa (21-40),https://i.scdn.co/image/ab67616d0000b273b85367400ce015c507d94f67,49,50,Sì,Non valutabile,Non valutabile,Da verificare: artista differente,No,No
1973,1970,Anni 1970,Sugli sugli bane bane,Le Figlie del Vento,"F. Chiaravalle, P. Tomelleri e A. M. Piccioli",NF,,Senza posizione numerica,Non finalista,8-10 marzo,Casinò di Sanremo,Mike Bongiorno,30,Peppino di Capri,Le Figlie del Vento,2012.0,"2,69",19.0,Bassa (0-20),https://i.scdn.co/image/ab67616d0000b27381aab4002ac0dbaedfc6b606,39,50,Sì,Sì,No,Affidabile,Sì,Sì
1973,1970,Anni 1970,Vado via,Drupi,E. Riccardi e L. Albertelli,NF,,Senza posizione numerica,Non finalista,8-10 marzo,Casinò di Sanremo,Mike Bongiorno,30,Peppino di Capri,Drupi,2000.0,"4,09",40.0,Medio-bassa (21-40),https://i.scdn.co/image/ab67616d0000b2738ca951f14ecf9e78030d191e,27,50,Sì,Sì,No,Affidabile,Sì,Sì
1973,1970,Anni 1970,Via Garibaldi,Toni Santagata,T. Santagata,NF,,Senza posizione numerica,Non finalista,8-10 marzo,Casinò di Sanremo,Mike Bongiorno,30,Peppino di Capri,Steve Hem,2021.0,"2,35",5.0,Bassa (0-20),https://i.scdn.co/image/ab67616d0000b2730c4712c8ca8b5fc9d9ffdf64,48,50,Sì,Non valutabile,Non valutabile,Da verificare: artista differente,No,No
1974,1970,Anni 1970,Ciao cara come stai?,Iva Zanicchi,"C. Malgioglio, C. Daiano, Dinaro e I. Ianne",1º,1,1º posto,Vincitore,7-9 marzo,Casinò di Sanremo,Corrado (conduttore televisivo),28,Iva Zanicchi,,,,,Dati non disponibili,,,49,Sì,Non valutabile,Non valutabile,Senza dati Spotify,No,No
1974,1970,Anni 1970,Questa è la mia vita,Domenico Modugno,"L. Beretta, D. Modugno e E. Suligoj",2º,2,2º-3º posto,Podio,7-9 marzo,Casinò di Sanremo,Corrado (conduttore televisivo),28,Iva Zanicchi,Ligabue,2002.0,"4,03",56.0,Media (41-60),https://i.scdn.co/image/ab67616d0000b273477e3b12ed9c380d3b77b6e1,28,49,Sì,Non valutabile,Non valutabile,Da verificare: artista differente,No,No
1974,1970,Anni 1970,Occhi rossi,Orietta Berti,"D. Pace, C. Conti, L. Pilat e M. Panzeri",3º,3,2º-3º posto,Podio,7-9 marzo,Casinò di Sanremo,Corrado (conduttore televisivo),28,Iva Zanicchi,Coez,2022.0,"2,96",63.0,Alta (61-100),https://i.scdn.co/image/ab67616d0000b2738f05338b112b25d40aad90c6,48,49,Sì,Non valutabile,Non valutabile,Da verificare: artista differente,No,No
1974,1970,Anni 1970,Sta piovendo dolcemente,Anna Melato,M. Piccoli e P. Donaggio,F,,Senza posizione numerica,Finalista senza posizione,7-9 marzo,Casinò di Sanremo,Corrado (conduttore televisivo),28,Iva Zanicchi,Maria Del Carmen,2013.0,"3,17",0.0,Bassa (0-20),https://i.scdn.co/image/ab67616d0000b27312c64da5518c62620d39b28f,39,49,Sì,Non valutabile,Non valutabile,Da verificare: artista differente,No,No
1974,1970,Anni 1970,Il mio volo bianco,Emanuela Cortesi,"C. Daiano, F. Zanon e I. Ianne",F,,Senza posizione numerica,Finalista senza posizione,7-9 marzo,Casinò di Sanremo,Corrado (conduttore televisivo),28,Iva Zanicchi,Carlos Gomes,2005.0,"8,07",0.0,Bassa (0-20),https://i.scdn.co/image/ab67616d0000b2738f1578ea8afaae22f6074869,31,49,Sì,Non valutabile,Non valutabile,Da verificare: artista differente,No,No
1974,1970,Anni 1970,Senza titolo,Gilda Giuliani,"V. Pallavicini, A. Ferrari e G. Mescoli",F,,Senza posizione numerica,Finalista senza posizione,7-9 marzo,Casinò di Sanremo,Corrado (conduttore televisivo),28,Iva Zanicchi,Lucio Corsi,2020.0,"2,94",21.0,Medio-bassa (21-40),https://i.scdn.co/image/ab67616d0000b27355d1a3f1c3006f756eae1f2e,46,49,Sì,Non valutabile,Non valutabile,Da verificare: artista differente,No,No
1974,1970,Anni 1970,Se hai paura,I Domodossola,"R. Soffici, M. Guantini e L. Albertelli",F,,Senza posizione numerica,Finalista senza posizione,7-9 marzo,Casinò di Sanremo,Corrado (conduttore televisivo),28,Iva Zanicchi,Afterhours,1997.0,"2,76",16.0,Bassa (0-20),https://i.scdn.co/image/ab67616d0000b2737417c8ebd6b30f95d5aeff23,23,49,Sì,Non valutabile,Non valutabile,Da verificare: artista differente,No,No
1974,1970,Anni 1970,Mon ami Tango,Les Charlots,"D. Pace, C. Conti, L. Pilat e M. Panzeri",F,,Senza posizione numerica,Finalista senza posizione,7-9 marzo,Casinò di Sanremo,Corrado (conduttore televisivo),28,Iva Zanicchi,L'Armenonville,2019.0,"3,97",1.0,Bassa (0-20),https://i.scdn.co/image/ab67616d0000b2733461b9c8d275e82f60a00b07,45,49,Sì,Non valutabile,Non valutabile,Da verificare: artista differente,No,No
1974,1970,Anni 1970,Notte dell'estate,Valentina Greco,"A. Mammoliti, A. Buonocore e C. Celli",F,,Senza posizione numerica,Finalista senza posizione,7-9 marzo,Casinò di Sanremo,Corrado (conduttore televisivo),28,Iva Zanicchi,Franco Califano,2015.0,"4,68",17.0,Bassa (0-20),https://i.scdn.co/image/ab67616d0000b2732dcda536dd49147eee2ffacb,41,49,Sì,Non valutabile,Non valutabile,Da verificare: artista differente,No,No
1974,1970,Anni 1970,Il matto del villaggio,Nicola Di Bari,"F. Migliacci, C. Mattone e P. Pintucci",F,,Senza posizione numerica,Finalista senza posizione,7-9 marzo,Casinò di Sanremo,Corrado (conduttore televisivo),28,Iva Zanicchi,Egreen,2022.0,"2,91",11.0,Bassa (0-20),https://i.scdn.co/image/ab67616d0000b273da1eb3930094e3f088640c8a,48,49,Sì,Non valutabile,Non valutabile,Da verificare: artista differente,No,No
1974,1970,Anni 1970,Ah! L'amore,Mouth & MacNeal,"E. Lombardo, C. Sebastianelli e E. Capelli",F,,Senza posizione numerica,Finalista senza posizione,7-9 marzo,Casinò di Sanremo,Corrado (conduttore televisivo),28,Iva Zanicchi,Alessandro Safina,2014.0,"4,61",43.0,Media (41-60),https://i.scdn.co/image/ab67616d0000b273021c70b0c9ddfc2e398067d8,40,49,Sì,Non valutabile,Non valutabile,Da verificare: artista differente,No,No
1974,1970,Anni 1970,A modo mio,Gianni Nazzaro,C. Baglioni e A. Coggio,F,,Senza posizione numerica,Finalista senza posizione,7-9 marzo,Casinò di Sanremo,Corrado (conduttore televisivo),28,Iva Zanicchi,Patty Pravo,2018.0,"5,04",6.0,Bassa (0-20),https://i.scdn.co/image/ab67616d0000b2734c3cd14e10be23346a97ef43,44,49,Sì,Non valutabile,Non valutabile,Da verificare: artista differente,No,No
1974,1970,Anni 1970,In controluce,Al Bano,A. Carrisi e P. Limiti,F,,Senza posizione numerica,Finalista senza posizione,7-9 marzo,Casinò di Sanremo,Corrado (conduttore televisivo),28,Iva Zanicchi,Gianni Marchetti,1969.0,"1,66",31.0,Medio-bassa (21-40),https://i.scdn.co/image/ab67616d0000b27311dd95756ecb3953ac1ae3b0,-5,49,Sì,Non valutabile,Non valutabile,Da escludere: rilascio precedente,No,No
1974,1970,Anni 1970,Innamorati,Mino Reitano,"L. Beretta, F. Reitano e M. Reitano",F,,Senza posizione numerica,Finalista senza posizione,7-9 marzo,Casinò di Sanremo,Corrado (conduttore televisivo),28,Iva Zanicchi,Toto Cutugno,1980.0,"3,94",50.0,Media (41-60),https://i.scdn.co/image/ab67616d0000b27330f071c00e1babd1fbcb81a4,6,49,Sì,Non valutabile,Non valutabile,Da verificare: artista differente,No,No
1974,1970,Anni 1970,Un po' di coraggio,Rosanna Fratello,G. Pieretti e A. R. Mancino,F,,Senza posizione numerica,Finalista senza posizione,7-9 marzo,Casinò di Sanremo,Corrado (conduttore televisivo),28,Iva Zanicchi,Andrea Petrucci,2020.0,"3,04",5.0,Bassa (0-20),https://i.scdn.co/image/ab67616d0000b273a1857250a13e979ea29746bf,46,49,Sì,Non valutabile,Non valutabile,Da verificare: artista differente,No,No
1974,1970,Anni 1970,Cavalli bianchi,Little Tony,"Miro, Giulifan e B. Casu",F,,Senza posizione numerica,Finalista senza posizione,7-9 marzo,Casinò di Sanremo,Corrado (conduttore televisivo),28,Iva Zanicchi,Little Tony,1990.0,"4,04",6.0,Bassa (0-20),https://i.scdn.co/image/ab67616d0000b273faa16276d105d0aaebe8554a,16,49,Sì,No,No,Affidabile,Sì,Sì
1974,1970,Anni 1970,Monica delle bambole,Milva,L. Beretta e E. Suligoj,F,,Senza posizione numerica,Finalista senza posizione,7-9 marzo,Casinò di Sanremo,Corrado (conduttore televisivo),28,Iva Zanicchi,Milva,2016.0,"4,42",2.0,Bassa (0-20),https://i.scdn.co/image/ab67616d0000b27378396ae54120e8918a06f038,42,49,Sì,Sì,Sì,Affidabile,Sì,Sì
1974,1970,Anni 1970,Sole giallo,Middle of the Road,M. Piccoli e P. Donaggio,F,,Senza posizione numerica,Finalista senza posizione,7-9 marzo,Casinò di Sanremo,Corrado (conduttore televisivo),28,Iva Zanicchi,Maravilia,2023.0,"2,67",24.0,Medio-bassa (21-40),https://i.scdn.co/image/ab67616d0000b2738b4d722b7d8a81a5a4f7efdd,49,49,Sì,Non valutabile,Non valutabile,Da verificare: artista differente,No,No
1974,1970,Anni 1970,Canta con me,Kambiz,E. Riccardi e L. Albertelli,NF,,Senza posizione numerica,Non finalista,7-9 marzo,Casinò di Sanremo,Corrado (conduttore televisivo),28,Iva Zanicchi,Lucio Ferri,2023.0,"1,35",30.0,Medio-bassa (21-40),https://i.scdn.co/image/ab67616d0000b2738de36d4b58d61893692705a6,49,49,Sì,Non valutabile,Non valutabile,Da verificare: artista differente,No,No
1974,1970,Anni 1970,Capelli sciolti,Donatella Rettore,D. Rettore e M. Pagano,NF,,Senza posizione numerica,Non finalista,7-9 marzo,Casinò di Sanremo,Corrado (conduttore televisivo),28,Iva Zanicchi,Banco Del Mutuo Soccorso,2014.0,"8,14",2.0,Bassa (0-20),https://i.scdn.co/image/ab67616d0000b27368f1a613c117f66a75475837,40,49,Sì,Non valutabile,Non valutabile,Da verificare: artista differente,No,No
1974,1970,Anni 1970,Complici,Riccardo Fogli,L. Lopez e C. Vistarini,NF,,Senza posizione numerica,Non finalista,7-9 marzo,Casinò di Sanremo,Corrado (conduttore televisivo),28,Iva Zanicchi,Enrico Nigiotti,2018.0,"3,39",48.0,Media (41-60),https://i.scdn.co/image/ab67616d0000b273349308c4de2e310b4638d567,44,49,Sì,Non valutabile,Non valutabile,Da verificare: artista differente,No,No
1974,1970,Anni 1970,Fiume grande,Franco Simone,F. Simone,NF,,Senza posizione numerica,Non finalista,7-9 marzo,Casinò di Sanremo,Corrado (conduttore televisivo),28,Iva Zanicchi,Franco Simone,1974.0,"3,77",33.0,Medio-bassa (21-40),https://i.scdn.co/image/ab67616d0000b273134c10bbd73b1eca49a4d3ef,0,49,Sì,No,No,Affidabile,Sì,Sì
1974,1970,Anni 1970,La canta,Orchestra Spettacolo Casadei,"R. Casadei, E. Muccioli e A. Pedulli",NF,,Senza posizione numerica,Non finalista,7-9 marzo,Casinò di Sanremo,Corrado (conduttore televisivo),28,Iva Zanicchi,Orchestra Romagnola Oscar Valente,1998.0,"3,97",1.0,Bassa (0-20),https://i.scdn.co/image/ab67616d0000b27303cfffd5b101b6207b1a0f00,24,49,Sì,Non valutabile,Non valutabile,Da verificare: artista differente,No,No
1974,1970,Anni 1970,La donna quando pensa,Paola Musiani,M. Galati e E. Capelli,NF,,Senza posizione numerica,Non finalista,7-9 marzo,Casinò di Sanremo,Corrado (conduttore televisivo),28,Iva Zanicchi,Francesco De Gregori,1983.0,"4,66",60.0,Media (41-60),https://i.scdn.co/image/ab67616d0000b273b1ecd40e8913c050268bbe26,9,49,Sì,Non valutabile,Non valutabile,Da verificare: artista differente,No,No
1974,1970,Anni 1970,Per una donna donna,Antonella Bottazzi,A. Bottazzi,NF,,Senza posizione numerica,Non finalista,7-9 marzo,Casinò di Sanremo,Corrado (conduttore televisivo),28,Iva Zanicchi,Lucio Battisti,1978.0,"5,30",53.0,Media (41-60),https://i.scdn.co/image/ab67616d0000b273d85bf7a4e2d72d5862f4a8dc,4,49,Sì,Non valutabile,Non valutabile,Da verificare: artista differente,No,No
1974,1970,Anni 1970,Qui,Rossella,"P. A. Cassella, R. Cocciante e M. Luberti",NF,,Senza posizione numerica,Non finalista,7-9 marzo,Casinò di Sanremo,Corrado (conduttore televisivo),28,Iva Zanicchi,Niro,2023.0,"3,18",62.0,Alta (61-100),https://i.scdn.co/image/ab67616d0000b27365772330e1399a53a48c9817,49,49,Sì,Non valutabile,Non valutabile,Da verificare: artista differente,No,No
1974,1970,Anni 1970,Ricomincerei,Sonia Gigliola Conti,P. Soffici e G. Pieretti,NF,,Senza posizione numerica,Non finalista,7-9 marzo,Casinò di Sanremo,Corrado (conduttore televisivo),28,Iva Zanicchi,Gianni Fiorellino,2003.0,"4,12",22.0,Medio-bassa (21-40),https://i.scdn.co/image/ab67616d0000b273b89d4450f77fe4b0fd94d575,29,49,Sì,Non valutabile,Non valutabile,Da verificare: artista differente,No,No
1974,1970,Anni 1970,Valentin tango,Piero Focaccia,L. Beretta e E. Capotosti,NF,,Senza posizione numerica,Non finalista,7-9 marzo,Casinò di Sanremo,Corrado (conduttore televisivo),28,Iva Zanicchi,The Twins,2008.0,"2,20",36.0,Medio-bassa (21-40),https://i.scdn.co/image/ab67616d0000b2732d1d317504dc9045bba69ba3,34,49,Sì,Non valutabile,Non valutabile,Da verificare: artista differente,No,No
1975,1970,Anni 1970,Ragazza del sud,Gilda,R. Scalabrino,1,1,1º posto,Vincitore,27 febbraio - 1º marzo 1975,Casinò di Sanremo,Mike Bongiorno,30,Gilda (cantante),,,,,Dati non disponibili,,,48,Sì,Non valutabile,Non valutabile,Senza dati Spotify,No,No
1975,1970,Anni 1970,Ipocrisia,Angela Luce,P. Giordano e E. Alfieri,2,2,2º-3º posto,Podio,27 febbraio - 1º marzo 1975,Casinò di Sanremo,Mike Bongiorno,30,Gilda (cantante),Emanuele Aloia,2021.0,"2,42",34.0,Medio-bassa (21-40),https://i.scdn.co/image/ab67616d0000b273c8472215715f80d262638921,46,48,Sì,Non valutabile,Non valutabile,Da verificare: artista differente,No,No
1975,1970,Anni 1970,Va' speranza va',Rosanna Fratello,G. Taddei e F. Graniero,2,2,2º-3º posto,Podio,27 febbraio - 1º marzo 1975,Casinò di Sanremo,Mike Bongiorno,30,Gilda (cantante),Vanilla,2023.0,"2,89",22.0,Medio-bassa (21-40),https://i.scdn.co/image/ab67616d0000b2739fb8bb6c8a38834f93ae1002,48,48,Sì,Non valutabile,Non valutabile,Da verificare: artista differente,No,No
1975,1970,Anni 1970,Un grande addio,Valentina Greco,"G. Puzzo, B. Moglia, P. Limiti, E. Capotosti e M. C. Lacamera",4,4,4º-10º posto,Altra posizione,27 febbraio - 1º marzo 1975,Casinò di Sanremo,Mike Bongiorno,30,Gilda (cantante),Cottrau,2015.0,"2,07",3.0,Bassa (0-20),https://i.scdn.co/image/ab67616d0000b27338f10b06d22e91c6235720c2,40,48,Sì,Non valutabile,Non valutabile,Da verificare: artista differente,No,No
1975,1970,Anni 1970,E poi e poi,Laura,N. La Mantia,5,5,4º-10º posto,Altra posizione,27 febbraio - 1º marzo 1975,Casinò di Sanremo,Mike Bongiorno,30,Gilda (cantante),Annalisa,2023.0,"3,00",70.0,Alta (61-100),https://i.scdn.co/image/ab67616d0000b2730791eb13b3a36024038e000b,48,48,Sì,Non valutabile,Non valutabile,Da verificare: artista differente,No,No
1975,1970,Anni 1970,Come Humphrey Bogart,Franco e le Piccole Donne,L. Raggi e B. Pallini,6,6,4º-10º posto,Altra posizione,27 febbraio - 1º marzo 1975,Casinò di Sanremo,Mike Bongiorno,30,Gilda (cantante),Zinnigas,2022.0,"3,24",2.0,Bassa (0-20),https://i.scdn.co/image/ab67616d0000b2730b95c55fa5333724985f0d83,47,48,Sì,Non valutabile,Non valutabile,Da verificare: artista differente,No,No
1975,1970,Anni 1970,Topolino piccolo,Le Nuove Erbe,F. Specchia e P. Prencipe,F,,Senza posizione numerica,Finalista senza posizione,27 febbraio - 1º marzo 1975,Casinò di Sanremo,Mike Bongiorno,30,Gilda (cantante),Piccolo Coro dell'Antoniano,2017.0,"3,18",29.0,Medio-bassa (21-40),https://i.scdn.co/image/ab67616d0000b2739dac608b3c921e229370fee5,42,48,Sì,Non valutabile,Non valutabile,Da verificare: artista differente,No,No
1975,1970,Anni 1970,Io credo (Ci son cose più grandi di te),Nico dei Gabbiani,Cadam e F. Turnaturi,F,,Senza posizione numerica,Finalista senza posizione,27 febbraio - 1º marzo 1975,Casinò di Sanremo,Mike Bongiorno,30,Gilda (cantante),Giorgio Vanni,2014.0,"3,33",44.0,Media (41-60),https://i.scdn.co/image/ab67616d0000b27384928b9aa7c51279a91c6b18,39,48,Sì,Non valutabile,Non valutabile,Da verificare: artista differente,No,No
1975,1970,Anni 1970,Decidi tu per me,Eugenio Alberti,"P. Montanaro, E. Ronda, A. Gallo e M. Mellier",F,,Senza posizione numerica,Finalista senza posizione,27 febbraio - 1º marzo 1975,Casinò di Sanremo,Mike Bongiorno,30,Gilda (cantante),4Tu,2021.0,"3,17",3.0,Bassa (0-20),https://i.scdn.co/image/ab67616d0000b2738beeb804bcb30dfbb0e8572c,46,48,Sì,Non valutabile,Non valutabile,Da verificare: artista differente,No,No
1975,1970,Anni 1970,Sei stata tu,Gianni Migliardi,"S. Piccioli, A. Valleroni e F. Tessandori",F,,Senza posizione numerica,Finalista senza posizione,27 febbraio - 1º marzo 1975,Casinò di Sanremo,Mike Bongiorno,30,Gilda (cantante),Luciano Tajoli,2014.0,"2,53",20.0,Bassa (0-20),https://i.scdn.co/image/ab67616d0000b273287e559f99792a538f152ea6,39,48,Sì,Non valutabile,Non valutabile,Da verificare: artista differente,No,No
1975,1970,Anni 1970,Il telegramma,Piero Cotto,V. Pallavicini e G. Donaggio,F,,Senza posizione numerica,Finalista senza posizione,27 febbraio - 1º marzo 1975,Casinò di Sanremo,Mike Bongiorno,30,Gilda (cantante),Sandro de Simone,2009.0,"3,48",1.0,Bassa (0-20),https://i.scdn.co/image/ab67616d0000b27390f2cad7e7a38495b1a8440f,34,48,Sì,Non valutabile,Non valutabile,Da verificare: artista differente,No,No
1975,1970,Anni 1970,L'incertezza di una vita,Stefania,"F. Specchia, P. Prencipe e S. Sciannamea",F,,Senza posizione numerica,Finalista senza posizione,27 febbraio - 1º marzo 1975,Casinò di Sanremo,Mike Bongiorno,30,Gilda (cantante),Mavi,2021.0,"3,47",22.0,Medio-bassa (21-40),https://i.scdn.co/image/ab67616d0000b2733545276e8ac2e2f03372adf2,46,48,Sì,Non valutabile,Non valutabile,Da verificare: artista differente,No,No
1975,1970,Anni 1970,1975… amore mio,Emy Cesaroni,F. Specchia e P. Prencipe,NF,,Senza posizione numerica,Non finalista,27 febbraio - 1º marzo 1975,Casinò di Sanremo,Mike Bongiorno,30,Gilda (cantante),Fred Bongusto,2015.0,"3,42",1.0,Bassa (0-20),https://i.scdn.co/image/ab67616d0000b273b54ae7e66f69ef7daccb7e8f,40,48,Sì,Non valutabile,Non valutabile,Da verificare: artista differente,No,No
1975,1970,Anni 1970,Adesso basti tu,Gabriella Sanna,G. Meccia e B. Zambrini,NF,,Senza posizione numerica,Non finalista,27 febbraio - 1º marzo 1975,Casinò di Sanremo,Mike Bongiorno,30,Gilda (cantante),Riccardo Zandonai,2014.0,"4,00",0.0,Bassa (0-20),https://i.scdn.co/image/ab67616d0000b273b42f7c9cd56ccd59875db53d,39,48,Sì,Non valutabile,Non valutabile,Da verificare: artista differente,No,No
1975,1970,Anni 1970,Dolce abitudine,Daniela,"P. Montanaro, E. Ronda, G. Rigo e A. Mammoliti",NF,,Senza posizione numerica,Non finalista,27 febbraio - 1º marzo 1975,Casinò di Sanremo,Mike Bongiorno,30,Gilda (cantante),Piero Montanaro,2023.0,"3,76",0.0,Bassa (0-20),https://i.scdn.co/image/ab67616d0000b2733ee191cadec5e6f02dfab50f,48,48,Sì,Non valutabile,Non valutabile,Da verificare: artista differente,No,No
1975,1970,Anni 1970,In amore non si può mentire,Eva 2000,L. Capello e M. Cenci,NF,,Senza posizione numerica,Non finalista,27 febbraio - 1º marzo 1975,Casinò di Sanremo,Mike Bongiorno,30,Gilda (cantante),Emma,2013.0,"3,52",56.0,Media (41-60),https://i.scdn.co/image/ab67616d0000b273dcceee76ed8d7d01d0b0d109,38,48,Sì,Non valutabile,Non valutabile,Da verificare: artista differente,No,No
1975,1970,Anni 1970,Innamorarsi,Jean-François Michael,"D. Sarti, A. De Lorenzo, A. Olivares e B. Stecca",NF,,Senza posizione numerica,Non finalista,27 febbraio - 1º marzo 1975,Casinò di Sanremo,Mike Bongiorno,30,Gilda (cantante),Mauro Nardi,2011.0,"4,58",37.0,Medio-bassa (21-40),https://i.scdn.co/image/ab67616d0000b2730fdd1a35638aa7c8a6d73080,36,48,Sì,Non valutabile,Non valutabile,Da verificare: artista differente,No,No
1975,1970,Anni 1970,La paura di morire,Annagloria,"G. Calabrese, E. Ballotta e P. Calvi",NF,,Senza posizione numerica,Non finalista,27 febbraio - 1º marzo 1975,Casinò di Sanremo,Mike Bongiorno,30,Gilda (cantante),Società Anonima Decostruzionismi Organici,2023.0,"11,33",0.0,Bassa (0-20),https://i.scdn.co/image/ab67616d0000b273892c7de08ac39bb5c26719a8,48,48,Sì,Non valutabile,Non valutabile,Da verificare: artista differente,No,No
1975,1970,Anni 1970,Lettera,Antonella Bellan,"R. Scala, L. Medini, P. B. Greco e M. Mellier",NF,,Senza posizione numerica,Non finalista,27 febbraio - 1º marzo 1975,Casinò di Sanremo,Mike Bongiorno,30,Gilda (cantante),Massimo Ranieri,2022.0,"3,64",35.0,Medio-bassa (21-40),https://i.scdn.co/image/ab67616d0000b2738a9e1680ca8ac8fd49ae8f62,47,48,Sì,Non valutabile,Non valutabile,Da verificare: artista differente,No,No
1975,1970,Anni 1970,Madonna d'amore,Lorenzo Pilat,L. Pilat,NF,,Senza posizione numerica,Non finalista,27 febbraio - 1º marzo 1975,Casinò di Sanremo,Mike Bongiorno,30,Gilda (cantante),Il Solito Dandy,2022.0,"4,36",19.0,Bassa (0-20),https://i.scdn.co/image/ab67616d0000b27324b539123f0ef2bdac7b09ca,47,48,Sì,Non valutabile,Non valutabile,Da verificare: artista differente,No,No
1975,1970,Anni 1970,Oggi,G.Men,T. Cavalli,NF,,Senza posizione numerica,Non finalista,27 febbraio - 1º marzo 1975,Casinò di Sanremo,Mike Bongiorno,30,Gilda (cantante),Alex Britti,1998.0,"3,82",59.0,Media (41-60),https://i.scdn.co/image/ab67616d0000b2731a06e328323753a167071f25,23,48,Sì,Non valutabile,Non valutabile,Da verificare: artista differente,No,No
1975,1970,Anni 1970,Piccola bambina cara,Kriss and Saratoga,"F. Specchia, P. Prencipe e S. Sciannamea",NF,,Senza posizione numerica,Non finalista,27 febbraio - 1º marzo 1975,Casinò di Sanremo,Mike Bongiorno,30,Gilda (cantante),Ermal Meta,2017.0,"3,70",57.0,Media (41-60),https://i.scdn.co/image/ab67616d0000b273eb5590b17bc668f61f20dd21,42,48,Sì,Non valutabile,Non valutabile,Da verificare: artista differente,No,No
1975,1970,Anni 1970,Quattro stagioni,La Quinta Faccia,I. Pelosi e V. Caruso,NF,,Senza posizione numerica,Non finalista,27 febbraio - 1º marzo 1975,Casinò di Sanremo,Mike Bongiorno,30,Gilda (cantante),Antonio Vivaldi,2024.0,"1,85",44.0,Media (41-60),https://i.scdn.co/image/ab67616d0000b273d9789690f767011fa2bfacaa,49,48,Sì,Non valutabile,Non valutabile,Da verificare: artista differente,No,No
1975,1970,Anni 1970,Il ragioniere,Paola Folzini,"C. Celli, A. Buonocore e A. Mammoliti",NF,,Senza posizione numerica,Non finalista,27 febbraio - 1º marzo 1975,Casinò di Sanremo,Mike Bongiorno,30,Gilda (cantante),A. Virgilio Savona,1972.0,"0,88",1.0,Bassa (0-20),https://i.scdn.co/image/ab67616d0000b273ba21f8d68c5cce8307584859,-3,48,Sì,Non valutabile,Non valutabile,Da escludere: rilascio precedente,No,No
1975,1970,Anni 1970,Scarafaggi,Goffredo Canarini,G. Canarini,NF,,Senza posizione numerica,Non finalista,27 febbraio - 1º marzo 1975,Casinò di Sanremo,Mike Bongiorno,30,Gilda (cantante),Guè,2017.0,"3,29",53.0,Media (41-60),https://i.scdn.co/image/ab67616d0000b2732df142ae1a9bc420502ef056,42,48,Sì,Non valutabile,Non valutabile,Da verificare: artista differente,No,No
1975,1970,Anni 1970,Se nasco un'altra volta,Paola Musiani,A. Testa e P. Donaggio,NF,,Senza posizione numerica,Non finalista,27 febbraio - 1º marzo 1975,Casinò di Sanremo,Mike Bongiorno,30,Gilda (cantante),Pooh,1985.0,"4,27",17.0,Bassa (0-20),https://i.scdn.co/image/ab67616d0000b273d32da2a78b946665045084f5,10,48,Sì,Non valutabile,Non valutabile,Da verificare: artista differente,No,No
1975,1970,Anni 1970,Senza impegno,Le Volpi Blu,"M. Motta, S. Bordoni, F. Delfino e G. Damele",NF,,Senza posizione numerica,Non finalista,27 febbraio - 1º marzo 1975,Casinò di Sanremo,Mike Bongiorno,30,Gilda (cantante),Bandabardò,2014.0,"3,79",13.0,Bassa (0-20),https://i.scdn.co/image/ab67616d0000b2734a0b3fe7c7698efe388befd9,39,48,Sì,Non valutabile,Non valutabile,Da verificare: artista differente,No,No
1975,1970,Anni 1970,Sola in due,Leila Selli,"M. Francesio, G. Canarini e N. Roccabruna",NF,,Senza posizione numerica,Non finalista,27 febbraio - 1º marzo 1975,Casinò di Sanremo,Mike Bongiorno,30,Gilda (cantante),YOUNGGUCCI,2020.0,"2,38",21.0,Medio-bassa (21-40),https://i.scdn.co/image/ab67616d0000b2737fee9fb3966559b5f1ef6081,45,48,Sì,Non valutabile,Non valutabile,Da verificare: artista differente,No,No
1975,1970,Anni 1970,Sotto le stelle,Nannarella,R. Balzani,NF,,Senza posizione numerica,Non finalista,27 febbraio - 1º marzo 1975,Casinò di Sanremo,Mike Bongiorno,30,Gilda (cantante),Noisys,2019.0,"3,03",44.0,Media (41-60),https://i.scdn.co/image/ab67616d0000b27399078f4baff483e9ec4d3715,44,48,Sì,Non valutabile,Non valutabile,Da verificare: artista differente,No,No
1975,1970,Anni 1970,Tango di casa mia,Ely Neri e la sua orchestra,E. Neri,NF,,Senza posizione numerica,Non finalista,27 febbraio - 1º marzo 1975,Casinò di Sanremo,Mike Bongiorno,30,Gilda (cantante),Secondo Casadei,2006.0,"3,35",10.0,Bassa (0-20),https://i.scdn.co/image/ab67616d0000b2736a6ee6498639c904f61ba66b,31,48,Sì,Non valutabile,Non valutabile,Da verificare: artista differente,No,No
1976,1970,Anni 1970,Non lo faccio più,Peppino Di Capri,"Depsa, S. Iodice e F. Berlincioni",1º,1,1º posto,Vincitore,19 ‒ 21 febbraio 1976,Casinò di Sanremo,Giancarlo Guardabassi,30,Peppino di Capri,,,,,Dati non disponibili,,,47,Sì,Non valutabile,Non valutabile,Senza dati Spotify,No,No
1976,1970,Anni 1970,"Come stai, con chi sei",Wess e Dori Ghezzi,"C. Minellono, F. Piccarreda e U. Balsamo",2º,2,2º-3º posto,Podio,19 ‒ 21 febbraio 1976,Casinò di Sanremo,Giancarlo Guardabassi,30,Peppino di Capri,Dori Ghezzi,2000.0,"3,79",16.0,Bassa (0-20),https://i.scdn.co/image/ab67616d0000b273ebfc5bed5022c58727aaee23,24,47,Sì,Sì,No,Affidabile,Sì,Sì
1976,1970,Anni 1970,Gli occhi di tua madre,Sandro Giacobbe,"S. Giacobbe, D. Pace e O. Avogadro",3º (ex aequo),3,2º-3º posto,Podio,19 ‒ 21 febbraio 1976,Casinò di Sanremo,Giancarlo Guardabassi,30,Peppino di Capri,Sandro Giacobbe,1998.0,"4,01",35.0,Medio-bassa (21-40),https://i.scdn.co/image/ab67616d0000b2731304c74bfea4a32e19ce523e,22,47,Sì,Sì,No,Affidabile,Sì,Sì
1976,1970,Anni 1970,Volo AZ 504,Albatros,V. Pallavicini e T. Cutugno,3º (ex aequo),3,2º-3º posto,Podio,19 ‒ 21 febbraio 1976,Casinò di Sanremo,Giancarlo Guardabassi,30,Peppino di Capri,Albatros,1976.0,"3,76",21.0,Medio-bassa (21-40),https://i.scdn.co/image/ab67616d0000b2738551ca408997e47b871aef94,0,47,Sì,No,No,Affidabile,Sì,Sì
1976,1970,Anni 1970,Due anelli,Paolo Frescura,A. De Sanctis e P. Frescura,5º,5,4º-10º posto,Altra posizione,19 ‒ 21 febbraio 1976,Casinò di Sanremo,Giancarlo Guardabassi,30,Peppino di Capri,Matteo Branciamore,2012.0,"3,11",27.0,Medio-bassa (21-40),https://i.scdn.co/image/ab67616d0000b2732358dbd25232cac5ec208f35,36,47,Sì,Non valutabile,Non valutabile,Da verificare: artista differente,No,No
1976,1970,Anni 1970,Sambariò,Drupi,L. Albertelli e E. Riccardi,6º,6,4º-10º posto,Altra posizione,19 ‒ 21 febbraio 1976,Casinò di Sanremo,Giancarlo Guardabassi,30,Peppino di Capri,Drupi,2019.0,"4,23",20.0,Bassa (0-20),https://i.scdn.co/image/ab67616d0000b273695f1c6b3757df1680da44dc,43,47,Sì,Sì,Sì,Affidabile,Sì,Sì
1976,1970,Anni 1970,Più forte,Carlo Gigli,Schiava e C. Gigli,7º,7,4º-10º posto,Altra posizione,19 ‒ 21 febbraio 1976,Casinò di Sanremo,Giancarlo Guardabassi,30,Peppino di Capri,Pisciosangue,2020.0,"1,28",5.0,Bassa (0-20),https://i.scdn.co/image/ab67616d0000b27309eedd445b2b25dbed45c8d7,44,47,Sì,Non valutabile,Non valutabile,Da verificare: artista differente,No,No
1976,1970,Anni 1970,Linda bella Linda,Daniel Sentacruz Ensemble,"C. Dammicco, Querencio, Sentacruz e F. Specchia",8º,8,4º-10º posto,Altra posizione,19 ‒ 21 febbraio 1976,Casinò di Sanremo,Giancarlo Guardabassi,30,Peppino di Capri,Daniel Sentacruz Ensemble,2007.0,"3,71",27.0,Medio-bassa (21-40),https://i.scdn.co/image/ab67616d0000b273ddadaebec11e91fa25be5ca3,31,47,Sì,Sì,No,Affidabile,Sì,Sì
1976,1970,Anni 1970,L'ho persa ancora,Gli Opera,"F. Ricciardi, O. Avogadro e D. Pace",9º,9,4º-10º posto,Altra posizione,19 ‒ 21 febbraio 1976,Casinò di Sanremo,Giancarlo Guardabassi,30,Peppino di Capri,Mezzosangue,2022.0,"4,22",43.0,Media (41-60),https://i.scdn.co/image/ab67616d0000b27385874dd8344451c21a02771c,46,47,Sì,Non valutabile,Non valutabile,Da verificare: artista differente,No,No
1976,1970,Anni 1970,Cuore di vetro,Camaleonti,G. Bigazzi e T. Savio,10º,10,4º-10º posto,Altra posizione,19 ‒ 21 febbraio 1976,Casinò di Sanremo,Giancarlo Guardabassi,30,Peppino di Capri,Matthew TT,2023.0,"2,70",37.0,Medio-bassa (21-40),https://i.scdn.co/image/ab67616d0000b273f6fae9c28cd59715a8e32113,47,47,Sì,Non valutabile,Non valutabile,Da verificare: artista differente,No,No
1976,1970,Anni 1970,Omar,Orietta Berti,M. Battaini e L. Beretta,11º,11,Oltre il 10º posto,Altra posizione,19 ‒ 21 febbraio 1976,Casinò di Sanremo,Giancarlo Guardabassi,30,Peppino di Capri,Omar,1998.0,"4,29",17.0,Bassa (0-20),https://i.scdn.co/image/ab67616d0000b2736f0ecc82a931c90c7781903a,22,47,Sì,Non valutabile,Non valutabile,Da verificare: artista differente,No,No
1976,1970,Anni 1970,Andiamo via,La Strana Società,"C. Conti, F. Cassano e L. Albertelli",12º,12,Oltre il 10º posto,Altra posizione,19 ‒ 21 febbraio 1976,Casinò di Sanremo,Giancarlo Guardabassi,30,Peppino di Capri,Samuel Malvaso,2022.0,"3,20",29.0,Medio-bassa (21-40),https://i.scdn.co/image/ab67616d0000b273f64c02b136e5862bcec84972,46,47,Sì,Non valutabile,Non valutabile,Da verificare: artista differente,No,No
1976,1970,Anni 1970,Due storie dei musicanti,Ricchi e Poveri con I Nostri Figli,L. Bacalov e S. Bardotti,13º,13,Oltre il 10º posto,Altra posizione,19 ‒ 21 febbraio 1976,Casinò di Sanremo,Giancarlo Guardabassi,30,Peppino di Capri,Coccole Sonore,2013.0,"14,88",20.0,Bassa (0-20),https://i.scdn.co/image/ab67616d0000b273a0add2226a7a0cb598b06a19,37,47,Sì,Non valutabile,Non valutabile,Da verificare: artista differente,No,No
1976,1970,Anni 1970,Piccola donna addio,Patrizio Sandrelli,V. Stavolo e F. Zulian,14º,14,Oltre il 10º posto,Altra posizione,19 ‒ 21 febbraio 1976,Casinò di Sanremo,Giancarlo Guardabassi,30,Peppino di Capri,Ermal Meta,2017.0,"3,70",57.0,Media (41-60),https://i.scdn.co/image/ab67616d0000b273eb5590b17bc668f61f20dd21,41,47,Sì,Non valutabile,Non valutabile,Da verificare: artista differente,No,No
1976,1970,Anni 1970,Quando c'era il mare,Sergio Endrigo,S. Endrigo,15º (ex aequo),15,Oltre il 10º posto,Altra posizione,19 ‒ 21 febbraio 1976,Casinò di Sanremo,Giancarlo Guardabassi,30,Peppino di Capri,Sergio Endrigo,2012.0,"4,24",0.0,Bassa (0-20),https://i.scdn.co/image/ab67616d0000b273bd6947526b0cf04d5cf0693a,36,47,Sì,Sì,No,Affidabile,Sì,Sì
1976,1970,Anni 1970,Signora tu,Miko,G. Pegoraro e P. M. Bozzetti,15º (ex aequo),15,Oltre il 10º posto,Altra posizione,19 ‒ 21 febbraio 1976,Casinò di Sanremo,Giancarlo Guardabassi,30,Peppino di Capri,Loredana Bertè,2006.0,"3,49",46.0,Media (41-60),https://i.scdn.co/image/ab67616d0000b27357a2322f7b7549fe103247f7,30,47,Sì,Non valutabile,Non valutabile,Da verificare: artista differente,No,No
1976,1970,Anni 1970,Cercati un'anima,Profeti,"D. Ciletti, C. Cavallaro, D. Pace e O. Avogadro",17º,17,Oltre il 10º posto,Altra posizione,19 ‒ 21 febbraio 1976,Casinò di Sanremo,Giancarlo Guardabassi,30,Peppino di Capri,Renato Zero,2010.0,"5,67",57.0,Media (41-60),https://i.scdn.co/image/ab67616d0000b27324915c0caea4b9d0a8b4347a,34,47,Sì,Non valutabile,Non valutabile,Da verificare: artista differente,No,No
1976,1970,Anni 1970,Che sarei,La Nuova Gente,P. Landro e E. Cardullo,18º,18,Oltre il 10º posto,Altra posizione,19 ‒ 21 febbraio 1976,Casinò di Sanremo,Giancarlo Guardabassi,30,Peppino di Capri,Vincenzo Scarpulla,2023.0,"3,00",19.0,Bassa (0-20),https://i.scdn.co/image/ab67616d0000b27335c10f99e422af418c2700d7,47,47,Sì,Non valutabile,Non valutabile,Da verificare: artista differente,No,No
1976,1970,Anni 1970,E tu mi manchi,Santino Rocchetti,S. Luca e A. Lo Vecchio,NF,,Senza posizione numerica,Non finalista,19 ‒ 21 febbraio 1976,Casinò di Sanremo,Giancarlo Guardabassi,30,Peppino di Capri,Gigi Finizio,2009.0,"3,78",41.0,Media (41-60),https://i.scdn.co/image/ab67616d0000b273b7d1c662c52676d00e724f68,33,47,Sì,Non valutabile,Non valutabile,Da verificare: artista differente,No,No
1976,1970,Anni 1970,Il mio primo rossetto,Rosanna Fratello,U. Napolitano e A. Salerno,NF,,Senza posizione numerica,Non finalista,19 ‒ 21 febbraio 1976,Casinò di Sanremo,Giancarlo Guardabassi,30,Peppino di Capri,Random,2020.0,"3,80",58.0,Media (41-60),https://i.scdn.co/image/ab67616d0000b273824f4f166e0f8134a08946c0,44,47,Sì,Non valutabile,Non valutabile,Da verificare: artista differente,No,No
1976,1970,Anni 1970,La canzone dei poveri,Gloriana,A. Gallo e Mallozzi,NF,,Senza posizione numerica,Non finalista,19 ‒ 21 febbraio 1976,Casinò di Sanremo,Giancarlo Guardabassi,30,Peppino di Capri,Gloriana,2015.0,"4,19",0.0,Bassa (0-20),https://i.scdn.co/image/ab67616d0000b2735c95d7f1c0e733010c6d5dc7,39,47,Sì,Sì,Sì,Affidabile,Sì,Sì
1976,1970,Anni 1970,La femminista,Antonio Buonomo,L. Chiosso e E. Alfieri,NF,,Senza posizione numerica,Non finalista,19 ‒ 21 febbraio 1976,Casinò di Sanremo,Giancarlo Guardabassi,30,Peppino di Capri,Menestrella femminista,2012.0,"3,93",3.0,Bassa (0-20),https://i.scdn.co/image/ab67616d0000b2732daf54a9bbdb31f10906f735,36,47,Sì,Non valutabile,Non valutabile,Da verificare: artista differente,No,No
1976,1970,Anni 1970,Nata libera,Leano Morelli,E. Crippa e L. Morelli,NF,,Senza posizione numerica,Non finalista,19 ‒ 21 febbraio 1976,Casinò di Sanremo,Giancarlo Guardabassi,30,Peppino di Capri,Leano Morelli,1977.0,"4,47",26.0,Medio-bassa (21-40),https://i.scdn.co/image/ab67616d0000b2730dfe8238bff6739e593cd457,1,47,Sì,No,No,Affidabile,Sì,Sì
1976,1970,Anni 1970,Non due,Romina Power,R. Power e A. Carrisi,NF,,Senza posizione numerica,Non finalista,19 ‒ 21 febbraio 1976,Casinò di Sanremo,Giancarlo Guardabassi,30,Peppino di Capri,Nayt,2015.0,"1,63",47.0,Media (41-60),https://i.scdn.co/image/ab67616d0000b2735bd39801b582ce3c06470c81,39,47,Sì,Non valutabile,Non valutabile,Da verificare: artista differente,No,No
1976,1970,Anni 1970,Sing My Song,Maggie Mae,C. De Natale e Darini,NF,,Senza posizione numerica,Non finalista,19 ‒ 21 febbraio 1976,Casinò di Sanremo,Giancarlo Guardabassi,30,Peppino di Capri,Mikael nilsson,2023.0,"3,26",28.0,Medio-bassa (21-40),https://i.scdn.co/image/ab67616d0000b273ff61348fa37bda6dcae630f1,47,47,Sì,Non valutabile,Non valutabile,Da verificare: artista differente,No,No
1976,1970,Anni 1970,Stella cadente,Armonium,V. Stavolo e F. Zulian,NF,,Senza posizione numerica,Non finalista,19 ‒ 21 febbraio 1976,Casinò di Sanremo,Giancarlo Guardabassi,30,Peppino di Capri,Modà,2015.0,"3,67",46.0,Media (41-60),https://i.scdn.co/image/ab67616d0000b2732204625110e2d5064d74f779,39,47,Sì,Non valutabile,Non valutabile,Da verificare: artista differente,No,No
1976,1970,Anni 1970,Torno a casa,Vanna Leali,E. Suligoj e P. Limiti,NF,,Senza posizione numerica,Non finalista,19 ‒ 21 febbraio 1976,Casinò di Sanremo,Giancarlo Guardabassi,30,Peppino di Capri,Rose Villain,2023.0,"2,95",69.0,Alta (61-100),https://i.scdn.co/image/ab67616d0000b2735a1aff928ccee44cca98e102,47,47,Sì,Non valutabile,Non valutabile,Da verificare: artista differente,No,No
1976,1970,Anni 1970,Una casa senza nome,Umberto Lupi,"L. Pilat, M. Panzeri e D. Pace",NF,,Senza posizione numerica,Non finalista,19 ‒ 21 febbraio 1976,Casinò di Sanremo,Giancarlo Guardabassi,30,Peppino di Capri,Neima Ezza,2021.0,"3,29",59.0,Media (41-60),https://i.scdn.co/image/ab67616d0000b273576e3f363c3ff442c31dc292,45,47,Sì,Non valutabile,Non valutabile,Da verificare: artista differente,No,No
1976,1970,Anni 1970,Uomo qualunque,Ezio Maria Picciotta,"E. M. Picciotta, F. Migliacci e D. Farina",NF,,Senza posizione numerica,Non finalista,19 ‒ 21 febbraio 1976,Casinò di Sanremo,Giancarlo Guardabassi,30,Peppino di Capri,Uscita Nord,2020.0,"4,36",7.0,Bassa (0-20),https://i.scdn.co/image/ab67616d0000b273bc49d1bb8bd78f56421e670e,44,47,Sì,Non valutabile,Non valutabile,Da verificare: artista differente,No,No
1976,1970,Anni 1970,Vieni,Silvano Vittorio,A. Lo Vecchio e S. Vittorio,NF,,Senza posizione numerica,Non finalista,19 ‒ 21 febbraio 1976,Casinò di Sanremo,Giancarlo Guardabassi,30,Peppino di Capri,Caparezza,2008.0,"4,01",57.0,Media (41-60),https://i.scdn.co/image/ab67616d0000b27364dce8596ce227e6bd6c2e80,32,47,Sì,Non valutabile,Non valutabile,Da verificare: artista differente,No,No
1977,1970,Anni 1970,Bella da morire,Homo Sapiens,R. Pareti e A. Salerno,1º,1,1º posto,Vincitore,3-5 marzo,Teatro Ariston,Maria Giovanna Elmi,12,Homo Sapiens (gruppo musicale),,,,,Dati non disponibili,,,46,Sì,Non valutabile,Non valutabile,Senza dati Spotify,No,No
1977,1970,Anni 1970,Tu mi rubi l'anima,Collage,G. Padovan e A. De Sanctis,2º,2,2º-3º posto,Podio,3-5 marzo,Teatro Ariston,Maria Giovanna Elmi,12,Homo Sapiens (gruppo musicale),I Collage,1996.0,"3,49",40.0,Medio-bassa (21-40),https://i.scdn.co/image/ab67616d0000b273420b96ec19323034edb72054,19,46,Sì,No,No,Affidabile,Sì,Sì
1977,1970,Anni 1970,Monica,I Santo California,"P. Pinna, G. Simonelli e E. Palumbo",3º,3,2º-3º posto,Podio,3-5 marzo,Teatro Ariston,Maria Giovanna Elmi,12,Homo Sapiens (gruppo musicale),Kuami Eugene,2023.0,"2,93",60.0,Media (41-60),https://i.scdn.co/image/ab67616d0000b27399ebed8d0663382d8e5142e9,46,46,Sì,Non valutabile,Non valutabile,Da verificare: artista differente,No,No
1977,1970,Anni 1970,Con te ci sto,Umberto Napolitano,U. Napolitano,F,,Senza posizione numerica,Finalista senza posizione,3-5 marzo,Teatro Ariston,Maria Giovanna Elmi,12,Homo Sapiens (gruppo musicale),Marta Mandelli,2021.0,"4,26",18.0,Bassa (0-20),https://i.scdn.co/image/ab67616d0000b2730f962f9d8fea492e38b61e8e,44,46,Sì,Non valutabile,Non valutabile,Da verificare: artista differente,No,No
1977,1970,Anni 1970,Dedicato a te,Santino Rocchetti,S. Rocchetti e A. Lo Vecchio,F,,Senza posizione numerica,Finalista senza posizione,3-5 marzo,Teatro Ariston,Maria Giovanna Elmi,12,Homo Sapiens (gruppo musicale),Irama,2020.0,"3,47",46.0,Media (41-60),https://i.scdn.co/image/ab67616d0000b273ef36b4357902f25a789c5588,43,46,Sì,Non valutabile,Non valutabile,Da verificare: artista differente,No,No
1977,1970,Anni 1970,E invece con te,Daniela Davoli,D. Davoli e M. Zarrillo,F,,Senza posizione numerica,Finalista senza posizione,3-5 marzo,Teatro Ariston,Maria Giovanna Elmi,12,Homo Sapiens (gruppo musicale),Piero Soffici,2021.0,"3,59",0.0,Bassa (0-20),https://i.scdn.co/image/ab67616d0000b273ff8674fe0ac3b44acdc1f7dd,44,46,Sì,Non valutabile,Non valutabile,Da verificare: artista differente,No,No
1977,1970,Anni 1970,Gran Premio,Albatros,"M. Vasseur, V. Pallavicini e T. Cutugno",F,,Senza posizione numerica,Finalista senza posizione,3-5 marzo,Teatro Ariston,Maria Giovanna Elmi,12,Homo Sapiens (gruppo musicale),En Espíritu Y En Verdad,2012.0,"4,76",26.0,Medio-bassa (21-40),https://i.scdn.co/image/ab67616d0000b27358ed15836feeab0f4eb834a7,35,46,Sì,Non valutabile,Non valutabile,Da verificare: artista differente,No,No
1977,1970,Anni 1970,Io ti porterei,Leano Morelli,L. Morelli,F,,Senza posizione numerica,Finalista senza posizione,3-5 marzo,Teatro Ariston,Maria Giovanna Elmi,12,Homo Sapiens (gruppo musicale),Leano Morelli,1977.0,"4,05",7.0,Bassa (0-20),https://i.scdn.co/image/ab67616d0000b2730dfe8238bff6739e593cd457,0,46,Sì,No,No,Affidabile,Sì,Sì
1977,1970,Anni 1970,Ma perché,Matia Bazar,"C. Marrale, P. Cassano e A. Stellita",F,,Senza posizione numerica,Finalista senza posizione,3-5 marzo,Teatro Ariston,Maria Giovanna Elmi,12,Homo Sapiens (gruppo musicale),Geolier,2022.0,"3,00",62.0,Alta (61-100),https://i.scdn.co/image/ab67616d0000b273a8e192235edecc3cadf5c1d0,45,46,Sì,Non valutabile,Non valutabile,Da verificare: artista differente,No,No
1977,1970,Anni 1970,Miele,Il Giardino dei Semplici,G. Bigazzi e T. Savio,F,,Senza posizione numerica,Finalista senza posizione,3-5 marzo,Teatro Ariston,Maria Giovanna Elmi,12,Homo Sapiens (gruppo musicale),Gigi D'Alessio,2002.0,"3,97",49.0,Media (41-60),https://i.scdn.co/image/ab67616d0000b273b3f07e73aaaa464c13ea7747,25,46,Sì,Non valutabile,Non valutabile,Da verificare: artista differente,No,No
1977,1970,Anni 1970,Carmela,Donatella Rettore,D. Rettore e C. Rego,F,,Senza posizione numerica,Finalista senza posizione,3-5 marzo,Teatro Ariston,Maria Giovanna Elmi,12,Homo Sapiens (gruppo musicale),Renato Carosone,2022.0,"2,81",4.0,Bassa (0-20),https://i.scdn.co/image/ab67616d0000b273bdb328ad188b6d882c0f5ddc,45,46,Sì,Non valutabile,Non valutabile,Da verificare: artista differente,No,No
1977,1970,Anni 1970,Tesoro mio,La Strana Società,"L. Albertelli, C. Conti e F. Cassano",F,,Senza posizione numerica,Finalista senza posizione,3-5 marzo,Teatro Ariston,Maria Giovanna Elmi,12,Homo Sapiens (gruppo musicale),Nanà,2022.0,"3,01",5.0,Bassa (0-20),https://i.scdn.co/image/ab67616d0000b273d5560d77e1d3954a466ec19c,45,46,Sì,Non valutabile,Non valutabile,Da verificare: artista differente,No,No
1978,1970,Anni 1970,...e dirsi ciao,Matia Bazar,"G. Golzi, A. Stellita, P. Cassano, C. Marrale e A. Ruggiero",1º,1,1º posto,Vincitore,26-28 gennaio,Teatro Ariston,Maria Giovanna Elmi,14,Matia Bazar,,,,,Dati non disponibili,,,45,Sì,Non valutabile,Non valutabile,Senza dati Spotify,No,No
1978,1970,Anni 1970,Un'emozione da poco,Anna Oxa,I. Fossati e G. Guglielminetti,2º,2,2º-3º posto,Podio,26-28 gennaio,Teatro Ariston,Maria Giovanna Elmi,14,Matia Bazar,Anna Oxa,1978.0,"4,25",50.0,Media (41-60),https://i.scdn.co/image/ab67616d0000b273026ed5b4d4fa58fc72536b8a,0,45,Sì,No,No,Affidabile,Sì,Sì
1978,1970,Anni 1970,Gianna,Rino Gaetano,R. Gaetano,3º,3,2º-3º posto,Podio,26-28 gennaio,Teatro Ariston,Maria Giovanna Elmi,14,Matia Bazar,Rino Gaetano,1978.0,"3,88",62.0,Alta (61-100),https://i.scdn.co/image/ab67616d0000b273e17eb3b43553fe4b10830100,0,45,Sì,No,No,Affidabile,Sì,Sì
1978,1970,Anni 1970,Il buio e tu,Ciro Sebastianelli,"C. Sebastianelli, D. Pace e O. Avogadro",4º,4,4º-10º posto,Altra posizione,26-28 gennaio,Teatro Ariston,Maria Giovanna Elmi,14,Matia Bazar,Eros Ramazzotti,2003.0,"4,02",36.0,Medio-bassa (21-40),https://i.scdn.co/image/ab67616d0000b273ee9ee06591169103e56b6ba9,25,45,Sì,Non valutabile,Non valutabile,Da verificare: artista differente,No,No
1978,1970,Anni 1970,Tu sola,Anselmo Genovese,A. Genovese e L. Capello,5º,5,4º-10º posto,Altra posizione,26-28 gennaio,Teatro Ariston,Maria Giovanna Elmi,14,Matia Bazar,Radicanto,2022.0,"4,33",1.0,Bassa (0-20),https://i.scdn.co/image/ab67616d0000b27358639142930c7dfd0a325858,44,45,Sì,Non valutabile,Non valutabile,Da verificare: artista differente,No,No
1978,1970,Anni 1970,Armonia e poesia,Santino Rocchetti,S. Rocchetti e A. Lo Vecchio,6º,6,4º-10º posto,Altra posizione,26-28 gennaio,Teatro Ariston,Maria Giovanna Elmi,14,Matia Bazar,Santino Rocchetti,1996.0,"4,00",4.0,Bassa (0-20),https://i.scdn.co/image/ab67616d0000b273bae9c22d7bf1a89b68d2a8e4,18,45,Sì,No,No,Affidabile,Sì,Sì
1978,1970,Anni 1970,Il mio amore,Schola Cantorum,M. Luberti e E. Fusco,7º,7,4º-10º posto,Altra posizione,26-28 gennaio,Teatro Ariston,Maria Giovanna Elmi,14,Matia Bazar,Gianna Spagnulo,2001.0,"1,90",26.0,Medio-bassa (21-40),https://i.scdn.co/image/ab67616d0000b273551892c3a9b0f1c6df3accf8,23,45,Sì,Non valutabile,Non valutabile,Da verificare: artista differente,No,No
1978,1970,Anni 1970,Domani domani,Laura Luca,G. Pieretti e A. Nicorelli,8º,8,4º-10º posto,Altra posizione,26-28 gennaio,Teatro Ariston,Maria Giovanna Elmi,14,Matia Bazar,Laura Luca,1997.0,"3,67",28.0,Medio-bassa (21-40),https://i.scdn.co/image/ab67616d0000b273c71d14cd92c00b6fba762b1c,19,45,Sì,No,No,Affidabile,Sì,Sì
1978,1970,Anni 1970,1/2 notte,Daniel Sentacruz Ensemble,"Zacar, S. Grieco, C. Dammicco e Sentacruz",9º,9,4º-10º posto,Altra posizione,26-28 gennaio,Teatro Ariston,Maria Giovanna Elmi,14,Matia Bazar,Gino Balerino e la sua Orchestra,2021.0,"3,09",0.0,Bassa (0-20),https://i.scdn.co/image/ab67616d0000b2734202a6548e6b81cd02e72f98,43,45,Sì,Non valutabile,Non valutabile,Da verificare: artista differente,No,No
1978,1970,Anni 1970,Anna Anna,Donato Ciletti,"D. Pace, O. Avogadro, D. Ciletti e C. Cavallaro",F,,Senza posizione numerica,Finalista senza posizione,26-28 gennaio,Teatro Ariston,Maria Giovanna Elmi,14,Matia Bazar,La Quinta Faccia,1975.0,"3,26",1.0,Bassa (0-20),https://i.scdn.co/image/ab67616d0000b273f900f9ee304fd3b41bd421bb,-3,45,Sì,Non valutabile,Non valutabile,Da escludere: rilascio precedente,No,No
1978,1970,Anni 1970,N 'addore 'e castagne,Roberto Carrino,R. Carrino e M. Coppola,F,,Senza posizione numerica,Finalista senza posizione,26-28 gennaio,Teatro Ariston,Maria Giovanna Elmi,14,Matia Bazar,Pinguini Tattici Nucleari,2015.0,"4,76",33.0,Medio-bassa (21-40),https://i.scdn.co/image/ab67616d0000b27301d0cdf71271efec4463de52,37,45,Sì,Non valutabile,Non valutabile,Da verificare: artista differente,No,No
1978,1970,Anni 1970,Ora,Dora Moroni,"F. Marino, E. Intra, C. Rego e D. Rettore",F,,Senza posizione numerica,Finalista senza posizione,26-28 gennaio,Teatro Ariston,Maria Giovanna Elmi,14,Matia Bazar,Sfera Ebbasta,2023.0,"3,34",62.0,Alta (61-100),https://i.scdn.co/image/ab67616d0000b27315cc3d9c9ad7ee9ca91ccc10,45,45,Sì,Non valutabile,Non valutabile,Da verificare: artista differente,No,No
1978,1970,Anni 1970,Quando Teresa verrà,Marco Ferradini,S. Luca e M. Ferradini,F,,Senza posizione numerica,Finalista senza posizione,26-28 gennaio,Teatro Ariston,Maria Giovanna Elmi,14,Matia Bazar,Marco Ferradini,2006.0,"4,01",6.0,Bassa (0-20),https://i.scdn.co/image/ab67616d0000b2739e5ea32005a2c3f66e2ffa5a,28,45,Sì,Sì,No,Affidabile,Sì,Sì
1978,1970,Anni 1970,Soli,Beans,A. Bella e G. Bella,F,,Senza posizione numerica,Finalista senza posizione,26-28 gennaio,Teatro Ariston,Maria Giovanna Elmi,14,Matia Bazar,Club Dogo,2024.0,"3,85",73.0,Alta (61-100),https://i.scdn.co/image/ab67616d0000b2733e0cbdae59528c0c60903e90,46,45,Sì,Non valutabile,Non valutabile,Da verificare: artista differente,No,No
1979,1970,Anni 1970,Amare,Mino Vergnaghi,P. Finà e S. Ortone,1º,1,1º posto,Vincitore,11-13 gennaio,Teatro Ariston,Mike Bongiorno,22,Mino Vergnaghi,Ultimo,2023.0,"3,30",53.0,Media (41-60),https://i.scdn.co/image/ab67616d0000b273fc6fdba6d214d1baa823935b,44,44,Sì,Non valutabile,Non valutabile,Da verificare: artista differente,No,No
1979,1970,Anni 1970,Barbara,Enzo Carella,E. Carella e P. Panella,2º,2,2º-3º posto,Podio,11-13 gennaio,Teatro Ariston,Mike Bongiorno,22,Mino Vergnaghi,The Beach Boys,1975.0,"2,23",63.0,Alta (61-100),https://i.scdn.co/image/ab67616d0000b273af188836621942122e3832f5,-4,44,Sì,Non valutabile,Non valutabile,Da escludere: rilascio precedente,No,No
1979,1970,Anni 1970,Quell'attimo in più,I Camaleonti,"M. Lavezzi, O. Avogadro e D. Pace",3º,3,2º-3º posto,Podio,11-13 gennaio,Teatro Ariston,Mike Bongiorno,22,Mino Vergnaghi,I Camaleonti,2012.0,"3,98",7.0,Bassa (0-20),https://i.scdn.co/image/ab67616d0000b2738a869813d686c353ae14a237,33,44,Sì,Sì,No,Affidabile,Sì,Sì
1979,1970,Anni 1970,La gente parla,Collage,"A. De Sanctis, S. Di Nardo e M. Marrocchi",4º,4,4º-10º posto,Altra posizione,11-13 gennaio,Teatro Ariston,Mike Bongiorno,22,Mino Vergnaghi,Collage,2012.0,"3,34",26.0,Medio-bassa (21-40),https://i.scdn.co/image/ab67616d0000b27345548bd489d62fc371be9467,33,44,Sì,Sì,No,Affidabile,Sì,Sì
1979,1970,Anni 1970,Sarà un fiore,Enrico Beruschi,"D. Pace, C. Conti e M. Panzeri",5º,5,4º-10º posto,Altra posizione,11-13 gennaio,Teatro Ariston,Mike Bongiorno,22,Mino Vergnaghi,Sara e Matteo,1990.0,"3,16",37.0,Medio-bassa (21-40),https://i.scdn.co/image/ab67616d0000b273de91e8158c82830f89e94a3e,11,44,Sì,Non valutabile,Non valutabile,Da verificare: artista differente,No,No
1979,1970,Anni 1970,A me mi piace vivere alla grande,Franco Fanigliulo,"O. Avogadro, R. Borghetti, F. Fanigliulo e D. Pace",6º,6,4º-10º posto,Altra posizione,11-13 gennaio,Teatro Ariston,Mike Bongiorno,22,Mino Vergnaghi,Giangilberto Monti,2009.0,"3,60",14.0,Bassa (0-20),https://i.scdn.co/image/ab67616d0000b273e150e656183c5409e03c17e7,30,44,Sì,Non valutabile,Non valutabile,Da verificare: artista differente,No,No
1979,1970,Anni 1970,New York,Lorella Pescerelli,F. Migliacci e F. Paulin,7º,7,4º-10º posto,Altra posizione,11-13 gennaio,Teatro Ariston,Mike Bongiorno,22,Mino Vergnaghi,JAY-Z,2009.0,"4,62",86.0,Alta (61-100),https://i.scdn.co/image/ab67616d0000b273fec1b815bb3c50a64a90fd10,30,44,Sì,Non valutabile,Non valutabile,Da verificare: artista differente,No,No
1979,1970,Anni 1970,C'era un'atmosfera,Kim & The Cadillacs,A. Stellita e P. Cassano,8º,8,4º-10º posto,Altra posizione,11-13 gennaio,Teatro Ariston,Mike Bongiorno,22,Mino Vergnaghi,Adriano Tolomeo,1992.0,"3,22",0.0,Bassa (0-20),https://i.scdn.co/image/ab67616d0000b27389393d2f4fe912f40976123b,13,44,Sì,Non valutabile,Non valutabile,Da verificare: artista differente,No,No
1979,1970,Anni 1970,Bimba mia,Umberto Napolitano,U. Napolitano,9º,9,4º-10º posto,Altra posizione,11-13 gennaio,Teatro Ariston,Mike Bongiorno,22,Mino Vergnaghi,Franco Califano,2008.0,"4,47",17.0,Bassa (0-20),https://i.scdn.co/image/ab67616d0000b273967a7e7fc6f0d69912e3cb62,29,44,Sì,Non valutabile,Non valutabile,Da verificare: artista differente,No,No
1979,1970,Anni 1970,Tu fai schifo sempre,Pandemonium,"A. Giordano, M. Paulicelli e G. Mauro",10º,10,4º-10º posto,Altra posizione,11-13 gennaio,Teatro Ariston,Mike Bongiorno,22,Mino Vergnaghi,I Pandemonium,1997.0,"3,59",23.0,Medio-bassa (21-40),https://i.scdn.co/image/ab67616d0000b273ead2fd5a0651147e35eeb2c0,18,44,Sì,No,No,Affidabile,Sì,Sì
1979,1970,Anni 1970,Nocciolino,Antoine,M. Piccoli,11º,11,Oltre il 10º posto,Altra posizione,11-13 gennaio,Teatro Ariston,Mike Bongiorno,22,Mino Vergnaghi,I Sanremini,2014.0,"3,58",0.0,Bassa (0-20),https://i.scdn.co/image/ab67616d0000b27398b518e203ffa147e39e05ff,35,44,Sì,Non valutabile,Non valutabile,Da verificare: artista differente,No,No
1979,1970,Anni 1970,Liana,Grimm,L. Lazzarini,12º,12,Oltre il 10º posto,Altra posizione,11-13 gennaio,Teatro Ariston,Mike Bongiorno,22,Mino Vergnaghi,Jedi Dreams,2023.0,"1,10",29.0,Medio-bassa (21-40),https://i.scdn.co/image/ab67616d0000b2736669c3f8fad0daf362bbb077,44,44,Sì,Non valutabile,Non valutabile,Da verificare: artista differente,No,No
1979,1970,Anni 1970,Autunno cadono le pagine gialle,Marinella,R. Ferri e G. Trombetti,NF,,Senza posizione numerica,Non finalista,11-13 gennaio,Teatro Ariston,Mike Bongiorno,22,Mino Vergnaghi,Marco Testoni,2006.0,"1,85",35.0,Medio-bassa (21-40),https://i.scdn.co/image/ab67616d0000b273c196740bd09d6a28d6869d5a,27,44,Sì,Non valutabile,Non valutabile,Da verificare: artista differente,No,No
1979,1970,Anni 1970,Ayx Disco,Ayx,R. Galardini,NF,,Senza posizione numerica,Non finalista,11-13 gennaio,Teatro Ariston,Mike Bongiorno,22,Mino Vergnaghi,X DISCO,2024.0,"2,84",43.0,Media (41-60),https://i.scdn.co/image/ab67616d0000b27331f4b8b881acb8f65c1d82f0,45,44,Sì,Non valutabile,Non valutabile,Da verificare: artista differente,No,No
1979,1970,Anni 1970,Ciao Barbarella,Ciro Sebastianelli,"C. Sebastianelli, D. Pace e O. Avogadro",NF,,Senza posizione numerica,Non finalista,11-13 gennaio,Teatro Ariston,Mike Bongiorno,22,Mino Vergnaghi,Ciro Sebastianelli,2000.0,"3,37",14.0,Bassa (0-20),https://i.scdn.co/image/ab67616d0000b27346d1f612503e622c678bf9f6,21,44,Sì,Sì,No,Affidabile,Sì,Sì
1979,1970,Anni 1970,Grande mago,Nicoletta Bauce,N. Bauce e R. Colombo,NF,,Senza posizione numerica,Non finalista,11-13 gennaio,Teatro Ariston,Mike Bongiorno,22,Mino Vergnaghi,Grande Mahogany,2023.0,"3,12",29.0,Medio-bassa (21-40),https://i.scdn.co/image/ab67616d0000b2730732af04aef5f53e8eaac298,44,44,Sì,Non valutabile,Non valutabile,Da verificare: artista differente,No,No
1979,1970,Anni 1970,Il diario dei segreti,Gli Opera,C. Daiano e G. Adorno,NF,,Senza posizione numerica,Non finalista,11-13 gennaio,Teatro Ariston,Mike Bongiorno,22,Mino Vergnaghi,Claudio Tatananni,2021.0,"3,00",19.0,Bassa (0-20),https://i.scdn.co/image/ab67616d0000b27340a5f51ce7aabd4d180e1c41,42,44,Sì,Non valutabile,Non valutabile,Da verificare: artista differente,No,No
1979,1970,Anni 1970,Impazzirò,Il Était une Fois,P. Civello e Basilivan,NF,,Senza posizione numerica,Non finalista,11-13 gennaio,Teatro Ariston,Mike Bongiorno,22,Mino Vergnaghi,IMURI,2023.0,"3,18",0.0,Bassa (0-20),https://i.scdn.co/image/ab67616d0000b2737030557cfc8cd8da7011e9cd,44,44,Sì,Non valutabile,Non valutabile,Da verificare: artista differente,No,No
1979,1970,Anni 1970,In due,Michele Vicino,G. Belfiore e M. Vicino,NF,,Senza posizione numerica,Non finalista,11-13 gennaio,Teatro Ariston,Mike Bongiorno,22,Mino Vergnaghi,Sal Da Vinci,2019.0,"3,57",9.0,Bassa (0-20),https://i.scdn.co/image/ab67616d0000b2736316920138e6c2d55ab61714,40,44,Sì,Non valutabile,Non valutabile,Da verificare: artista differente,No,No
1979,1970,Anni 1970,"Il sole, la pioggia",Roberta,D. Pace e C. Conti,NF,,Senza posizione numerica,Non finalista,11-13 gennaio,Teatro Ariston,Mike Bongiorno,22,Mino Vergnaghi,Canzoni per Bambini TaTaTa,2021.0,"2,00",0.0,Bassa (0-20),https://i.scdn.co/image/ab67616d0000b2738d790970c88da671f1893530,42,44,Sì,Non valutabile,Non valutabile,Da verificare: artista differente,No,No
1979,1970,Anni 1970,Napule cagnarrà,Massimo Abbate,W. Montanelli,NF,,Senza posizione numerica,Non finalista,11-13 gennaio,Teatro Ariston,Mike Bongiorno,22,Mino Vergnaghi,Pino Daniele,2006.0,"3,77",58.0,Media (41-60),https://i.scdn.co/image/ab67616d0000b2738e294353ae08999f295ef9e6,27,44,Sì,Non valutabile,Non valutabile,Da verificare: artista differente,No,No
1979,1970,Anni 1970,Talismano nero,Gianni Mocchetti,Manipoli e G. Mocchetti,NF,,Senza posizione numerica,Non finalista,11-13 gennaio,Teatro Ariston,Mike Bongiorno,22,Mino Vergnaghi,Negramaro,2007.0,"3,58",57.0,Media (41-60),https://i.scdn.co/image/ab67616d0000b273e377a39dbbb3134f287d469c,28,44,Sì,Non valutabile,Non valutabile,Da verificare: artista differente,No,No
1980,1980,Anni 1980,Solo noi,Toto Cutugno,S. Cutugno,1º,1,1º posto,Vincitore,7-9 febbraio,Teatro Ariston,Roberto Benigni,30,Toto Cutugno,,,,,Dati non disponibili,,,43,Sì,Non valutabile,Non valutabile,Senza dati Spotify,No,No
1980,1980,Anni 1980,Ti voglio bene,Enzo Malepasso,Depsa e E. Malepasso,2º,2,2º-3º posto,Podio,7-9 febbraio,Teatro Ariston,Roberto Benigni,30,Toto Cutugno,Cristina D'Avena,2019.0,"3,09",40.0,Medio-bassa (21-40),https://i.scdn.co/image/ab67616d0000b2734f16888a564d7154dbae21f2,39,43,Sì,Non valutabile,Non valutabile,Da verificare: artista differente,No,No
1980,1980,Anni 1980,Su di noi,Pupo,"P. Barabani, D. Milani e E. Ghinazzi",3º,3,2º-3º posto,Podio,7-9 febbraio,Teatro Ariston,Roberto Benigni,30,Toto Cutugno,Pupo,2005.0,"3,86",59.0,Media (41-60),https://i.scdn.co/image/ab67616d0000b273c403da5862b026ee18d3761f,25,43,Sì,Sì,No,Affidabile,Sì,Sì
1980,1980,Anni 1980,Mariù,Gianni Morandi,R. Cellamare e F. De Gregori,F,,Senza posizione numerica,Finalista senza posizione,7-9 febbraio,Teatro Ariston,Roberto Benigni,30,Toto Cutugno,Roberto Vecchioni,1989.0,"3,82",7.0,Bassa (0-20),https://i.scdn.co/image/ab67616d0000b273ee67ca6924f337b15127240d,9,43,Sì,Non valutabile,Non valutabile,Da verificare: artista differente,No,No
1980,1980,Anni 1980,Più di una canzone,La Bottega dell'Arte,P. Calabrese e R. Musumarra,F,,Senza posizione numerica,Finalista senza posizione,7-9 febbraio,Teatro Ariston,Roberto Benigni,30,Toto Cutugno,Ninnananne Per Bambini Granny Smit,2022.0,"0,97",33.0,Medio-bassa (21-40),https://i.scdn.co/image/ab67616d0000b2731f2b956705162573c1ed8316,42,43,Sì,Non valutabile,Non valutabile,Da verificare: artista differente,No,No
1980,1980,Anni 1980,I Sing for You,Sally Oldfield,A. Salerno e M. Fabrizio,F,,Senza posizione numerica,Finalista senza posizione,7-9 febbraio,Teatro Ariston,Roberto Benigni,30,Toto Cutugno,Karin Nobbs,2012.0,"1,35",31.0,Medio-bassa (21-40),https://i.scdn.co/image/ab67616d0000b273dbee6fc6dfb0e02f3bc73fa5,32,43,Sì,Non valutabile,Non valutabile,Da verificare: artista differente,No,No
1980,1980,Anni 1980,L'italiano,Stefano Rosso,S. Rosso,F,,Senza posizione numerica,Finalista senza posizione,7-9 febbraio,Teatro Ariston,Roberto Benigni,30,Toto Cutugno,Toto Cutugno,1983.0,"3,94",71.0,Alta (61-100),https://i.scdn.co/image/ab67616d0000b273d919d138f6e83aba728bd697,3,43,Sì,Non valutabile,Non valutabile,Da verificare: artista differente,No,No
1980,1980,Anni 1980,Tu mi manchi dentro,Leroy Gomez,C. Minellono e R. Brioschi,F,,Senza posizione numerica,Finalista senza posizione,7-9 febbraio,Teatro Ariston,Roberto Benigni,30,Toto Cutugno,Gigi Finizio,2013.0,"4,11",46.0,Media (41-60),https://i.scdn.co/image/ab67616d0000b27356ec964a71e6c592e75b4f0d,33,43,Sì,Non valutabile,Non valutabile,Da verificare: artista differente,No,No
1980,1980,Anni 1980,Cavallo bianco,Paolo Riviera,V. Magelli e R. Aglietti,F,,Senza posizione numerica,Finalista senza posizione,7-9 febbraio,Teatro Ariston,Roberto Benigni,30,Toto Cutugno,Matia Bazar,1976.0,"4,98",37.0,Medio-bassa (21-40),https://i.scdn.co/image/ab67616d0000b273a411a74516374a3b38a115e0,-4,43,Sì,Non valutabile,Non valutabile,Da escludere: rilascio precedente,No,No
1980,1980,Anni 1980,Gelosia,Bobby Solo,D. Ciotti e R. Satti,F,,Senza posizione numerica,Finalista senza posizione,7-9 febbraio,Teatro Ariston,Roberto Benigni,30,Toto Cutugno,Gianni Celeste,1987.0,"3,61",40.0,Medio-bassa (21-40),https://i.scdn.co/image/ab67616d0000b273dc64d9d5c72b711938f2b765,7,43,Sì,Non valutabile,Non valutabile,Da verificare: artista differente,No,No
1980,1980,Anni 1980,Contessa,Decibel,F. Muzio e E. Ruggeri,F,,Senza posizione numerica,Finalista senza posizione,7-9 febbraio,Teatro Ariston,Roberto Benigni,30,Toto Cutugno,Modena City Ramblers,1994.0,"4,54",36.0,Medio-bassa (21-40),https://i.scdn.co/image/ab67616d0000b273bd6bb8652e18f6d03d13e966,14,43,Sì,Non valutabile,Non valutabile,Da verificare: artista differente,No,No
1980,1980,Anni 1980,Voglio l'erba voglio,Francesco Magni,F. Magni,F,,Senza posizione numerica,Finalista senza posizione,7-9 febbraio,Teatro Ariston,Roberto Benigni,30,Toto Cutugno,Lazza,2020.0,"2,55",49.0,Media (41-60),https://i.scdn.co/image/ab67616d0000b2733d0ebaa38ad5781f5e99da93,40,43,Sì,Non valutabile,Non valutabile,Da verificare: artista differente,No,No
1980,1980,Anni 1980,Canterò canterò canterò,Aldo Donati,A. Donati,F,,Senza posizione numerica,Finalista senza posizione,7-9 febbraio,Teatro Ariston,Roberto Benigni,30,Toto Cutugno,Pooh,2016.0,"3,86",32.0,Medio-bassa (21-40),https://i.scdn.co/image/ab67616d0000b27334af4785abfec5b89102c711,36,43,Sì,Non valutabile,Non valutabile,Da verificare: artista differente,No,No
1980,1980,Anni 1980,Ma vai vai,Giorgio Zito e i Diesel,G. Bennato,F,,Senza posizione numerica,Finalista senza posizione,7-9 febbraio,Teatro Ariston,Roberto Benigni,30,Toto Cutugno,Liga Carnaval SP,2016.0,"5,63",28.0,Medio-bassa (21-40),https://i.scdn.co/image/ab67616d0000b2734912babedb89817a9144c129,36,43,Sì,Non valutabile,Non valutabile,Da verificare: artista differente,No,No
1980,1980,Anni 1980,Va' pensiero,Linda Lee,P. Caruso,F,,Senza posizione numerica,Finalista senza posizione,7-9 febbraio,Teatro Ariston,Roberto Benigni,30,Toto Cutugno,Luciano Pavarotti,1998.0,"3,97",48.0,Media (41-60),https://i.scdn.co/image/ab67616d0000b27351d8fa114fcf9df50eb9ed88,18,43,Sì,Non valutabile,Non valutabile,Da verificare: artista differente,No,No
1980,1980,Anni 1980,Mara,Bruno D'Andrea,L. Albertelli e B. Tavernese,F,,Senza posizione numerica,Finalista senza posizione,7-9 febbraio,Teatro Ariston,Roberto Benigni,30,Toto Cutugno,Geolier,2023.0,"2,72",54.0,Media (41-60),https://i.scdn.co/image/ab67616d0000b273a43bc8d38cdecdb7a71b34a6,43,43,Sì,Non valutabile,Non valutabile,Da verificare: artista differente,No,No
1980,1980,Anni 1980,Musica regina,Leano Morelli,L. Morelli,F,,Senza posizione numerica,Finalista senza posizione,7-9 febbraio,Teatro Ariston,Roberto Benigni,30,Toto Cutugno,Pop X,2018.0,"3,17",23.0,Medio-bassa (21-40),https://i.scdn.co/image/ab67616d0000b2738c776a4832307a1400252521,38,43,Sì,Non valutabile,Non valutabile,Da verificare: artista differente,No,No
1980,1980,Anni 1980,Il sole canta,Orlando Johnson,G. Ullu,F,,Senza posizione numerica,Finalista senza posizione,7-9 febbraio,Teatro Ariston,Roberto Benigni,30,Toto Cutugno,Rossana Casale,2022.0,"4,51",29.0,Medio-bassa (21-40),https://i.scdn.co/image/ab67616d0000b2734b6f295fcd0b617dc30a862b,42,43,Sì,Non valutabile,Non valutabile,Da verificare: artista differente,No,No
1980,1980,Anni 1980,Passerà,Alberto Cheli,A. Coggio e M. Luberti,F,,Senza posizione numerica,Finalista senza posizione,7-9 febbraio,Teatro Ariston,Roberto Benigni,30,Toto Cutugno,Nayt,2021.0,"2,77",48.0,Media (41-60),https://i.scdn.co/image/ab67616d0000b273748c53acf756d40368d3de38,41,43,Sì,Non valutabile,Non valutabile,Da verificare: artista differente,No,No
1980,1980,Anni 1980,Tu cioè...,Peppino di Capri,Depsa e G. Faiella,F,,Senza posizione numerica,Finalista senza posizione,7-9 febbraio,Teatro Ariston,Roberto Benigni,30,Toto Cutugno,Coez,2019.0,"3,20",71.0,Alta (61-100),https://i.scdn.co/image/ab67616d0000b2737e05a226a97cdbdcab2c5a21,39,43,Sì,Non valutabile,Non valutabile,Da verificare: artista differente,No,No
1980,1980,Anni 1980,Amor mio... sono me!,Omelet,P. Scarpettini e A. Piccareta,NF,,Senza posizione numerica,Non finalista,7-9 febbraio,Teatro Ariston,Roberto Benigni,30,Toto Cutugno,Omelet,2010.0,"3,65",0.0,Bassa (0-20),https://i.scdn.co/image/ab67616d0000b27397a2aca55cc60c0f27e790ac,30,43,Sì,Sì,No,Affidabile,Sì,Sì
1980,1980,Anni 1980,Angelo di seta,Rimmel,"G. Dell'Orso, R. Guide e C. Colitti",NF,,Senza posizione numerica,Non finalista,7-9 febbraio,Teatro Ariston,Roberto Benigni,30,Toto Cutugno,Nico Fidenco,2022.0,"2,36",0.0,Bassa (0-20),https://i.scdn.co/image/ab67616d0000b2733daba06e2326e6383b05a081,42,43,Sì,Non valutabile,Non valutabile,Da verificare: artista differente,No,No
1980,1980,Anni 1980,Dal metrò a New York,Henry Freis,S. Giacobbe,NF,,Senza posizione numerica,Non finalista,7-9 febbraio,Teatro Ariston,Roberto Benigni,30,Toto Cutugno,Ezio Pinza,2012.0,"3,11",0.0,Bassa (0-20),https://i.scdn.co/image/ab67616d0000b273cf1571999d758098e7360e84,32,43,Sì,Non valutabile,Non valutabile,Da verificare: artista differente,No,No
1980,1980,Anni 1980,Dammi le mani,Mela Lo Cicero,F. Chiaravalle,NF,,Senza posizione numerica,Non finalista,7-9 febbraio,Teatro Ariston,Roberto Benigni,30,Toto Cutugno,Sara Pellegrino,2022.0,"2,98",10.0,Bassa (0-20),https://i.scdn.co/image/ab67616d0000b273c37837591ac351fd61882e4f,42,43,Sì,Non valutabile,Non valutabile,Da verificare: artista differente,No,No
1980,1980,Anni 1980,E pensare che una volta... non era così!,Gianfranco De Angelis,S. Spassiano e P. Cassella,NF,,Senza posizione numerica,Non finalista,7-9 febbraio,Teatro Ariston,Roberto Benigni,30,Toto Cutugno,The Kolors,2019.0,"3,49",59.0,Media (41-60),https://i.scdn.co/image/ab67616d0000b273241509810e35738fa8ba224e,39,43,Sì,Non valutabile,Non valutabile,Da verificare: artista differente,No,No
1980,1980,Anni 1980,Non ti drogare,Alberto Beltrami,A. Beltrami,NF,,Senza posizione numerica,Non finalista,7-9 febbraio,Teatro Ariston,Roberto Benigni,30,Toto Cutugno,Nayt,2021.0,"3,19",49.0,Media (41-60),https://i.scdn.co/image/ab67616d0000b273315d6590f6d858f6066482da,41,43,Sì,Non valutabile,Non valutabile,Da verificare: artista differente,No,No
1980,1980,Anni 1980,Ritagli di luce,Latte e Miele,L. Poltini e L. Albertelli,NF,,Senza posizione numerica,Non finalista,7-9 febbraio,Teatro Ariston,Roberto Benigni,30,Toto Cutugno,Ecosound,2013.0,"10,16",0.0,Bassa (0-20),https://i.scdn.co/image/ab67616d0000b2731ebcc44256782bb927ad6430,33,43,Sì,Non valutabile,Non valutabile,Da verificare: artista differente,No,No
1980,1980,Anni 1980,Ti desidero,Armonium,"C. Scotti Galletta, P. Barabani e F. Zulian",NF,,Senza posizione numerica,Non finalista,7-9 febbraio,Teatro Ariston,Roberto Benigni,30,Toto Cutugno,I Desideri,2020.0,"3,02",27.0,Medio-bassa (21-40),https://i.scdn.co/image/ab67616d0000b273970b3907ae9a8756ce831070,40,43,Sì,Non valutabile,Non valutabile,Da verificare: artista differente,No,No
1980,1980,Anni 1980,Tu che fai la moglie,Luca Cola,"L. Cola, E. Intra e Rigaldi",NF,,Senza posizione numerica,Non finalista,7-9 febbraio,Teatro Ariston,Roberto Benigni,30,Toto Cutugno,Gigi D'Alessio,2017.0,"4,60",44.0,Media (41-60),https://i.scdn.co/image/ab67616d0000b273e586c961df304e8ef7582c8f,37,43,Sì,Non valutabile,Non valutabile,Da verificare: artista differente,No,No
1980,1980,Anni 1980,Tu sei la mia musica,Coscarella e Polimeno,"A. Coscarella, D. Polimeno e A. Cogliati",NF,,Senza posizione numerica,Non finalista,7-9 febbraio,Teatro Ariston,Roberto Benigni,30,Toto Cutugno,Giulia Parisi,2017.0,"2,95",28.0,Medio-bassa (21-40),https://i.scdn.co/image/ab67616d0000b2730361098d483ba5d1de872ee8,37,43,Sì,Non valutabile,Non valutabile,Da verificare: artista differente,No,No
1981,1980,Anni 1980,Per Elisa,Alice,"C. Bissi, F. Battiato e G. Pio",1º,1,1º posto,Vincitore,5-7 febbraio,Teatro Ariston,Claudio Cecchetto,28,Alice (cantante),,,,,Dati non disponibili,,,42,Sì,Non valutabile,Non valutabile,Senza dati Spotify,No,No
1981,1980,Anni 1980,Maledetta primavera,Loretta Goggi,P. A. Cassella e T. Savio,2º,2,2º-3º posto,Podio,5-7 febbraio,Teatro Ariston,Claudio Cecchetto,28,Alice (cantante),Loretta Goggi,2008.0,"4,22",56.0,Media (41-60),https://i.scdn.co/image/ab67616d0000b27395dcaca4f86ec0904426cb32,27,42,Sì,Sì,No,Affidabile,Sì,Sì
1981,1980,Anni 1980,Tu cosa fai stasera?,Dario Baldan Bembo,P. A. Cassella e D. Baldan Bembo,3º,3,2º-3º posto,Podio,5-7 febbraio,Teatro Ariston,Claudio Cecchetto,28,Alice (cantante),Dario Baldan Bembo,1984.0,"3,55",30.0,Medio-bassa (21-40),https://i.scdn.co/image/ab67616d0000b273520a124adfc2720090fbb935,3,42,Sì,No,No,Affidabile,Sì,Sì
1981,1980,Anni 1980,Roma spogliata,Luca Barbarossa,L. Barbarossa,4º,4,4º-10º posto,Altra posizione,5-7 febbraio,Teatro Ariston,Claudio Cecchetto,28,Alice (cantante),Luca Barbarossa,2011.0,"3,76",44.0,Media (41-60),https://i.scdn.co/image/ab67616d0000b27397ed44d864860cc104f4abee,30,42,Sì,Sì,No,Affidabile,Sì,Sì
1981,1980,Anni 1980,Sarà perché ti amo,Ricchi e Poveri,"E. Ghinazzi, D. Pace e D. Farina",5º,5,4º-10º posto,Altra posizione,5-7 febbraio,Teatro Ariston,Claudio Cecchetto,28,Alice (cantante),Ricchi E Poveri,1998.0,"3,18",74.0,Alta (61-100),https://i.scdn.co/image/ab67616d0000b273e46c669e434e80209396680b,17,42,Sì,No,No,Affidabile,Sì,Sì
1981,1980,Anni 1980,Hop hop somarello,Paolo Barabani,"P. Barabani, E. Ghinazzi e G. P. Reverberi",6º,6,4º-10º posto,Altra posizione,5-7 febbraio,Teatro Ariston,Claudio Cecchetto,28,Alice (cantante),Massimo,1981.0,"2,87",24.0,Medio-bassa (21-40),https://i.scdn.co/image/ab67616d0000b2738a66a83bd5bbf23b5ca387e8,0,42,Sì,Non valutabile,Non valutabile,Da verificare: artista differente,No,No
1981,1980,Anni 1980,Ma chi te lo fa fare,Marinella,V. Pallavicini e G. P. Felisatti,7º,7,4º-10º posto,Altra posizione,5-7 febbraio,Teatro Ariston,Claudio Cecchetto,28,Alice (cantante),Massimo,1981.0,"3,52",6.0,Bassa (0-20),https://i.scdn.co/image/ab67616d0000b2738a66a83bd5bbf23b5ca387e8,0,42,Sì,Non valutabile,Non valutabile,Da verificare: artista differente,No,No
1981,1980,Anni 1980,Su quel pianeta libero,Michele Zarrillo,"M. Zarrillo, A. Rosario e P. A. Cassella",8º,8,4º-10º posto,Altra posizione,5-7 febbraio,Teatro Ariston,Claudio Cecchetto,28,Alice (cantante),Michele Zarrillo,1997.0,"4,70",32.0,Medio-bassa (21-40),https://i.scdn.co/image/ab67616d0000b273fb14edd7e3820814672698e0,16,42,Sì,No,No,Affidabile,Sì,Sì
1981,1980,Anni 1980,Pensa per te,Marcella,G. Bigazzi e G. Bella,9º,9,4º-10º posto,Altra posizione,5-7 febbraio,Teatro Ariston,Claudio Cecchetto,28,Alice (cantante),Anna Oxa,1988.0,"3,99",58.0,Media (41-60),https://i.scdn.co/image/ab67616d0000b27333dcae59026378c0633feddf,7,42,Sì,Non valutabile,Non valutabile,Da verificare: artista differente,No,No
1981,1980,Anni 1980,Midnight,Passengers,G. Arena e A. Piccareta,10º,10,4º-10º posto,Altra posizione,5-7 febbraio,Teatro Ariston,Claudio Cecchetto,28,Alice (cantante),M83,2011.0,"4,07",80.0,Alta (61-100),https://i.scdn.co/image/ab67616d0000b273b3591763154a27326b3f431a,30,42,Sì,Non valutabile,Non valutabile,Da verificare: artista differente,No,No
1981,1980,Anni 1980,Ancora,Eduardo De Crescenzo,F. Migliacci e C. Mattone,F,,Senza posizione numerica,Finalista senza posizione,5-7 febbraio,Teatro Ariston,Claudio Cecchetto,28,Alice (cantante),Mina,2023.0,"4,28",64.0,Alta (61-100),https://i.scdn.co/image/ab67616d0000b27375771af850edfdbd65c51d19,42,42,Sì,Non valutabile,Non valutabile,Da verificare: artista differente,No,No
1981,1980,Anni 1980,Angela,Leano Morelli,M. Mologni e L. Morelli,F,,Senza posizione numerica,Finalista senza posizione,5-7 febbraio,Teatro Ariston,Claudio Cecchetto,28,Alice (cantante),Checco Zalone,2009.0,"3,24",48.0,Media (41-60),https://i.scdn.co/image/ab67616d0000b2734d40ffa2c1ecf2f65316edd0,28,42,Sì,Non valutabile,Non valutabile,Da verificare: artista differente,No,No
1981,1980,Anni 1980,La barca non va più,Orietta Berti,B. Lauzi e P. Caruso,F,,Senza posizione numerica,Finalista senza posizione,5-7 febbraio,Teatro Ariston,Claudio Cecchetto,28,Alice (cantante),Orietta Berti,2013.0,"3,74",6.0,Bassa (0-20),https://i.scdn.co/image/ab67616d0000b2732bd67473584355a4d899572d,32,42,Sì,Sì,No,Affidabile,Sì,Sì
1981,1980,Anni 1980,Blue (Tutto è blu),Sterling Saint-Jacques,"P. M. Bozzetti, G. Bozzetti e V. Caruso",F,,Senza posizione numerica,Finalista senza posizione,5-7 febbraio,Teatro Ariston,Claudio Cecchetto,28,Alice (cantante),Mango,2019.0,"3,69",7.0,Bassa (0-20),https://i.scdn.co/image/ab67616d0000b27321330a5117cca47490d039e2,38,42,Sì,Non valutabile,Non valutabile,Da verificare: artista differente,No,No
1981,1980,Anni 1980,Caffè nero bollente,Fiorella Mannoia,C. Cavallo e R. De Cola,F,,Senza posizione numerica,Finalista senza posizione,5-7 febbraio,Teatro Ariston,Claudio Cecchetto,28,Alice (cantante),Fiorella Mannoia,1984.0,"4,42",41.0,Media (41-60),https://i.scdn.co/image/ab67616d0000b2739159bd0731a8e9fad097862b,3,42,Sì,No,No,Affidabile,Sì,Sì
1981,1980,Anni 1980,Follow me (Se amore vuoi),Carmen & Thompson,"L. Angeleri, C. Thompson e P. Carmen",F,,Senza posizione numerica,Finalista senza posizione,5-7 febbraio,Teatro Ariston,Claudio Cecchetto,28,Alice (cantante),Only 4 Fans,2021.0,"2,25",31.0,Medio-bassa (21-40),https://i.scdn.co/image/ab67616d0000b2739c6305c8d3c290f6fa2f3690,40,42,Sì,Non valutabile,Non valutabile,Da verificare: artista differente,No,No
1981,1980,Anni 1980,Io mi,Stefano Tosi,"C. D'Apruzzo, M. Filistrucchi e S. Tosi Innocenti",F,,Senza posizione numerica,Finalista senza posizione,5-7 febbraio,Teatro Ariston,Claudio Cecchetto,28,Alice (cantante),Ornella Vanoni,2001.0,"3,62",31.0,Medio-bassa (21-40),https://i.scdn.co/image/ab67616d0000b273c7fb93ffa035ccb7a12cdad2,20,42,Sì,Non valutabile,Non valutabile,Da verificare: artista differente,No,No
1981,1980,Anni 1980,Non posso perderti,Bobby Solo,D. Ciotti e R. Satti,F,,Senza posizione numerica,Finalista senza posizione,5-7 febbraio,Teatro Ariston,Claudio Cecchetto,28,Alice (cantante),Bobby Solo,2001.0,"4,29",14.0,Bassa (0-20),https://i.scdn.co/image/ab67616d0000b27398500d7e313c46cb01082df8,20,42,Sì,Sì,No,Affidabile,Sì,Sì
1981,1980,Anni 1980,Questo amore non si tocca,Gianni Bella,G. Bigazzi e G. Bella,F,,Senza posizione numerica,Finalista senza posizione,5-7 febbraio,Teatro Ariston,Claudio Cecchetto,28,Alice (cantante),,,,,Dati non disponibili,,,42,Sì,Non valutabile,Non valutabile,Senza dati Spotify,No,No
1981,1980,Anni 1980,I ragazzi che si amano,Collage,"C. Fontana, A. Valsiglio e P. Masala",F,,Senza posizione numerica,Finalista senza posizione,5-7 febbraio,Teatro Ariston,Claudio Cecchetto,28,Alice (cantante),Collage,1997.0,"3,44",23.0,Medio-bassa (21-40),https://i.scdn.co/image/ab67616d0000b2736d226ed3eb053af8fc8ea913,16,42,Sì,No,No,Affidabile,Sì,Sì
1981,1980,Anni 1980,Amore mio,Enzo Malepasso,S. De Pasquale e V. Malepasso,NF,,Senza posizione numerica,Non finalista,5-7 febbraio,Teatro Ariston,Claudio Cecchetto,28,Alice (cantante),Salvo Nicolosi,2009.0,"4,11",40.0,Medio-bassa (21-40),https://i.scdn.co/image/ab67616d0000b2737c42be53463c0fbc0bd6eb6c,28,42,Sì,Non valutabile,Non valutabile,Da verificare: artista differente,No,No
1981,1980,Anni 1980,Bianca stella,Sebastiano Occhino,S. Occhino e L. Albertelli,NF,,Senza posizione numerica,Non finalista,5-7 febbraio,Teatro Ariston,Claudio Cecchetto,28,Alice (cantante),Carillon di ninna nanne,2022.0,"0,89",25.0,Medio-bassa (21-40),https://i.scdn.co/image/ab67616d0000b273a327e709eb5a849385270c9e,41,42,Sì,Non valutabile,Non valutabile,Da verificare: artista differente,No,No
1981,1980,Anni 1980,Che brutto affare,Jò Chiarello,F. Califano e A. Varano,NF,,Senza posizione numerica,Non finalista,5-7 febbraio,Teatro Ariston,Claudio Cecchetto,28,Alice (cantante),Jo Chiarello,2016.0,"3,33",29.0,Medio-bassa (21-40),https://i.scdn.co/image/ab67616d0000b273f5933b4d76b803458c2a9155,35,42,Sì,Sì,Sì,Affidabile,Sì,Sì
1981,1980,Anni 1980,Guerriero,Gli Opera,A. Barillà,NF,,Senza posizione numerica,Non finalista,5-7 febbraio,Teatro Ariston,Claudio Cecchetto,28,Alice (cantante),Marco Mengoni,2015.0,"4,08",60.0,Media (41-60),https://i.scdn.co/image/ab67616d0000b273f6c037106acfe8a5447192ba,34,42,Sì,Non valutabile,Non valutabile,Da verificare: artista differente,No,No
1981,1980,Anni 1980,Mille volte ti amo,Umberto Napolitano,U. Napolitano,NF,,Senza posizione numerica,Non finalista,5-7 febbraio,Teatro Ariston,Claudio Cecchetto,28,Alice (cantante),Umberto Napolitano,1998.0,"3,36",2.0,Bassa (0-20),https://i.scdn.co/image/ab67616d0000b2735201decfc6836e9545175251,17,42,Sì,No,No,Affidabile,Sì,Sì
1981,1980,Anni 1980,Toccami,Tom Hooker,R. Brioschi e M. Chiodi,NF,,Senza posizione numerica,Non finalista,5-7 febbraio,Teatro Ariston,Claudio Cecchetto,28,Alice (cantante),Lara Fabian,2010.0,"5,02",22.0,Medio-bassa (21-40),https://i.scdn.co/image/ab67616d0000b273267b03853a25f5ed5fce9530,29,42,Sì,Non valutabile,Non valutabile,Da verificare: artista differente,No,No
1981,1980,Anni 1980,Tulilemble,Domenico Mattia,G. P. Felisatti,NF,,Senza posizione numerica,Non finalista,5-7 febbraio,Teatro Ariston,Claudio Cecchetto,28,Alice (cantante),G-Eazy,2014.0,"4,26",84.0,Alta (61-100),https://i.scdn.co/image/ab67616d0000b273bdfe4efd674482cf5ac88c99,33,42,Sì,Non valutabile,Non valutabile,Da verificare: artista differente,No,No
1981,1980,Anni 1980,Un'isola alle Hawaii,Franco Fasano,F. Fasano e S. De Pasquale,NF,,Senza posizione numerica,Non finalista,5-7 febbraio,Teatro Ariston,Claudio Cecchetto,28,Alice (cantante),Franco Fasano,2012.0,"4,86",3.0,Bassa (0-20),https://i.scdn.co/image/ab67616d0000b273eefd6eb96004653466b09342,31,42,Sì,Sì,No,Affidabile,Sì,Sì
1982,1980,Anni 1980,Storie di tutti i giorni,Riccardo Fogli,"R. Fogli, G. Morra e M. Fabrizio",1º,1,1º posto,Vincitore,28-30 gennaio,Teatro Ariston,Claudio Cecchetto,30,Riccardo Fogli,,,,,Dati non disponibili,,,41,Sì,Non valutabile,Non valutabile,Senza dati Spotify,No,No
1982,1980,Anni 1980,Felicità,Al Bano e Romina Power,"C. Minellono, G. De Stefani e D. Farina",2º,2,2º-3º posto,Podio,28-30 gennaio,Teatro Ariston,Claudio Cecchetto,30,Riccardo Fogli,Al Bano And Romina Power,1982.0,"3,22",72.0,Alta (61-100),https://i.scdn.co/image/ab67616d0000b273228264ef165a3de1041d0c22,0,41,Sì,No,No,Affidabile,Sì,Sì
1982,1980,Anni 1980,Soli,Drupi,"G. Anelli, G. Belleno e V. De Scalzi",3º,3,2º-3º posto,Podio,28-30 gennaio,Teatro Ariston,Claudio Cecchetto,30,Riccardo Fogli,Club Dogo,2024.0,"3,85",73.0,Alta (61-100),https://i.scdn.co/image/ab67616d0000b2733e0cbdae59528c0c60903e90,42,41,Sì,Non valutabile,Non valutabile,Da verificare: artista differente,No,No
1982,1980,Anni 1980,Solo grazie,Giuseppe Cionfoli,G. Cionfoli,4º,4,4º-10º posto,Altra posizione,28-30 gennaio,Teatro Ariston,Claudio Cecchetto,30,Riccardo Fogli,Giuseppe Cionfoli,2008.0,"4,09",32.0,Medio-bassa (21-40),https://i.scdn.co/image/ab67616d0000b273695378165bb7ded03becb89b,26,41,Sì,Sì,No,Affidabile,Sì,Sì
1982,1980,Anni 1980,Un'altra vita un altro amore,Christian,M. Balducci,5º,5,4º-10º posto,Altra posizione,28-30 gennaio,Teatro Ariston,Claudio Cecchetto,30,Riccardo Fogli,Christian,2008.0,"3,74",12.0,Bassa (0-20),https://i.scdn.co/image/ab67616d0000b273a7caf08667e75bd34f21d916,26,41,Sì,Sì,No,Affidabile,Sì,Sì
1982,1980,Anni 1980,Beguine,Jimmy Fontana,"F. Migliacci, E. Sbriccoli, L. Greco e L. Pellegrino",6°,6,4º-10º posto,Altra posizione,28-30 gennaio,Teatro Ariston,Claudio Cecchetto,30,Riccardo Fogli,Giuseppe Bruni,2022.0,"1,10",40.0,Medio-bassa (21-40),https://i.scdn.co/image/ab67616d0000b273d1a90299c25eae3d7e1c605f,40,41,Sì,Non valutabile,Non valutabile,Da verificare: artista differente,No,No
1982,1980,Anni 1980,Blue Hotel,Lene Lovich,Goldsand,F,,Senza posizione numerica,Finalista senza posizione,28-30 gennaio,Teatro Ariston,Claudio Cecchetto,30,Riccardo Fogli,Chris Isaak,1987.0,"3,21",60.0,Media (41-60),https://i.scdn.co/image/ab67616d0000b27357937d25cfcbcc05ce04a517,5,41,Sì,Non valutabile,Non valutabile,Da verificare: artista differente,No,No
1982,1980,Anni 1980,C'è,Elisabetta Viviani,M. Balducci,F,,Senza posizione numerica,Finalista senza posizione,28-30 gennaio,Teatro Ariston,Claudio Cecchetto,30,Riccardo Fogli,Vasco Rossi,2004.0,"4,56",39.0,Medio-bassa (21-40),https://i.scdn.co/image/ab67616d0000b273a998c40fb83247c304e91a9d,22,41,Sì,Non valutabile,Non valutabile,Da verificare: artista differente,No,No
1982,1980,Anni 1980,E non finisce mica il cielo,Mia Martini,I. Fossati,F,,Senza posizione numerica,Finalista senza posizione,28-30 gennaio,Teatro Ariston,Claudio Cecchetto,30,Riccardo Fogli,Mia Martini,2005.0,"4,06",47.0,Media (41-60),https://i.scdn.co/image/ab67616d0000b2731cb60b981cce39415f2e1a5a,23,41,Sì,Sì,No,Affidabile,Sì,Sì
1982,1980,Anni 1980,Io no,Anna Oxa,O. Avogadro e M. Lavezzi,F,,Senza posizione numerica,Finalista senza posizione,28-30 gennaio,Teatro Ariston,Claudio Cecchetto,30,Riccardo Fogli,Francesca Michielin,2018.0,"3,21",56.0,Media (41-60),https://i.scdn.co/image/ab67616d0000b27311e273d18f9c75649a371076,36,41,Sì,Non valutabile,Non valutabile,Da verificare: artista differente,No,No
1982,1980,Anni 1980,Lisa,Stefano Sani,"J. Iozzo, Z. Fornaciari e F. Marsella",F,,Senza posizione numerica,Finalista senza posizione,28-30 gennaio,Teatro Ariston,Claudio Cecchetto,30,Riccardo Fogli,Club Dogo,2014.0,"3,42",59.0,Media (41-60),https://i.scdn.co/image/ab67616d0000b2737550b41ad28e423170f438e6,32,41,Sì,Non valutabile,Non valutabile,Da verificare: artista differente,No,No
1982,1980,Anni 1980,Marinai,Le Orme,"A. Salerno, D'Amico, A. Pagliuca e A. Tagliapietra",F,,Senza posizione numerica,Finalista senza posizione,28-30 gennaio,Teatro Ariston,Claudio Cecchetto,30,Riccardo Fogli,Tutti Fenomeni,2021.0,"2,75",25.0,Medio-bassa (21-40),https://i.scdn.co/image/ab67616d0000b2736a7f7338db81e9ef07e88df9,39,41,Sì,Non valutabile,Non valutabile,Da verificare: artista differente,No,No
1982,1980,Anni 1980,Non voglio ali,Riccardo Del Turco,R. Del Turco,F,,Senza posizione numerica,Finalista senza posizione,28-30 gennaio,Teatro Ariston,Claudio Cecchetto,30,Riccardo Fogli,Giuni Russo,2021.0,"3,21",2.0,Bassa (0-20),https://i.scdn.co/image/ab67616d0000b2739c510baa41fb538714332e59,39,41,Sì,Non valutabile,Non valutabile,Da verificare: artista differente,No,No
1982,1980,Anni 1980,Ping pong,Plastic Bertrand,"Depsa, G. Pirazzoli e G. Fasano",F,,Senza posizione numerica,Finalista senza posizione,28-30 gennaio,Teatro Ariston,Claudio Cecchetto,30,Riccardo Fogli,Rino Gaetano,2015.0,"5,18",31.0,Medio-bassa (21-40),https://i.scdn.co/image/ab67616d0000b273255d13c5129b9a5eeffcc227,33,41,Sì,Non valutabile,Non valutabile,Da verificare: artista differente,No,No
1982,1980,Anni 1980,Quando incontri l'amore,Milk & Coffee,"S. Subelli e I. Polizzy, C. Natili e G. Nisi",F,,Senza posizione numerica,Finalista senza posizione,28-30 gennaio,Teatro Ariston,Claudio Cecchetto,30,Riccardo Fogli,,,,,Dati non disponibili,,,41,Sì,Non valutabile,Non valutabile,Senza dati Spotify,No,No
1982,1980,Anni 1980,Romantici,Viola Valentino,G. Morra e M. Fabrizio,F,,Senza posizione numerica,Finalista senza posizione,28-30 gennaio,Teatro Ariston,Claudio Cecchetto,30,Riccardo Fogli,Viola Valentino,2005.0,"3,92",35.0,Medio-bassa (21-40),https://i.scdn.co/image/ab67616d0000b27367be35c0755253560e6ab6e4,23,41,Sì,Sì,No,Affidabile,Sì,Sì
1982,1980,Anni 1980,Sei la mia donna,Mal,"C. Minellono, D. Sorrenti e G. Santamaria",F,,Senza posizione numerica,Finalista senza posizione,28-30 gennaio,Teatro Ariston,Claudio Cecchetto,30,Riccardo Fogli,Ruggero Scandiuzzi,2016.0,"4,03",6.0,Bassa (0-20),https://i.scdn.co/image/ab67616d0000b27326bdaba71ad843e6ba285718,34,41,Sì,Non valutabile,Non valutabile,Da verificare: artista differente,No,No
1982,1980,Anni 1980,Sette fili di canapa,Mario Castelnuovo,M. Castelnuovo,F,,Senza posizione numerica,Finalista senza posizione,28-30 gennaio,Teatro Ariston,Claudio Cecchetto,30,Riccardo Fogli,Mario Castelnuovo,2003.0,"5,47",13.0,Bassa (0-20),https://i.scdn.co/image/ab67616d0000b2730d1cb9cd79cb3a04d0e85d9b,21,41,Sì,Sì,No,Affidabile,Sì,Sì
1982,1980,Anni 1980,Strano momento,Roberto Soffici,R. Soffici e A. Lo Vecchio,F,,Senza posizione numerica,Finalista senza posizione,28-30 gennaio,Teatro Ariston,Claudio Cecchetto,30,Riccardo Fogli,Roberto Soffici,1996.0,"4,91",4.0,Bassa (0-20),https://i.scdn.co/image/ab67616d0000b27350f00df00dc3e8387316bbb1,14,41,Sì,No,No,Affidabile,Sì,Sì
1982,1980,Anni 1980,Tu stai,Bobby Solo,R. Satti,F,,Senza posizione numerica,Finalista senza posizione,28-30 gennaio,Teatro Ariston,Claudio Cecchetto,30,Riccardo Fogli,Bobby Solo,2003.0,"3,68",19.0,Bassa (0-20),https://i.scdn.co/image/ab67616d0000b273f3bfabf2662d11fe4a8a2675,21,41,Sì,Sì,No,Affidabile,Sì,Sì
1982,1980,Anni 1980,Una notte che vola via,Zucchero Fornaciari,Z. Fornaciari e C. D'Apruzzo,F,,Senza posizione numerica,Finalista senza posizione,28-30 gennaio,Teatro Ariston,Claudio Cecchetto,30,Riccardo Fogli,Zucchero,1983.0,"4,11",31.0,Medio-bassa (21-40),https://i.scdn.co/image/ab67616d0000b2739a6cbef8d6c3ac740bc5ae69,1,41,Sì,No,No,Affidabile,Sì,Sì
1982,1980,Anni 1980,Vado al massimo,Vasco Rossi,V. Rossi,F,,Senza posizione numerica,Finalista senza posizione,28-30 gennaio,Teatro Ariston,Claudio Cecchetto,30,Riccardo Fogli,Vasco Rossi,1982.0,"4,06",50.0,Media (41-60),https://i.scdn.co/image/ab67616d0000b27397be768fcaa3262d0c96fd09,0,41,Sì,No,No,Affidabile,Sì,Sì
1982,1980,Anni 1980,America in,Orietta Berti,"D. Pace, M. Panzeri e C. Conti",NF,,Senza posizione numerica,Non finalista,28-30 gennaio,Teatro Ariston,Claudio Cecchetto,30,Riccardo Fogli,Orietta Berti,2013.0,"3,63",3.0,Bassa (0-20),https://i.scdn.co/image/ab67616d0000b2732bd67473584355a4d899572d,31,41,Sì,Sì,No,Affidabile,Sì,Sì
1982,1980,Anni 1980,Biancaneve,Rino Martinez,P. Dossena e R. Martinez,NF,,Senza posizione numerica,Non finalista,28-30 gennaio,Teatro Ariston,Claudio Cecchetto,30,Riccardo Fogli,The Pietro Carapellucci Choir,2022.0,"2,75",33.0,Medio-bassa (21-40),https://i.scdn.co/image/ab67616d0000b273c3fedb03c224bf5732567eac,40,41,Sì,Non valutabile,Non valutabile,Da verificare: artista differente,No,No
1982,1980,Anni 1980,Centomila amori miei,Marina Lai,"Minimum, A. Cogliati e C. Castellari",NF,,Senza posizione numerica,Non finalista,28-30 gennaio,Teatro Ariston,Claudio Cecchetto,30,Riccardo Fogli,Brattini,2024.0,"3,28",23.0,Medio-bassa (21-40),https://i.scdn.co/image/ab67616d0000b27359f3de4c0043d0ae734c284e,42,41,Sì,Non valutabile,Non valutabile,Da verificare: artista differente,No,No
1982,1980,Anni 1980,Cuore bandito,Julie,E. Palumbo e D. Sebastiani,NF,,Senza posizione numerica,Non finalista,28-30 gennaio,Teatro Ariston,Claudio Cecchetto,30,Riccardo Fogli,Julie,2013.0,"4,33",18.0,Bassa (0-20),https://i.scdn.co/image/ab67616d0000b2739754806f0ce9d1ef33dd1a13,31,41,Sì,Sì,No,Affidabile,Sì,Sì
1982,1980,Anni 1980,Facciamo la pace,Claudio Villa,C. Villa e R. Ferri,NF,,Senza posizione numerica,Non finalista,28-30 gennaio,Teatro Ariston,Claudio Cecchetto,30,Riccardo Fogli,Maurizio Pirovano,2022.0,"4,11",1.0,Bassa (0-20),https://i.scdn.co/image/ab67616d0000b2731064d0d4975ffa90d6bbedd0,40,41,Sì,Non valutabile,Non valutabile,Da verificare: artista differente,No,No
1982,1980,Anni 1980,Non arrenderti mai,Piero Cassano,"V. Pallavicini, L. Albertelli e P. Cassano",NF,,Senza posizione numerica,Non finalista,28-30 gennaio,Teatro Ariston,Claudio Cecchetto,30,Riccardo Fogli,Michael Ronda,2016.0,"3,18",15.0,Bassa (0-20),https://i.scdn.co/image/ab67616d0000b273690f44097f583c2d58cdea45,34,41,Sì,Non valutabile,Non valutabile,Da verificare: artista differente,No,No
1982,1980,Anni 1980,Una rosa blu,Michele Zarrillo,"P. Cassella, M. Zarrillo e T. Savio",NF,,Senza posizione numerica,Non finalista,28-30 gennaio,Teatro Ariston,Claudio Cecchetto,30,Riccardo Fogli,Michele Zarrillo,1997.0,"5,41",50.0,Media (41-60),https://i.scdn.co/image/ab67616d0000b273fb14edd7e3820814672698e0,15,41,Sì,No,No,Affidabile,Sì,Sì
1982,1980,Anni 1980,Una sporca poesia,Fiordaliso,"G. Pirazzoli, G. Fasano e Depsa",NF,,Senza posizione numerica,Non finalista,28-30 gennaio,Teatro Ariston,Claudio Cecchetto,30,Riccardo Fogli,Fiordaliso,2001.0,"3,28",26.0,Medio-bassa (21-40),https://i.scdn.co/image/ab67616d0000b273c791f20276ec0f04e1095887,19,41,Sì,No,No,Affidabile,Sì,Sì
1983,1980,Anni 1980,Sarà quel che sarà,Tiziana Rivale,R. Ferri e M. Fabrizio,1º,1,1º posto,Vincitore,3-5 febbraio,Teatro Ariston,Andrea Giordana,36,Tiziana Rivale,,,,,Dati non disponibili,,,40,Sì,Non valutabile,Non valutabile,Senza dati Spotify,No,No
1983,1980,Anni 1980,Volevo dirti,Donatella Milani,"D. Milani, D. Pace e A. Fornaciari",2º,2,2º-3º posto,Podio,3-5 febbraio,Teatro Ariston,Andrea Giordana,36,Tiziana Rivale,Nisba,2021.0,"3,03",37.0,Medio-bassa (21-40),https://i.scdn.co/image/ab67616d0000b273d743b856b033b2c14531fab1,38,40,Sì,Non valutabile,Non valutabile,Da verificare: artista differente,No,No
1983,1980,Anni 1980,Margherita non lo sa,Dori Ghezzi,O. Prudente e O. Avogadro,3º,3,2º-3º posto,Podio,3-5 febbraio,Teatro Ariston,Andrea Giordana,36,Tiziana Rivale,Sandra,2014.0,"3,42",11.0,Bassa (0-20),https://i.scdn.co/image/ab67616d0000b2732dffc34c1f9267617f1d514f,31,40,Sì,Non valutabile,Non valutabile,Da verificare: artista differente,No,No
1983,1980,Anni 1980,Vacanze romane,Matia Bazar,C. Marrale e G. Golzi,4º,4,4º-10º posto,Altra posizione,3-5 febbraio,Teatro Ariston,Andrea Giordana,36,Tiziana Rivale,Matia Bazar,1983.0,"4,22",50.0,Media (41-60),https://i.scdn.co/image/ab67616d0000b273bbc3786cff2fc6ee416e433b,0,40,Sì,No,No,Affidabile,Sì,Sì
1983,1980,Anni 1980,L'italiano,Toto Cutugno,C. Minellono e T. Cutugno,5º,5,4º-10º posto,Altra posizione,3-5 febbraio,Teatro Ariston,Andrea Giordana,36,Tiziana Rivale,Toto Cutugno,1983.0,"3,94",71.0,Alta (61-100),https://i.scdn.co/image/ab67616d0000b273d919d138f6e83aba728bd697,0,40,Sì,No,No,Affidabile,Sì,Sì
1983,1980,Anni 1980,Oramai,Fiordaliso,"C. Daiano, A. Valsiglio e Depsa",6º,6,4º-10º posto,Altra posizione,3-5 febbraio,Teatro Ariston,Andrea Giordana,36,Tiziana Rivale,Fiordaliso,2001.0,"3,28",19.0,Bassa (0-20),https://i.scdn.co/image/ab67616d0000b273c791f20276ec0f04e1095887,18,40,Sì,No,No,Affidabile,Sì,Sì
1983,1980,Anni 1980,Complimenti,Stefano Sani,L. Albertelli e A. Fornaciari,7º,7,4º-10º posto,Altra posizione,3-5 febbraio,Teatro Ariston,Andrea Giordana,36,Tiziana Rivale,Francesco D'Aleo,2021.0,"3,82",35.0,Medio-bassa (21-40),https://i.scdn.co/image/ab67616d0000b273bb6d205be53f942804134287,38,40,Sì,Non valutabile,Non valutabile,Da verificare: artista differente,No,No
1983,1980,Anni 1980,La mia nemica amatissima,Gianni Morandi,"Mogol, G. Bella e G. Morandi",8º,8,4º-10º posto,Altra posizione,3-5 febbraio,Teatro Ariston,Andrea Giordana,36,Tiziana Rivale,Gianni Morandi,2002.0,"3,78",13.0,Bassa (0-20),https://i.scdn.co/image/ab67616d0000b273a9742eb261324fd42759c390,19,40,Sì,No,No,Affidabile,Sì,Sì
1983,1980,Anni 1980,Working Late Tonight,Amii Stewart,"M. Capuano, G. Capuano e S. Boswell",9º,9,4º-10º posto,Altra posizione,3-5 febbraio,Teatro Ariston,Andrea Giordana,36,Tiziana Rivale,Dennis Kuo,2018.0,"7,32",5.0,Bassa (0-20),https://i.scdn.co/image/ab67616d0000b273d6f2f0c86e77450066590bb7,35,40,Sì,Non valutabile,Non valutabile,Da verificare: artista differente,No,No
1983,1980,Anni 1980,È la vita,Marco Armani,M. Armani e P. Armenise,10º,10,4º-10º posto,Altra posizione,3-5 febbraio,Teatro Ariston,Andrea Giordana,36,Tiziana Rivale,Aldo Tagliapietra,2017.0,"4,96",2.0,Bassa (0-20),https://i.scdn.co/image/ab67616d0000b2731d5b12cb9e21030c1d2999a5,34,40,Sì,Non valutabile,Non valutabile,Da verificare: artista differente,No,No
1983,1980,Anni 1980,Shalom,Giuseppe Cionfoli,G. Cionfoli,11º,11,Oltre il 10º posto,Altra posizione,3-5 febbraio,Teatro Ariston,Andrea Giordana,36,Tiziana Rivale,The Conscious Underground,2023.0,"4,76",39.0,Medio-bassa (21-40),https://i.scdn.co/image/ab67616d0000b273874223f84b6e2a378c96ce2b,40,40,Sì,Non valutabile,Non valutabile,Da verificare: artista differente,No,No
1983,1980,Anni 1980,Avrò,Giorgia Fiorio,"S. Menegale, R. Ferrato e P. Soffici",12º,12,Oltre il 10º posto,Altra posizione,3-5 febbraio,Teatro Ariston,Andrea Giordana,36,Tiziana Rivale,Sandra,2014.0,"3,72",1.0,Bassa (0-20),https://i.scdn.co/image/ab67616d0000b2732dffc34c1f9267617f1d514f,31,40,Sì,Non valutabile,Non valutabile,Da verificare: artista differente,No,No
1983,1980,Anni 1980,Casco blu,Flavia Fortunato,"M. Di Carlo, P. Masala, E. Palumbo e M. Ramoino",13º,13,Oltre il 10º posto,Altra posizione,3-5 febbraio,Teatro Ariston,Andrea Giordana,36,Tiziana Rivale,Amore Mio,2005.0,"2,88",9.0,Bassa (0-20),https://i.scdn.co/image/ab67616d0000b273547aeb8dfacd0011e9b47db5,22,40,Sì,Non valutabile,Non valutabile,Da verificare: artista differente,No,No
1983,1980,Anni 1980,Eterna malattia,Bertín Osborne,E. Malepasso e L. Albertelli,14º,14,Oltre il 10º posto,Altra posizione,3-5 febbraio,Teatro Ariston,Andrea Giordana,36,Tiziana Rivale,,,,,Dati non disponibili,,,40,Sì,Non valutabile,Non valutabile,Senza dati Spotify,No,No
1983,1980,Anni 1980,Amare te,Riccardo Azzurri,R. Azzurri,15º,15,Oltre il 10º posto,Altra posizione,3-5 febbraio,Teatro Ariston,Andrea Giordana,36,Tiziana Rivale,Coez,2019.0,"3,20",71.0,Alta (61-100),https://i.scdn.co/image/ab67616d0000b2737e05a226a97cdbdcab2c5a21,36,40,Sì,Non valutabile,Non valutabile,Da verificare: artista differente,No,No
1983,1980,Anni 1980,Primavera,Sandro Giacobbe,S. Giacobbe e L. Albertelli,16º,16,Oltre il 10º posto,Altra posizione,3-5 febbraio,Teatro Ariston,Andrea Giordana,36,Tiziana Rivale,Antonio Vivaldi,1994.0,"3,45",46.0,Media (41-60),https://i.scdn.co/image/ab67616d0000b27322feecaf74b6c102bff43c21,11,40,Sì,Non valutabile,Non valutabile,Da verificare: artista differente,No,No
1983,1980,Anni 1980,Abbracciami amore mio,Christian,M. Balducci,17º,17,Oltre il 10º posto,Altra posizione,3-5 febbraio,Teatro Ariston,Andrea Giordana,36,Tiziana Rivale,Figli del divino amore,1995.0,"3,19",22.0,Medio-bassa (21-40),https://i.scdn.co/image/ab67616d0000b273019dca241c904dc167c94ad9,12,40,Sì,Non valutabile,Non valutabile,Da verificare: artista differente,No,No
1983,1980,Anni 1980,Una catastrofe bionda,Marco Ferradini,"R. Giuliani, M. Ferradini e Cheope",18º,18,Oltre il 10º posto,Altra posizione,3-5 febbraio,Teatro Ariston,Andrea Giordana,36,Tiziana Rivale,Francesco D'Aleo,2018.0,"3,77",50.0,Media (41-60),https://i.scdn.co/image/ab67616d0000b27392929a556bcdfe25ec1c8f2f,35,40,Sì,Non valutabile,Non valutabile,Da verificare: artista differente,No,No
1983,1980,Anni 1980,Stiamo insieme,Richard Sanderson,A. Fornaciari,19º,19,Oltre il 10º posto,Altra posizione,3-5 febbraio,Teatro Ariston,Andrea Giordana,36,Tiziana Rivale,Aurora e Ludovica,2023.0,"1,49",26.0,Medio-bassa (21-40),https://i.scdn.co/image/ab67616d0000b273486bcb0bc57b6cd8b59b1f5c,40,40,Sì,Non valutabile,Non valutabile,Da verificare: artista differente,No,No
1983,1980,Anni 1980,Nuvola,Zucchero,A. Fornaciari,20º,20,Oltre il 10º posto,Altra posizione,3-5 febbraio,Teatro Ariston,Andrea Giordana,36,Tiziana Rivale,Holden,2023.0,"2,82",72.0,Alta (61-100),https://i.scdn.co/image/ab67616d0000b2730e405d3ae86a4163312f0947,40,40,Sì,Non valutabile,Non valutabile,Da verificare: artista differente,No,No
1983,1980,Anni 1980,Mi sono innamorato di mia moglie,Gianni Nazzaro,D. Pace e M. Russo,21º,21,Oltre il 10º posto,Altra posizione,3-5 febbraio,Teatro Ariston,Andrea Giordana,36,Tiziana Rivale,Gianni Nazzaro,1996.0,"3,79",32.0,Medio-bassa (21-40),https://i.scdn.co/image/ab67616d0000b2735411dc4d759813bbd7000c9e,13,40,Sì,No,No,Affidabile,Sì,Sì
1983,1980,Anni 1980,Notte e giorno,Barbara Boncompagni,D. Pace e A. Valsiglio,22º,22,Oltre il 10º posto,Altra posizione,3-5 febbraio,Teatro Ariston,Andrea Giordana,36,Tiziana Rivale,DrefGold,2020.0,"1,82",26.0,Medio-bassa (21-40),https://i.scdn.co/image/ab67616d0000b273297053ff69a21a455da1ceec,37,40,Sì,Non valutabile,Non valutabile,Da verificare: artista differente,No,No
1983,1980,Anni 1980,Movie Star,Passengers,C. Valli e A. Piccarreda,23º,23,Oltre il 10º posto,Altra posizione,3-5 febbraio,Teatro Ariston,Andrea Giordana,36,Tiziana Rivale,CIX,2019.0,"3,51",61.0,Alta (61-100),https://i.scdn.co/image/ab67616d0000b273a359467cf1e245c2cdf5dad5,36,40,Sì,Non valutabile,Non valutabile,Da verificare: artista differente,No,No
1983,1980,Anni 1980,Arriva arriva,Viola Valentino,M. Fabrizio e V. Spampinato,24º,24,Oltre il 10º posto,Altra posizione,3-5 febbraio,Teatro Ariston,Andrea Giordana,36,Tiziana Rivale,Marracash,2008.0,"3,82",30.0,Medio-bassa (21-40),https://i.scdn.co/image/ab67616d0000b2732dcf42ef30927e9aad41bc28,25,40,Sì,Non valutabile,Non valutabile,Da verificare: artista differente,No,No
1983,1980,Anni 1980,Vita spericolata,Vasco Rossi,V. Rossi e T. Ferro,25º,25,Oltre il 10º posto,Altra posizione,3-5 febbraio,Teatro Ariston,Andrea Giordana,36,Tiziana Rivale,Vasco Rossi,1983.0,"4,72",60.0,Media (41-60),https://i.scdn.co/image/ab67616d0000b2735f859d5afb35312b549c59ab,0,40,Sì,No,No,Affidabile,Sì,Sì
1983,1980,Anni 1980,Cieli azzurri,Pupo,E. Ghinazzi e S. Saturnini,26º,26,Oltre il 10º posto,Altra posizione,3-5 febbraio,Teatro Ariston,Andrea Giordana,36,Tiziana Rivale,Pupo,2014.0,"3,32",34.0,Medio-bassa (21-40),https://i.scdn.co/image/ab67616d0000b273fb6b53f871b62bcd34eff823,31,40,Sì,Sì,No,Affidabile,Sì,Sì
1983,1980,Anni 1980,Dammi tanto amore,Daniela Goggi,M. Bassi e E. Ghinazzi,NF,,Senza posizione numerica,Non finalista,3-5 febbraio,Teatro Ariston,Andrea Giordana,36,Tiziana Rivale,Margherita Ton,2022.0,"4,11",5.0,Bassa (0-20),https://i.scdn.co/image/ab67616d0000b2734c0dcad69bd7c15756659b26,39,40,Sì,Non valutabile,Non valutabile,Da verificare: artista differente,No,No
1983,1980,Anni 1980,Donna sola,Pinot,I. Michetti,NF,,Senza posizione numerica,Non finalista,3-5 febbraio,Teatro Ariston,Andrea Giordana,36,Tiziana Rivale,Mia Martini,1972.0,"3,54",25.0,Medio-bassa (21-40),https://i.scdn.co/image/ab67616d0000b2734917be979938642608f53e6e,-11,40,Sì,Non valutabile,Non valutabile,Da escludere: rilascio precedente,No,No
1983,1980,Anni 1980,E la neve scende,Brunella Borciani,L. Albertelli e A. Fornaciari,NF,,Senza posizione numerica,Non finalista,3-5 febbraio,Teatro Ariston,Andrea Giordana,36,Tiziana Rivale,Claudio Ferrarini,2023.0,"4,36",4.0,Bassa (0-20),https://i.scdn.co/image/ab67616d0000b2736849d2ce0a6ba9142061baf1,40,40,Sì,Non valutabile,Non valutabile,Da verificare: artista differente,No,No
1983,1980,Anni 1980,Fammi volare,Patrizia Danzi,Cavaros e M. Violante,NF,,Senza posizione numerica,Non finalista,3-5 febbraio,Teatro Ariston,Andrea Giordana,36,Tiziana Rivale,Franchino,2022.0,"3,66",30.0,Medio-bassa (21-40),https://i.scdn.co/image/ab67616d0000b27368d950d0c5c9f79611c8cae8,39,40,Sì,Non valutabile,Non valutabile,Da verificare: artista differente,No,No
1983,1980,Anni 1980,Il mio treno,Gloriana,"S. Subelli, G. Nisi, G. Natili, S. Aloisio e F. Anfuso",NF,,Senza posizione numerica,Non finalista,3-5 febbraio,Teatro Ariston,Andrea Giordana,36,Tiziana Rivale,Roberto Stallone,2002.0,"4,61",1.0,Bassa (0-20),https://i.scdn.co/image/ab67616d0000b27397ece4ebd84dedb626b577a9,19,40,Sì,Non valutabile,Non valutabile,Da verificare: artista differente,No,No
1983,1980,Anni 1980,Nuovo amore,Nino Buonocore,N. Buonocore,NF,,Senza posizione numerica,Non finalista,3-5 febbraio,Teatro Ariston,Andrea Giordana,36,Tiziana Rivale,Eros Ramazzotti,1984.0,"4,19",26.0,Medio-bassa (21-40),https://i.scdn.co/image/ab67616d0000b2733b67e3ab3840b95db2ea99d6,1,40,Sì,Non valutabile,Non valutabile,Da verificare: artista differente,No,No
1983,1980,Anni 1980,Oppio,Sibilla,"F. Battiato, G. Pio e S. Mostert",NF,,Senza posizione numerica,Non finalista,3-5 febbraio,Teatro Ariston,Andrea Giordana,36,Tiziana Rivale,Afterhours,1999.0,"4,57",15.0,Bassa (0-20),https://i.scdn.co/image/ab67616d0000b273588dbf4293201be8a75ec5c4,16,40,Sì,Non valutabile,Non valutabile,Da verificare: artista differente,No,No
1983,1980,Anni 1980,Scatole cinesi,Alessio Colombini,A. Cogliati e A. Colombini,NF,,Senza posizione numerica,Non finalista,3-5 febbraio,Teatro Ariston,Andrea Giordana,36,Tiziana Rivale,Francesco Spaggiari,2016.0,"4,08",18.0,Bassa (0-20),https://i.scdn.co/image/ab67616d0000b273ab6d743443c22df4436df6a6,33,40,Sì,Non valutabile,Non valutabile,Da verificare: artista differente,No,No
1983,1980,Anni 1980,Solo con te,Manuele Pepe,M. Pepe,NF,,Senza posizione numerica,Non finalista,3-5 febbraio,Teatro Ariston,Andrea Giordana,36,Tiziana Rivale,Aiden,2019.0,"3,36",31.0,Medio-bassa (21-40),https://i.scdn.co/image/ab67616d0000b273b9377f7c30805ecac8442cfe,36,40,Sì,Non valutabile,Non valutabile,Da verificare: artista differente,No,No
1983,1980,Anni 1980,1950,Amedeo Minghi,G. Chiocchio e A. Minghi,NF,,Senza posizione numerica,Non finalista,3-5 febbraio,Teatro Ariston,Andrea Giordana,36,Tiziana Rivale,Amedeo Minghi,1983.0,"4,62",59.0,Media (41-60),https://i.scdn.co/image/ab67616d0000b2732a3356e621438a4d36048b90,0,40,Sì,No,No,Affidabile,Sì,Sì
1984,1980,Anni 1980,Ci sarà,Al Bano e Romina Power,C. Minellono e D. Farina,1º,1,1º posto,Vincitore,2-4 febbraio,Teatro Ariston,Pippo Baudo,36,Al Bano,,,,,Dati non disponibili,,,39,Sì,Non valutabile,Non valutabile,Senza dati Spotify,No,No
1984,1980,Anni 1980,Serenata,Toto Cutugno,S. Cutugno e V. Pallavicini,2º,2,2º-3º posto,Podio,2-4 febbraio,Teatro Ariston,Pippo Baudo,36,Al Bano,Jovanotti,1994.0,"5,18",51.0,Media (41-60),https://i.scdn.co/image/ab67616d0000b27327157c291a69eae27c73a450,10,39,Sì,Non valutabile,Non valutabile,Da verificare: artista differente,No,No
1984,1980,Anni 1980,Cara,Christian,M. Balducci,3º,3,2º-3º posto,Podio,2-4 febbraio,Teatro Ariston,Pippo Baudo,36,Al Bano,Ghali,2018.0,"4,07",57.0,Media (41-60),https://i.scdn.co/image/ab67616d0000b27393aa3d384efb79e00fe57555,34,39,Sì,Non valutabile,Non valutabile,Da verificare: artista differente,No,No
1984,1980,Anni 1980,Un amore grande,Pupo,"G. Savio, G. Bigazzi e U. Tozzi",4º,4,4º-10º posto,Altra posizione,2-4 febbraio,Teatro Ariston,Pippo Baudo,36,Al Bano,Pupo,2005.0,"3,72",45.0,Media (41-60),https://i.scdn.co/image/ab67616d0000b273c403da5862b026ee18d3761f,21,39,Sì,Sì,No,Affidabile,Sì,Sì
1984,1980,Anni 1980,Non voglio mica la luna,Fiordaliso,"E. Malepasso, L. Albertelli e A. Fornaciari",5º,5,4º-10º posto,Altra posizione,2-4 febbraio,Teatro Ariston,Pippo Baudo,36,Al Bano,Fiordaliso,1983.0,"4,11",55.0,Media (41-60),https://i.scdn.co/image/ab67616d0000b273602b92954fa68ec654fc7e74,-1,39,Sì,No,No,Affidabile,Sì,Sì
1984,1980,Anni 1980,Nina,Mario Castelnuovo,M. Castelnuovo,6º,6,4º-10º posto,Altra posizione,2-4 febbraio,Teatro Ariston,Pippo Baudo,36,Al Bano,Nina Zilli,2012.0,"3,43",45.0,Media (41-60),https://i.scdn.co/image/ab67616d0000b2739846f0e4f1a252daab6be89c,28,39,Sì,Non valutabile,Non valutabile,Da verificare: artista differente,No,No
1984,1980,Anni 1980,Non scendo,Anna Oxa,O. Avogadro e M. Lavezzi,7º,7,4º-10º posto,Altra posizione,2-4 febbraio,Teatro Ariston,Pippo Baudo,36,Al Bano,Anna Oxa,2013.0,"3,94",19.0,Bassa (0-20),https://i.scdn.co/image/ab67616d0000b273fb4d3558e585c4b75ce5fd39,29,39,Sì,Sì,No,Affidabile,Sì,Sì
1984,1980,Anni 1980,Regalami un sorriso,Drupi,"A. Cogliati, G. Anelli e F. Fasano",8º,8,4º-10º posto,Altra posizione,2-4 febbraio,Teatro Ariston,Pippo Baudo,36,Al Bano,Niccolò Moriconi,2013.0,"4,74",36.0,Medio-bassa (21-40),https://i.scdn.co/image/ab67616d0000b2733788642dd3470a52d8af8e30,29,39,Sì,Non valutabile,Non valutabile,Da verificare: artista differente,No,No
1984,1980,Anni 1980,Chi (Mi darà),Iva Zanicchi,U. Balsamo e C. Malgioglio,9º,9,4º-10º posto,Altra posizione,2-4 febbraio,Teatro Ariston,Pippo Baudo,36,Al Bano,Ty Dolla $ign,2015.0,"3,81",59.0,Media (41-60),https://i.scdn.co/image/ab67616d0000b273d1af058e277fef0c00b6aa4b,31,39,Sì,Non valutabile,Non valutabile,Da verificare: artista differente,No,No
1984,1980,Anni 1980,Per una bambola,Patty Pravo,M. Monti,10º,10,4º-10º posto,Altra posizione,2-4 febbraio,Teatro Ariston,Pippo Baudo,36,Al Bano,Patty Pravo,1984.0,"3,36",20.0,Bassa (0-20),https://i.scdn.co/image/ab67616d0000b2737dcbf40ef7ab283fbb69698c,0,39,Sì,No,No,Affidabile,Sì,Sì
1984,1980,Anni 1980,Anni ruggenti,Gruppo Italiano,"P. Di Malta, R. Riva, G. Folino e C. Santulli",11º,11,Oltre il 10º posto,Altra posizione,2-4 febbraio,Teatro Ariston,Pippo Baudo,36,Al Bano,Gruppo Italiano,2002.0,"3,28",21.0,Medio-bassa (21-40),https://i.scdn.co/image/ab67616d0000b2738f96395a52b11f0b11b2004a,18,39,Sì,No,No,Affidabile,Sì,Sì
1984,1980,Anni 1980,Ancora ti vorrei,Bobby Solo,"R. Satti, Susuki e M. Mologni",12º,12,Oltre il 10º posto,Altra posizione,2-4 febbraio,Teatro Ariston,Pippo Baudo,36,Al Bano,Franco D'Amore,2022.0,"3,78",8.0,Bassa (0-20),https://i.scdn.co/image/ab67616d0000b273b5f621fecc226533747ca031,38,39,Sì,Non valutabile,Non valutabile,Da verificare: artista differente,No,No
1984,1980,Anni 1980,Libera,Donatella Milani,"D. Milani, Filistrucchi e Putzolu",13º,13,Oltre il 10º posto,Altra posizione,2-4 febbraio,Teatro Ariston,Pippo Baudo,36,Al Bano,LIBERATO,2019.0,"5,10",65.0,Alta (61-100),https://i.scdn.co/image/ab67616d0000b273d78b16eb47deefcfac65a3b7,35,39,Sì,Non valutabile,Non valutabile,Da verificare: artista differente,No,No
1984,1980,Anni 1980,Come si cambia,Fiorella Mannoia,M. Piccoli e R. Pareti,14º,14,Oltre il 10º posto,Altra posizione,2-4 febbraio,Teatro Ariston,Pippo Baudo,36,Al Bano,Fiorella Mannoia,2013.0,"3,84",38.0,Medio-bassa (21-40),https://i.scdn.co/image/ab67616d0000b27389b71fa7d0ae55ef9990cba7,29,39,Sì,Sì,No,Affidabile,Sì,Sì
1984,1980,Anni 1980,Amore amore,Marisa Sannia,D. Pace e C. Conti,15º,15,Oltre il 10º posto,Altra posizione,2-4 febbraio,Teatro Ariston,Pippo Baudo,36,Al Bano,Luigi Tenco,1966.0,"1,87",34.0,Medio-bassa (21-40),https://i.scdn.co/image/ab67616d0000b27392f731bb3861329c2999e640,-18,39,Sì,Non valutabile,Non valutabile,Da escludere: rilascio precedente,No,No
1984,1980,Anni 1980,La bottega del caffè,Alberto Camerini,A. Camerini,16º,16,Oltre il 10º posto,Altra posizione,2-4 febbraio,Teatro Ariston,Pippo Baudo,36,Al Bano,Alberto Camerini,1998.0,"3,67",19.0,Bassa (0-20),https://i.scdn.co/image/ab67616d0000b2733f198e769434261568a5e2c5,14,39,Sì,No,No,Affidabile,Sì,Sì
1984,1980,Anni 1980,Serena alienazione,Riccardo Del Turco,Mogol e R. Del Turco,17º,17,Oltre il 10º posto,Altra posizione,2-4 febbraio,Teatro Ariston,Pippo Baudo,36,Al Bano,Tonino,2014.0,"4,21",0.0,Bassa (0-20),https://i.scdn.co/image/ab67616d0000b2736f14c0dbdc33be2cfc816e07,30,39,Sì,Non valutabile,Non valutabile,Da verificare: artista differente,No,No
1984,1980,Anni 1980,Radioclima,Garbo,R. Abate,18º,18,Oltre il 10º posto,Altra posizione,2-4 febbraio,Teatro Ariston,Pippo Baudo,36,Al Bano,Garbo,2007.0,"3,81",4.0,Bassa (0-20),https://i.scdn.co/image/ab67616d0000b273cfb21e40bcfff182ff945c8e,23,39,Sì,Sì,No,Affidabile,Sì,Sì
1984,1980,Anni 1980,Nuovo swing,Enrico Ruggeri,E. Ruggeri,19º,19,Oltre il 10º posto,Altra posizione,2-4 febbraio,Teatro Ariston,Pippo Baudo,36,Al Bano,Enrico Ruggeri,1987.0,"4,25",30.0,Medio-bassa (21-40),https://i.scdn.co/image/ab67616d0000b273cf136c73c19669a3268bd291,3,39,Sì,No,No,Affidabile,Sì,Sì
1984,1980,Anni 1980,Allo stadio,Stadio,L. Carboni e G. Curreri,20º,20,Oltre il 10º posto,Altra posizione,2-4 febbraio,Teatro Ariston,Pippo Baudo,36,Al Bano,Stadio,1984.0,"3,65",39.0,Medio-bassa (21-40),https://i.scdn.co/image/ab67616d0000b2732fcfb0aad37ad5cb4d5c6a74,0,39,Sì,No,No,Affidabile,Sì,Sì
1985,1980,Anni 1980,Se m'innamoro,Ricchi e Poveri,D. Farina e C. Minellono,1º,1,1º posto,Vincitore,7 - 9 febbraio,Teatro Ariston,Pippo Baudo,38,Ricchi e Poveri,,,,,Dati non disponibili,,,38,Sì,Non valutabile,Non valutabile,Senza dati Spotify,No,No
1985,1980,Anni 1980,"Noi, ragazzi di oggi",Luis Miguel,S. Cutugno e C. Minellono,2º,2,2º-3º posto,Podio,7 - 9 febbraio,Teatro Ariston,Pippo Baudo,38,Ricchi e Poveri,Luis Miguel,1985.0,"3,70",49.0,Media (41-60),https://i.scdn.co/image/ab67616d0000b2735f3a025028b593d016f3bbb1,0,38,Sì,No,No,Affidabile,Sì,Sì
1985,1980,Anni 1980,Chiamalo amore,Gigliola Cinquetti,D. Farina e P. A. Cassella,3º,3,2º-3º posto,Podio,7 - 9 febbraio,Teatro Ariston,Pippo Baudo,38,Ricchi e Poveri,Gigliola Cinquetti,1996.0,"5,04",19.0,Bassa (0-20),https://i.scdn.co/image/ab67616d0000b273675162d6616196c220fbc78a,11,38,Sì,No,No,Affidabile,Sì,Sì
1985,1980,Anni 1980,Sulla buona strada,Riccardo Fogli,M. Fabrizio e V. Spampinato,4º,4,4º-10º posto,Altra posizione,7 - 9 febbraio,Teatro Ariston,Pippo Baudo,38,Ricchi e Poveri,Riccardo Fogli,2006.0,"3,95",27.0,Medio-bassa (21-40),https://i.scdn.co/image/ab67616d0000b2735379047161120628067c12d9,21,38,Sì,Sì,No,Affidabile,Sì,Sì
1985,1980,Anni 1980,Notte serena,Christian,M. Balducci,5º,5,4º-10º posto,Altra posizione,7 - 9 febbraio,Teatro Ariston,Pippo Baudo,38,Ricchi e Poveri,Spanish Guitar Lounge Music,2024.0,"1,80",10.0,Bassa (0-20),https://i.scdn.co/image/ab67616d0000b27343d28c17b0c4be2fb2794fee,39,38,Sì,Non valutabile,Non valutabile,Da verificare: artista differente,No,No
1985,1980,Anni 1980,Una storia importante,Eros Ramazzotti,"E. Ramazzotti, P. Cassano e A. Cogliati",6º,6,4º-10º posto,Altra posizione,7 - 9 febbraio,Teatro Ariston,Pippo Baudo,38,Ricchi e Poveri,Eros Ramazzotti,2014.0,"4,14",49.0,Media (41-60),https://i.scdn.co/image/ab67616d0000b273dbb3075bb098af7974b845dd,29,38,Sì,Sì,No,Affidabile,Sì,Sì
1985,1980,Anni 1980,A lei,Anna Oxa,R. Vecchioni e M. Paoluzzi,7º,7,4º-10º posto,Altra posizione,7 - 9 febbraio,Teatro Ariston,Pippo Baudo,38,Ricchi e Poveri,≈ Belize ≈,2018.0,"3,94",12.0,Bassa (0-20),https://i.scdn.co/image/ab67616d0000b27373b0838a8bd8af81bf05cf65,33,38,Sì,Non valutabile,Non valutabile,Da verificare: artista differente,No,No
1985,1980,Anni 1980,Il mio angelo,Fiordaliso,L. Albertelli e E. Malepasso,8º,8,4º-10º posto,Altra posizione,7 - 9 febbraio,Teatro Ariston,Pippo Baudo,38,Ricchi e Poveri,Fiordaliso,2001.0,"3,55",23.0,Medio-bassa (21-40),https://i.scdn.co/image/ab67616d0000b273c791f20276ec0f04e1095887,16,38,Sì,No,No,Affidabile,Sì,Sì
1985,1980,Anni 1980,E mo' e mo',Peppino Di Capri,"G. Faiella, S. De Pasquale e F. Fasano",9º,9,4º-10º posto,Altra posizione,7 - 9 febbraio,Teatro Ariston,Pippo Baudo,38,Ricchi e Poveri,Peppino Di Capri,2013.0,"3,63",36.0,Medio-bassa (21-40),https://i.scdn.co/image/ab67616d0000b273bb54f9d5e91639788f220380,28,38,Sì,Sì,No,Affidabile,Sì,Sì
1985,1980,Anni 1980,Souvenir,Matia Bazar,"A. Stellita, C. Marrale e S. Cossu",10º,10,4º-10º posto,Altra posizione,7 - 9 febbraio,Teatro Ariston,Pippo Baudo,38,Ricchi e Poveri,Selena Gomez,2020.0,"2,69",71.0,Alta (61-100),https://i.scdn.co/image/ab67616d0000b27359e699338051e7fec4f2139a,35,38,Sì,Non valutabile,Non valutabile,Da verificare: artista differente,No,No
1985,1980,Anni 1980,Tu dimmi un cuore ce l'hai,Marco Armani,M. Armenise e P. Armenise,11º,11,Oltre il 10º posto,Altra posizione,7 - 9 febbraio,Teatro Ariston,Pippo Baudo,38,Ricchi e Poveri,Marco Armani,1985.0,"4,05",36.0,Medio-bassa (21-40),https://i.scdn.co/image/ab67616d0000b273482622023a378e3ac95aea3d,0,38,Sì,No,No,Affidabile,Sì,Sì
1985,1980,Anni 1980,Fammi volare,Drupi,"S. Negroni, D. Dato e G. Anelli",12º,12,Oltre il 10º posto,Altra posizione,7 - 9 febbraio,Teatro Ariston,Pippo Baudo,38,Ricchi e Poveri,Franchino,2022.0,"3,66",30.0,Medio-bassa (21-40),https://i.scdn.co/image/ab67616d0000b27368d950d0c5c9f79611c8cae8,37,38,Sì,Non valutabile,Non valutabile,Da verificare: artista differente,No,No
1985,1980,Anni 1980,Ritratto,Franco Simone,M. Colombo e F. Simone,13º,13,Oltre il 10º posto,Altra posizione,7 - 9 febbraio,Teatro Ariston,Pippo Baudo,38,Ricchi e Poveri,Papik,2019.0,"3,97",19.0,Bassa (0-20),https://i.scdn.co/image/ab67616d0000b2735e9f9c981dd496b3dc5e2270,34,38,Sì,Non valutabile,Non valutabile,Da verificare: artista differente,No,No
1985,1980,Anni 1980,Via con me,Eduardo De Crescenzo,C. Mattone e D. Pace,14º,14,Oltre il 10º posto,Altra posizione,7 - 9 febbraio,Teatro Ariston,Pippo Baudo,38,Ricchi e Poveri,Paolo Conte,2014.0,"2,49",43.0,Media (41-60),https://i.scdn.co/image/ab67616d0000b273768c6100d15472f524c61916,29,38,Sì,Non valutabile,Non valutabile,Da verificare: artista differente,No,No
1985,1980,Anni 1980,Grande Joe,Banco del Mutuo Soccorso,F. Di Giacomo e V. Nocenzi,15º,15,Oltre il 10º posto,Altra posizione,7 - 9 febbraio,Teatro Ariston,Pippo Baudo,38,Ricchi e Poveri,Mariah Carey,2020.0,"3,34",70.0,Alta (61-100),https://i.scdn.co/image/ab67616d0000b273f359dbc23afd197506674e06,35,38,Sì,Non valutabile,Non valutabile,Da verificare: artista differente,No,No
1985,1980,Anni 1980,Da quando non ci sei,Dario Baldan Bembo,D. Baldan Bembo e A. Maggio,16º,16,Oltre il 10º posto,Altra posizione,7 - 9 febbraio,Teatro Ariston,Pippo Baudo,38,Ricchi e Poveri,Seife,2023.0,"2,18",18.0,Bassa (0-20),https://i.scdn.co/image/ab67616d0000b2735ce58279d5d8497bc1311a2f,38,38,Sì,Non valutabile,Non valutabile,Da verificare: artista differente,No,No
1985,1980,Anni 1980,Franca ti amo,Ivan Graziani,I. Graziani,17º,17,Oltre il 10º posto,Altra posizione,7 - 9 febbraio,Teatro Ariston,Pippo Baudo,38,Ricchi e Poveri,Ivan Graziani,2010.0,"3,47",19.0,Bassa (0-20),https://i.scdn.co/image/ab67616d0000b273cfa250cdf0e0befe760e5d6b,25,38,Sì,Sì,No,Affidabile,Sì,Sì
1985,1980,Anni 1980,Vorrei svegliarti,Eugenio Finardi,E. Finardi e D. Madonia,18º,18,Oltre il 10º posto,Altra posizione,7 - 9 febbraio,Teatro Ariston,Pippo Baudo,38,Ricchi e Poveri,Eugenio Finardi,1985.0,"3,55",10.0,Bassa (0-20),https://i.scdn.co/image/ab67616d0000b273a626126b51f7890719112731,0,38,Sì,No,No,Affidabile,Sì,Sì
1985,1980,Anni 1980,Buona fortuna,Mimmo Locasciulli,M. Locasciulli,19º,19,Oltre il 10º posto,Altra posizione,7 - 9 febbraio,Teatro Ariston,Pippo Baudo,38,Ricchi e Poveri,Benji & Fede,2018.0,"3,08",45.0,Media (41-60),https://i.scdn.co/image/ab67616d0000b27308769f8cc3998e10e2ac362a,33,38,Sì,Non valutabile,Non valutabile,Da verificare: artista differente,No,No
1985,1980,Anni 1980,Faccia di cane,New Trolls,"F. De André, R. Ferri, V. De Scalzi, G. Belleno, N. Di Palo e R. Belloni",20º,20,Oltre il 10º posto,Altra posizione,7 - 9 febbraio,Teatro Ariston,Pippo Baudo,38,Ricchi e Poveri,New Trolls,2012.0,"4,13",20.0,Bassa (0-20),https://i.scdn.co/image/ab67616d0000b27307ed3221a715fe3705ed8c26,27,38,Sì,Sì,No,Affidabile,Sì,Sì
1985,1980,Anni 1980,Donne,Zucchero Fornaciari & Randy Jackson Band,A. Fornaciari e A. Salerno,21º,21,Oltre il 10º posto,Altra posizione,7 - 9 febbraio,Teatro Ariston,Pippo Baudo,38,Ricchi e Poveri,Zucchero,1985.0,"3,60",57.0,Media (41-60),https://i.scdn.co/image/ab67616d0000b27320106d2080d9d9ae0e1570e8,0,38,Sì,No,No,Affidabile,Sì,Sì
1985,1980,Anni 1980,Cose veloci,Garbo,R. Abate,22º,22,Oltre il 10º posto,Altra posizione,7 - 9 febbraio,Teatro Ariston,Pippo Baudo,38,Ricchi e Poveri,Jonathan Richman,2004.0,"3,52",30.0,Medio-bassa (21-40),https://i.scdn.co/image/ab67616d0000b273d084ad8c0e8022f6a9d025a7,19,38,Sì,Non valutabile,Non valutabile,Da verificare: artista differente,No,No
1986,1980,Anni 1980,Adesso tu,Eros Ramazzotti,"E. Ramazzotti, P. Cassano e A. Cogliati",1º,1,1º posto,Vincitore,13-15 febbraio 1986,Teatro Ariston,Loretta Goggi,36,Eros Ramazzotti,,,,,Dati non disponibili,,,37,Sì,Non valutabile,Non valutabile,Senza dati Spotify,No,No
1986,1980,Anni 1980,Il clarinetto,Renzo Arbore,C. Mattone e R. Arbore,2º,2,2º-3º posto,Podio,13-15 febbraio 1986,Teatro Ariston,Loretta Goggi,36,Eros Ramazzotti,Renzo Arbore,1986.0,"3,79",32.0,Medio-bassa (21-40),https://i.scdn.co/image/ab67616d0000b273777af18a97bfa6d3121ff1a4,0,37,Sì,No,No,Affidabile,Sì,Sì
1986,1980,Anni 1980,Senza un briciolo di testa,Marcella,"G. Bella, Mogol e G. Westley",3º,3,2º-3º posto,Podio,13-15 febbraio 1986,Teatro Ariston,Loretta Goggi,36,Eros Ramazzotti,Marcella Bella,1993.0,"4,13",32.0,Medio-bassa (21-40),https://i.scdn.co/image/ab67616d0000b273d1f6e5f5148027d1fec179c4,7,37,Sì,No,No,Affidabile,Sì,Sì
1986,1980,Anni 1980,Azzurra malinconia,Toto Cutugno,S. Cutugno,4º,4,4º-10º posto,Altra posizione,13-15 febbraio 1986,Teatro Ariston,Loretta Goggi,36,Eros Ramazzotti,Toto Cutugno,1986.0,"4,45",29.0,Medio-bassa (21-40),https://i.scdn.co/image/ab67616d0000b273bdd20f1182b0d5d53be2d90b,0,37,Sì,No,No,Affidabile,Sì,Sì
1986,1980,Anni 1980,È tutto un attimo,Anna Oxa,"A. Cogliati, F. Ciani, M. Lavezzi e U. Smaila",5º,5,4º-10º posto,Altra posizione,13-15 febbraio 1986,Teatro Ariston,Loretta Goggi,36,Eros Ramazzotti,Anna Oxa,1986.0,"4,05",49.0,Media (41-60),https://i.scdn.co/image/ab67616d0000b2731feef0f648950636322e8b72,0,37,Sì,No,No,Affidabile,Sì,Sì
1986,1980,Anni 1980,Futuro,Orietta Berti,U. Balsamo e L. Raggi,6º,6,4º-10º posto,Altra posizione,13-15 febbraio 1986,Teatro Ariston,Loretta Goggi,36,Eros Ramazzotti,PSICOLOGI,2019.0,"2,80",53.0,Media (41-60),https://i.scdn.co/image/ab67616d0000b273f7bcc0622a73f546ee1a4084,33,37,Sì,Non valutabile,Non valutabile,Da verificare: artista differente,No,No
1986,1980,Anni 1980,Vai,Nino D'Angelo,N. D'Angelo e A. Annona,7º,7,4º-10º posto,Altra posizione,13-15 febbraio 1986,Teatro Ariston,Loretta Goggi,36,Eros Ramazzotti,Ozuna,2018.0,"2,94",78.0,Alta (61-100),https://i.scdn.co/image/ab67616d0000b27366ab16a0f75d517304f18efd,32,37,Sì,Non valutabile,Non valutabile,Da verificare: artista differente,No,No
1986,1980,Anni 1980,Cantare,Fred Bongusto,"S. Iodice, F. Bongusto e M. Di Francia",8º,8,4º-10º posto,Altra posizione,13-15 febbraio 1986,Teatro Ariston,Loretta Goggi,36,Eros Ramazzotti,Mannarino,2021.0,"4,07",47.0,Media (41-60),https://i.scdn.co/image/ab67616d0000b27382e354ada80f06310b169178,35,37,Sì,Non valutabile,Non valutabile,Da verificare: artista differente,No,No
1986,1980,Anni 1980,Re,Loredana Bertè,A. Mango e G. Mango,9º,9,4º-10º posto,Altra posizione,13-15 febbraio 1986,Teatro Ariston,Loretta Goggi,36,Eros Ramazzotti,Tedua,2023.0,"2,80",74.0,Alta (61-100),https://i.scdn.co/image/ab67616d0000b273e8a27e7c2f439b53567c7496,37,37,Sì,Non valutabile,Non valutabile,Da verificare: artista differente,No,No
1986,1980,Anni 1980,Fatti miei,Fiordaliso,"Z. Fornaciari, E. Malepasso e L. Albertelli",10º,10,4º-10º posto,Altra posizione,13-15 febbraio 1986,Teatro Ariston,Loretta Goggi,36,Eros Ramazzotti,Enzo Avitabile,2022.0,"3,14",28.0,Medio-bassa (21-40),https://i.scdn.co/image/ab67616d0000b2736ba13bef99cb7b009952c660,36,37,Sì,Non valutabile,Non valutabile,Da verificare: artista differente,No,No
1986,1980,Anni 1980,Uno sull'altro,Marco Armani,P. Armenise e M. Armenise,11º,11,Oltre il 10º posto,Altra posizione,13-15 febbraio 1986,Teatro Ariston,Loretta Goggi,36,Eros Ramazzotti,Marco Armani,1994.0,"4,12",16.0,Bassa (0-20),https://i.scdn.co/image/ab67616d0000b2730e1858ac1e2d2de4e3fb455f,8,37,Sì,No,No,Affidabile,Sì,Sì
1986,1980,Anni 1980,Canzone italiana,Sergio Endrigo,C. Mattone e S. Endrigo,12º,12,Oltre il 10º posto,Altra posizione,13-15 febbraio 1986,Teatro Ariston,Loretta Goggi,36,Eros Ramazzotti,Trattoria Italiana,2020.0,"1,20",37.0,Medio-bassa (21-40),https://i.scdn.co/image/ab67616d0000b273dacdcc97bae2ddcff076f9b7,34,37,Sì,Non valutabile,Non valutabile,Da verificare: artista differente,No,No
1986,1980,Anni 1980,Amore Stella,Rettore,G. Morra e M. Fabrizio,13º,13,Oltre il 10º posto,Altra posizione,13-15 febbraio 1986,Teatro Ariston,Loretta Goggi,36,Eros Ramazzotti,Donatella Rettore,2001.0,"4,07",25.0,Medio-bassa (21-40),https://i.scdn.co/image/ab67616d0000b2730e6b33d4ba8365b0a237c62a,15,37,Sì,No,No,Affidabile,Sì,Sì
1986,1980,Anni 1980,Lei verrà,Mango,G. Mango e A. Salerno,14º,14,Oltre il 10º posto,Altra posizione,13-15 febbraio 1986,Teatro Ariston,Loretta Goggi,36,Eros Ramazzotti,Mango,1986.0,"4,09",52.0,Media (41-60),https://i.scdn.co/image/ab67616d0000b273a9ee442a6c091bc1d558546d,0,37,Sì,No,No,Affidabile,Sì,Sì
1986,1980,Anni 1980,Innamoratissimo (Tu che fai battere forte il mio cuore),Righeira,"S. Rota, S. Righi, La Bionda, S. Conforti e C. Minellono",15º,15,Oltre il 10º posto,Altra posizione,13-15 febbraio 1986,Teatro Ariston,Loretta Goggi,36,Eros Ramazzotti,BLANCO,2023.0,"2,62",58.0,Media (41-60),https://i.scdn.co/image/ab67616d0000b273d0a7dfc11235eb8a6fc8fbf0,37,37,Sì,Non valutabile,Non valutabile,Da verificare: artista differente,No,No
1986,1980,Anni 1980,"No East, No West",Scialpi,"G. Scialpi, Thoty e F. Migliacci",16º,16,Oltre il 10º posto,Altra posizione,13-15 febbraio 1986,Teatro Ariston,Loretta Goggi,36,Eros Ramazzotti,Kool & The Gang,1972.0,"3,65",30.0,Medio-bassa (21-40),https://i.scdn.co/image/ab67616d0000b273a8461e6b5365dd981579df5b,-14,37,Sì,Non valutabile,Non valutabile,Da escludere: rilascio precedente,No,No
1986,1980,Anni 1980,Rien ne va plus,Enrico Ruggeri,E. Ruggeri,17º,17,Oltre il 10º posto,Altra posizione,13-15 febbraio 1986,Teatro Ariston,Loretta Goggi,36,Eros Ramazzotti,Enrico Ruggeri,1986.0,"4,13",19.0,Bassa (0-20),https://i.scdn.co/image/ab67616d0000b27346a3efaae129241875fafc94,0,37,Sì,No,No,Affidabile,Sì,Sì
1986,1980,Anni 1980,Via Margutta,Luca Barbarossa,L. Barbarossa,18º,18,Oltre il 10º posto,Altra posizione,13-15 febbraio 1986,Teatro Ariston,Loretta Goggi,36,Eros Ramazzotti,Luca Barbarossa,2011.0,"4,28",48.0,Media (41-60),https://i.scdn.co/image/ab67616d0000b27397ed44d864860cc104f4abee,25,37,Sì,Sì,No,Affidabile,Sì,Sì
1986,1980,Anni 1980,Verso il 2000,Flavia Fortunato,"A. De Sanctis, A. Cheli e E. Palumbo",19º,19,Oltre il 10º posto,Altra posizione,13-15 febbraio 1986,Teatro Ariston,Loretta Goggi,36,Eros Ramazzotti,Flavia Fortunato,2014.0,"4,57",22.0,Medio-bassa (21-40),https://i.scdn.co/image/ab67616d0000b27367edb67514ba6d084d610a8d,28,37,Sì,Sì,No,Affidabile,Sì,Sì
1986,1980,Anni 1980,Brividi,Rossana Casale,G. Morra e M. Fabrizio,20º,20,Oltre il 10º posto,Altra posizione,13-15 febbraio 1986,Teatro Ariston,Loretta Goggi,36,Eros Ramazzotti,Mahmood,2022.0,"3,32",65.0,Alta (61-100),https://i.scdn.co/image/ab67616d0000b27340c172c54696d8e6028c019f,36,37,Sì,Non valutabile,Non valutabile,Da verificare: artista differente,No,No
1986,1980,Anni 1980,Canzone triste,Zucchero Fornaciari,Z. Fornaciari,21º,21,Oltre il 10º posto,Altra posizione,13-15 febbraio 1986,Teatro Ariston,Loretta Goggi,36,Eros Ramazzotti,Zucchero,1986.0,"3,98",43.0,Media (41-60),https://i.scdn.co/image/ab67616d0000b27341fab5d7959c5d8e5a0ddd88,0,37,Sì,No,No,Affidabile,Sì,Sì
1986,1980,Anni 1980,Canzoni alla radio,Stadio,"L. Carboni, G. Curreri e R. Portera",22º,22,Oltre il 10º posto,Altra posizione,13-15 febbraio 1986,Teatro Ariston,Loretta Goggi,36,Eros Ramazzotti,Stadio,1986.0,"4,47",29.0,Medio-bassa (21-40),https://i.scdn.co/image/ab67616d0000b2731523a99f5802029f0f67f052,0,37,Sì,No,No,Affidabile,Sì,Sì
1987,1980,Anni 1980,Si può dare di più,"Gianni Morandi, Enrico Ruggeri e Umberto Tozzi","G. Bigazzi, U. Tozzi e R. Riefoli",1º,1,1º posto,Vincitore,4 - 7 febbraio,Teatro Ariston,Pippo Baudo,40,Gianni Morandi,,,,,Dati non disponibili,,,36,Sì,Non valutabile,Non valutabile,Senza dati Spotify,No,No
1987,1980,Anni 1980,Figli,Toto Cutugno,S. Cutugno,2º,2,2º-3º posto,Podio,4 - 7 febbraio,Teatro Ariston,Pippo Baudo,40,Gianni Morandi,Alan Sorrenti,1977.0,"4,59",61.0,Alta (61-100),https://i.scdn.co/image/ab67616d0000b2733d659811ad168e1a1c46f8be,-10,36,Sì,Non valutabile,Non valutabile,Da escludere: rilascio precedente,No,No
1987,1980,Anni 1980,Nostalgia canaglia,Al Bano e Romina Power,"V. Pallavicini, W. Molco, A. Carrisi, R. Power e V. Mercurio",3º,3,2º-3º posto,Podio,4 - 7 febbraio,Teatro Ariston,Pippo Baudo,40,Gianni Morandi,Al Bano,2007.0,"3,77",42.0,Media (41-60),https://i.scdn.co/image/ab67616d0000b273757d2c05a3ffc2c3114e6562,20,36,Sì,Sì,No,Affidabile,Sì,Sì
1987,1980,Anni 1980,Io amo,Fausto Leali,"S. Cutugno, F. Leali, G. Fasano e I. Ianne",4º,4,4º-10º posto,Altra posizione,4 - 7 febbraio,Teatro Ariston,Pippo Baudo,40,Gianni Morandi,Fausto Leali,1993.0,"3,86",31.0,Medio-bassa (21-40),https://i.scdn.co/image/ab67616d0000b27347cd2606fec86e1652815088,6,36,Sì,No,No,Affidabile,Sì,Sì
1987,1980,Anni 1980,Il sognatore,Peppino Di Capri,S. Cutugno e Depsa,5º,5,4º-10º posto,Altra posizione,4 - 7 febbraio,Teatro Ariston,Pippo Baudo,40,Gianni Morandi,Peppino Di Capri,2013.0,"4,01",41.0,Media (41-60),https://i.scdn.co/image/ab67616d0000b2735473fe17a7ecbcdee3ff3a54,26,36,Sì,Sì,No,Affidabile,Sì,Sì
1987,1980,Anni 1980,Tanti auguri,Marcella,G. Paoli e G. Bella,6º,6,4º-10º posto,Altra posizione,4 - 7 febbraio,Teatro Ariston,Pippo Baudo,40,Gianni Morandi,Chorus Friends,2012.0,"1,55",42.0,Media (41-60),https://i.scdn.co/image/ab67616d0000b2736b5d7c4f7e7494d997dc71f5,25,36,Sì,Non valutabile,Non valutabile,Da verificare: artista differente,No,No
1987,1980,Anni 1980,Canzone d'amore,Ricchi e Poveri,"S. Cutugno, G. Rampazzo e D. Farina",7º,7,4º-10º posto,Altra posizione,4 - 7 febbraio,Teatro Ariston,Pippo Baudo,40,Gianni Morandi,Gazzelle,2023.0,"2,46",64.0,Alta (61-100),https://i.scdn.co/image/ab67616d0000b273a104225d501324d4caffef54,36,36,Sì,Non valutabile,Non valutabile,Da verificare: artista differente,No,No
1987,1980,Anni 1980,Quello che le donne non dicono,Fiorella Mannoia,E. Ruggeri e L. Schiavone,8º,8,4º-10º posto,Altra posizione,4 - 7 febbraio,Teatro Ariston,Pippo Baudo,40,Gianni Morandi,Fiorella Mannoia,1988.0,"4,02",56.0,Media (41-60),https://i.scdn.co/image/ab67616d0000b2736c8cf52829f40218ed5d1151,1,36,Sì,No,No,Affidabile,Sì,Sì
1987,1980,Anni 1980,Come dentro un film,Luca Barbarossa,L. Barbarossa,9º,9,4º-10º posto,Altra posizione,4 - 7 febbraio,Teatro Ariston,Pippo Baudo,40,Gianni Morandi,Luca Barbarossa,2011.0,"3,58",43.0,Media (41-60),https://i.scdn.co/image/ab67616d0000b27397ed44d864860cc104f4abee,24,36,Sì,Sì,No,Affidabile,Sì,Sì
1987,1980,Anni 1980,Aria e musica,Christian,S. Amato e F. Morgia,10º,10,4º-10º posto,Altra posizione,4 - 7 febbraio,Teatro Ariston,Pippo Baudo,40,Gianni Morandi,Música de mesa para sentirse bien durante la cena,2024.0,"2,38",0.0,Bassa (0-20),https://i.scdn.co/image/ab67616d0000b2736bbff9aeab90c607a2e3e44e,37,36,Sì,Non valutabile,Non valutabile,Da verificare: artista differente,No,No
1987,1980,Anni 1980,Vita mia,Lena Biolcati,S. D'Orazio e M. Tansini,11º,11,Oltre il 10º posto,Altra posizione,4 - 7 febbraio,Teatro Ariston,Pippo Baudo,40,Gianni Morandi,Amedeo Minghi,2014.0,"5,45",37.0,Medio-bassa (21-40),https://i.scdn.co/image/ab67616d0000b2738900c540485b9db1e534568c,27,36,Sì,Non valutabile,Non valutabile,Da verificare: artista differente,No,No
1987,1980,Anni 1980,Destino,Rossana Casale,G. Morra e M. Fabrizio,12º,12,Oltre il 10º posto,Altra posizione,4 - 7 febbraio,Teatro Ariston,Pippo Baudo,40,Gianni Morandi,VillaBanks,2023.0,"2,56",42.0,Media (41-60),https://i.scdn.co/image/ab67616d0000b273d75f26a9f31b06342ec6aa43,36,36,Sì,Non valutabile,Non valutabile,Da verificare: artista differente,No,No
1987,1980,Anni 1980,Canto per te,Flavia Fortunato,"E. Palumbo, A. de Sanctis e M. Banis",13º,13,Oltre il 10º posto,Altra posizione,4 - 7 febbraio,Teatro Ariston,Pippo Baudo,40,Gianni Morandi,DJ Herzbeat,2020.0,"3,27",37.0,Medio-bassa (21-40),https://i.scdn.co/image/ab67616d0000b27317a190ed0f919ddf5d782c15,33,36,Sì,Non valutabile,Non valutabile,Da verificare: artista differente,No,No
1987,1980,Anni 1980,E non si finisce mai,Dori Ghezzi,A. Cogliati e P. Cassano,14º,14,Oltre il 10º posto,Altra posizione,4 - 7 febbraio,Teatro Ariston,Pippo Baudo,40,Gianni Morandi,Il Laboratorio del Ritmo,2020.0,"4,50",0.0,Bassa (0-20),https://i.scdn.co/image/ab67616d0000b273370c1f80610851e41ffc42ad,33,36,Sì,Non valutabile,Non valutabile,Da verificare: artista differente,No,No
1987,1980,Anni 1980,L'odore del mare,Eduardo De Crescenzo,"G. Morra, E. De Crescenzo e M. Fabrizio",15º,15,Oltre il 10º posto,Altra posizione,4 - 7 febbraio,Teatro Ariston,Pippo Baudo,40,Gianni Morandi,Tiromancino,2021.0,"3,73",38.0,Medio-bassa (21-40),https://i.scdn.co/image/ab67616d0000b27389dbd14ee4d83e54134ae569,34,36,Sì,Non valutabile,Non valutabile,Da verificare: artista differente,No,No
1987,1980,Anni 1980,Bella età,Scialpi,"F. Migliacci, G. Scialpi e R. Zaneli",16º,16,Oltre il 10º posto,Altra posizione,4 - 7 febbraio,Teatro Ariston,Pippo Baudo,40,Gianni Morandi,Marcello Vadori,2018.0,"3,73",0.0,Bassa (0-20),https://i.scdn.co/image/ab67616d0000b27399b171254b07697ff3effa87,31,36,Sì,Non valutabile,Non valutabile,Da verificare: artista differente,No,No
1987,1980,Anni 1980,Dimmi che cos'è,Le Orme,A. Tagliapietra,17º,17,Oltre il 10º posto,Altra posizione,4 - 7 febbraio,Teatro Ariston,Pippo Baudo,40,Gianni Morandi,Pupo,1995.0,"3,64",20.0,Bassa (0-20),https://i.scdn.co/image/ab67616d0000b273e8797ad9d1a7a4620bb68611,8,36,Sì,Non valutabile,Non valutabile,Da verificare: artista differente,No,No
1987,1980,Anni 1980,Dal cuore in poi,Mango,"A. Salerno, A. Mango e G. Mango",18º,18,Oltre il 10º posto,Altra posizione,4 - 7 febbraio,Teatro Ariston,Pippo Baudo,40,Gianni Morandi,Mango,1987.0,"3,74",12.0,Bassa (0-20),https://i.scdn.co/image/ab67616d0000b27354494ce8ebe3882133894f95,0,36,Sì,No,No,Affidabile,Sì,Sì
1987,1980,Anni 1980,Sinuè,Tony Esposito,"G. Di Franco, T. Esposito e R. Licastro",19º,19,Oltre il 10º posto,Altra posizione,4 - 7 febbraio,Teatro Ariston,Pippo Baudo,40,Gianni Morandi,Tony Esposito,1997.0,"3,91",14.0,Bassa (0-20),https://i.scdn.co/image/ab67616d0000b27318a12921a047124bdc179375,10,36,Sì,No,No,Affidabile,Sì,Sì
1987,1980,Anni 1980,Pigramente signora,Patty Pravo,M. Arnaboldi e F. Evangelisti,20º,20,Oltre il 10º posto,Altra posizione,4 - 7 febbraio,Teatro Ariston,Pippo Baudo,40,Gianni Morandi,Patty Pravo,1988.0,"4,83",6.0,Bassa (0-20),https://i.scdn.co/image/ab67616d0000b273ae28d7e1bc8d47e4bfa56166,1,36,Sì,No,No,Affidabile,Sì,Sì
1987,1980,Anni 1980,Il Garibaldi innamorato,Sergio Caputo,S. Caputo,21º,21,Oltre il 10º posto,Altra posizione,4 - 7 febbraio,Teatro Ariston,Pippo Baudo,40,Gianni Morandi,Sergio Caputo,1987.0,"3,22",35.0,Medio-bassa (21-40),https://i.scdn.co/image/ab67616d0000b2738febfd6f807939852c4b9b21,0,36,Sì,No,No,Affidabile,Sì,Sì
1987,1980,Anni 1980,Madonna di Venere,Mario Castelnuovo,M. Castelnuovo,22º,22,Oltre il 10º posto,Altra posizione,4 - 7 febbraio,Teatro Ariston,Pippo Baudo,40,Gianni Morandi,Mario Castelnuovo,2003.0,"3,28",3.0,Bassa (0-20),https://i.scdn.co/image/ab67616d0000b2730d1cb9cd79cb3a04d0e85d9b,16,36,Sì,No,No,Affidabile,Sì,Sì
1987,1980,Anni 1980,Rosanna,Nino Buonocore,N. Buonocore,23º,23,Oltre il 10º posto,Altra posizione,4 - 7 febbraio,Teatro Ariston,Pippo Baudo,40,Gianni Morandi,Rosanna Fratello,1999.0,"3,08",44.0,Media (41-60),https://i.scdn.co/image/ab67616d0000b27359666c1f4de9d484cdfe280b,12,36,Sì,Non valutabile,Non valutabile,Da verificare: artista differente,No,No
1987,1980,Anni 1980,Bolero,Nada,G. Manzoli,24º,24,Oltre il 10º posto,Altra posizione,4 - 7 febbraio,Teatro Ariston,Pippo Baudo,40,Gianni Morandi,London Symphony Orchestra,1995.0,"15,57",51.0,Media (41-60),https://i.scdn.co/image/ab67616d0000b273d17ec9af0f77033f4d3b8513,8,36,Sì,Non valutabile,Non valutabile,Da verificare: artista differente,No,No
1988,1980,Anni 1980,Perdere l'amore,Massimo Ranieri,M. Marrocchi e G. Artegiani,1º,1,1º posto,Vincitore,24 - 27 febbraio,Teatro Ariston,Miguel Bosé,42,Massimo Ranieri,,,,,Dati non disponibili,,,35,Sì,Non valutabile,Non valutabile,Senza dati Spotify,No,No
1988,1980,Anni 1980,Emozioni,Toto Cutugno,T. Cutugno,2º,2,2º-3º posto,Podio,24 - 27 febbraio,Teatro Ariston,Miguel Bosé,42,Massimo Ranieri,Lucio Battisti,1970.0,"4,78",55.0,Media (41-60),https://i.scdn.co/image/ab67616d0000b273fca1382968fbe8ec8d85fd24,-18,35,Sì,Non valutabile,Non valutabile,Da escludere: rilascio precedente,No,No
1988,1980,Anni 1980,L'amore rubato,Luca Barbarossa,L. Barbarossa,3º,3,2º-3º posto,Podio,24 - 27 febbraio,Teatro Ariston,Miguel Bosé,42,Massimo Ranieri,Luca Barbarossa,1988.0,"4,35",36.0,Medio-bassa (21-40),https://i.scdn.co/image/ab67616d0000b2738c935deab67b376dcfe4da81,0,35,Sì,No,No,Affidabile,Sì,Sì
1988,1980,Anni 1980,Dopo la tempesta,Marcella,A. Salerno e G. Bella,4º,4,4º-10º posto,Altra posizione,24 - 27 febbraio,Teatro Ariston,Miguel Bosé,42,Massimo Ranieri,Marcella Bella,1988.0,"4,17",38.0,Medio-bassa (21-40),https://i.scdn.co/image/ab67616d0000b2735c0998090596b161321d514b,0,35,Sì,No,No,Affidabile,Sì,Sì
1988,1980,Anni 1980,Mi manchi,Fausto Leali,F. Berlincioni e G. Fasano,5º,5,4º-10º posto,Altra posizione,24 - 27 febbraio,Teatro Ariston,Miguel Bosé,42,Massimo Ranieri,Paky,2022.0,"3,10",62.0,Alta (61-100),https://i.scdn.co/image/ab67616d0000b273079d4ace79994f70725d5759,34,35,Sì,Non valutabile,Non valutabile,Da verificare: artista differente,No,No
1988,1980,Anni 1980,Italia,Mino Reitano,U. Balsamo,6º,6,4º-10º posto,Altra posizione,24 - 27 febbraio,Teatro Ariston,Miguel Bosé,42,Massimo Ranieri,BIA,2023.0,"3,24",73.0,Alta (61-100),https://i.scdn.co/image/ab67616d0000b273127d85ac4f66ac5ce95f8eb2,35,35,Sì,Non valutabile,Non valutabile,Da verificare: artista differente,No,No
1988,1980,Anni 1980,Quando nasce un amore,Anna Oxa,"A. Cogliati, F. Ciani e P. Cassano",7º,7,4º-10º posto,Altra posizione,24 - 27 febbraio,Teatro Ariston,Miguel Bosé,42,Massimo Ranieri,Anna Oxa,1988.0,"3,99",58.0,Media (41-60),https://i.scdn.co/image/ab67616d0000b27333dcae59026378c0633feddf,0,35,Sì,No,No,Affidabile,Sì,Sì
1988,1980,Anni 1980,Per noi,Fiordaliso con Claudio Cabrini,T. Cutugno,8º,8,4º-10º posto,Altra posizione,24 - 27 febbraio,Teatro Ariston,Miguel Bosé,42,Massimo Ranieri,Amedeo Minghi,2014.0,"4,35",22.0,Medio-bassa (21-40),https://i.scdn.co/image/ab67616d0000b2738900c540485b9db1e534568c,26,35,Sì,Non valutabile,Non valutabile,Da verificare: artista differente,No,No
1988,1980,Anni 1980,Nascerà Gesù,Ricchi e Poveri,U. Balsamo,9º,9,4º-10º posto,Altra posizione,24 - 27 febbraio,Teatro Ariston,Miguel Bosé,42,Massimo Ranieri,Francesco Rinaldi,2007.0,"3,10",2.0,Bassa (0-20),https://i.scdn.co/image/ab67616d0000b27371e307835bb2a3e00ffa3b33,19,35,Sì,Non valutabile,Non valutabile,Da verificare: artista differente,No,No
1988,1980,Anni 1980,Le notti di maggio,Fiorella Mannoia,I. Fossati,10º,10,4º-10º posto,Altra posizione,24 - 27 febbraio,Teatro Ariston,Miguel Bosé,42,Massimo Ranieri,Fiorella Mannoia,2014.0,"3,87",33.0,Medio-bassa (21-40),https://i.scdn.co/image/ab67616d0000b2738a8ca3c9f1a4fcc959647f66,26,35,Sì,Sì,No,Affidabile,Sì,Sì
1988,1980,Anni 1980,Inevitabile follia,Raf,G. Bigazzi e R. Riefoli,11º,11,Oltre il 10º posto,Altra posizione,24 - 27 febbraio,Teatro Ariston,Miguel Bosé,42,Massimo Ranieri,Raf,1988.0,"4,50",43.0,Media (41-60),https://i.scdn.co/image/ab67616d0000b2735d85e0357aebcb2a63cf471e,0,35,Sì,No,No,Affidabile,Sì,Sì
1988,1980,Anni 1980,Sarà per te,Francesco Nuti,R. Mariotti,12º,12,Oltre il 10º posto,Altra posizione,24 - 27 febbraio,Teatro Ariston,Miguel Bosé,42,Massimo Ranieri,Francesco Nuti,1989.0,"4,06",39.0,Medio-bassa (21-40),https://i.scdn.co/image/ab67616d0000b273c4b4e1f36b1cd6f8c2e5445a,1,35,Sì,No,No,Affidabile,Sì,Sì
1988,1980,Anni 1980,Io (Per le strade di quartiere),Franco Califano,F. Califano e T. Cutugno,13º,13,Oltre il 10º posto,Altra posizione,24 - 27 febbraio,Teatro Ariston,Miguel Bosé,42,Massimo Ranieri,Franco Califano,2016.0,"4,04",26.0,Medio-bassa (21-40),https://i.scdn.co/image/ab67616d0000b2739d1313fb50ceba272076035f,28,35,Sì,Sì,Sì,Affidabile,Sì,Sì
1988,1980,Anni 1980,Nella valle dei Timbales,Figli di Bubba,M. Pagani,14º,14,Oltre il 10º posto,Altra posizione,24 - 27 febbraio,Teatro Ariston,Miguel Bosé,42,Massimo Ranieri,Fausto Papetti,1997.0,"2,53",0.0,Bassa (0-20),https://i.scdn.co/image/ab67616d0000b273af03460a388e6408a10e3b89,9,35,Sì,Non valutabile,Non valutabile,Da verificare: artista differente,No,No
1988,1980,Anni 1980,Come un giorno di sole,Michele Zarrillo,"G. Artegiani, M. Zarrillo e L. Lopez",15º,15,Oltre il 10º posto,Altra posizione,24 - 27 febbraio,Teatro Ariston,Miguel Bosé,42,Massimo Ranieri,Enrico Gerli,2016.0,"3,93",1.0,Bassa (0-20),https://i.scdn.co/image/ab67616d0000b273b8da0fe003f5184d072b8ea3,28,35,Sì,Non valutabile,Non valutabile,Da verificare: artista differente,No,No
1988,1980,Anni 1980,Io,Loredana Bertè,T. Cicco,16º,16,Oltre il 10º posto,Altra posizione,24 - 27 febbraio,Teatro Ariston,Miguel Bosé,42,Massimo Ranieri,Rose Villain,2023.0,"2,95",69.0,Alta (61-100),https://i.scdn.co/image/ab67616d0000b2735a1aff928ccee44cca98e102,35,35,Sì,Non valutabile,Non valutabile,Da verificare: artista differente,No,No
1988,1980,Anni 1980,Nun chiagnere,Peppino di Capri,"L. Raggi, Depsa e G. Fasano",17º,17,Oltre il 10º posto,Altra posizione,24 - 27 febbraio,Teatro Ariston,Miguel Bosé,42,Massimo Ranieri,Alessandra Di Cesare,2023.0,"2,64",26.0,Medio-bassa (21-40),https://i.scdn.co/image/ab67616d0000b273a683ea821149b944e32a8ae2,35,35,Sì,Non valutabile,Non valutabile,Da verificare: artista differente,No,No
1988,1980,Anni 1980,Andamento lento,Tullio De Piscopo,"T. De Piscopo, M. Capuano e G. Capuano",18º,18,Oltre il 10º posto,Altra posizione,24 - 27 febbraio,Teatro Ariston,Miguel Bosé,42,Massimo Ranieri,Tullio De Piscopo,1998.0,"4,27",43.0,Media (41-60),https://i.scdn.co/image/ab67616d0000b2730242a5a6414f516f29328509,10,35,Sì,No,No,Affidabile,Sì,Sì
1988,1980,Anni 1980,La prima stella della sera,Matia Bazar,"A. Stellita, S. Cossu e C. Marrale",19º,19,Oltre il 10º posto,Altra posizione,24 - 27 febbraio,Teatro Ariston,Miguel Bosé,42,Massimo Ranieri,Matia Bazar,2011.0,"4,56",17.0,Bassa (0-20),https://i.scdn.co/image/ab67616d0000b273e276490d97550956c110a683,23,35,Sì,Sì,No,Affidabile,Sì,Sì
1988,1980,Anni 1980,Era bella davvero,Drupi,"O. Avogadro, P. Cassella e D. Farina",20º,20,Oltre il 10º posto,Altra posizione,24 - 27 febbraio,Teatro Ariston,Miguel Bosé,42,Massimo Ranieri,Drupi,2019.0,"4,20",33.0,Medio-bassa (21-40),https://i.scdn.co/image/ab67616d0000b273695f1c6b3757df1680da44dc,31,35,Sì,Sì,Sì,Affidabile,Sì,Sì
1988,1980,Anni 1980,Il mondo avrà una grande anima,Ron,R. Cellamare,21º,21,Oltre il 10º posto,Altra posizione,24 - 27 febbraio,Teatro Ariston,Miguel Bosé,42,Massimo Ranieri,Ron,2013.0,"4,56",7.0,Bassa (0-20),https://i.scdn.co/image/ab67616d0000b2736f9da6d7513c2ba1f3614ac2,25,35,Sì,Sì,No,Affidabile,Sì,Sì
1988,1980,Anni 1980,Una bella canzone,Flavia Fortunato,O. Avogadro e M. Lavezzi,22º,22,Oltre il 10º posto,Altra posizione,24 - 27 febbraio,Teatro Ariston,Miguel Bosé,42,Massimo Ranieri,,,,,Dati non disponibili,,,35,Sì,Non valutabile,Non valutabile,Senza dati Spotify,No,No
1988,1980,Anni 1980,Cielo chiaro,New Trolls,"V. De Scalzi, N. Di Palo e G. Belleno",23º,23,Oltre il 10º posto,Altra posizione,24 - 27 febbraio,Teatro Ariston,Miguel Bosé,42,Massimo Ranieri,New Credo,1991.0,"6,48",8.0,Bassa (0-20),https://i.scdn.co/image/ab67616d0000b27320e769d3efc32435b64648ae,3,35,Sì,Non valutabile,Non valutabile,Da verificare: artista differente,No,No
1988,1980,Anni 1980,Ma che idea,Denovo,L. Madonia,24º,24,Oltre il 10º posto,Altra posizione,24 - 27 febbraio,Teatro Ariston,Miguel Bosé,42,Massimo Ranieri,King Ital Rebel,2015.0,"3,54",32.0,Medio-bassa (21-40),https://i.scdn.co/image/ab67616d0000b273f771b19424be4f99669a1584,27,35,Sì,Non valutabile,Non valutabile,Da verificare: artista differente,No,No
1988,1980,Anni 1980,Le tue chiavi non ho,Nino Buonocore,A. Salerno e N. Buonocore,25º,25,Oltre il 10º posto,Altra posizione,24 - 27 febbraio,Teatro Ariston,Miguel Bosé,42,Massimo Ranieri,Fausto Papetti,1997.0,"2,52",0.0,Bassa (0-20),https://i.scdn.co/image/ab67616d0000b273af03460a388e6408a10e3b89,9,35,Sì,Non valutabile,Non valutabile,Da verificare: artista differente,No,No
1988,1980,Anni 1980,Come per miracolo,Alan Sorrenti,A. Sorrenti e G. Cavalli,26º,26,Oltre il 10º posto,Altra posizione,24 - 27 febbraio,Teatro Ariston,Miguel Bosé,42,Massimo Ranieri,Ennio Morricone,1974.0,"2,29",14.0,Bassa (0-20),https://i.scdn.co/image/ab67616d0000b273c27048f76c32155963796291,-14,35,Sì,Non valutabile,Non valutabile,Da escludere: rilascio precedente,No,No
1989,1980,Anni 1980,Ti lascerò,Anna Oxa e Fausto Leali,"G. Fasano, F. Leali, F. Ciani, F. Berlincioni e S. Bardotti",1º,1,1º posto,Vincitore,21 - 25 febbraio,Teatro Ariston,Rosita Celentano,48,Anna Oxa,,,,,Dati non disponibili,,,34,Sì,Non valutabile,Non valutabile,Senza dati Spotify,No,No
1989,1980,Anni 1980,Le mamme,Toto Cutugno,T. Cutugno e S. Borgia,2º,2,2º-3º posto,Podio,21 - 25 febbraio,Teatro Ariston,Rosita Celentano,48,Anna Oxa,Pino Marelli,2011.0,"4,16",21.0,Medio-bassa (21-40),https://i.scdn.co/image/ab67616d0000b2739d70dc34ef45b3dec62c28fc,22,34,Sì,Non valutabile,Non valutabile,Da verificare: artista differente,No,No
1989,1980,Anni 1980,Cara terra mia,Al Bano e Romina Power,"A. Carrisi, R. Power e V. Pallavicini",3º,3,2º-3º posto,Podio,21 - 25 febbraio,Teatro Ariston,Rosita Celentano,48,Anna Oxa,Al Bano,2007.0,"3,44",21.0,Medio-bassa (21-40),https://i.scdn.co/image/ab67616d0000b273757d2c05a3ffc2c3114e6562,18,34,Sì,No,No,Affidabile,Sì,Sì
1989,1980,Anni 1980,Non finisce così,Riccardo Fogli,"Laurex, M. Patrignani, C. Cofani e F. Evangelisti",4º,4,4º-10º posto,Altra posizione,21 - 25 febbraio,Teatro Ariston,Rosita Celentano,48,Anna Oxa,Riccardo Fogli,1997.0,"4,42",18.0,Bassa (0-20),https://i.scdn.co/image/ab67616d0000b27318799fa97b74115f6969fe61,8,34,Sì,No,No,Affidabile,Sì,Sì
1989,1980,Anni 1980,Vasco,Jovanotti,"C. Cecchetto, L. Cherubini, L. Cersosimo",5°,5,4º-10º posto,Altra posizione,21 - 25 febbraio,Teatro Ariston,Rosita Celentano,48,Anna Oxa,Vasco Rossi,2016.0,"4,23",59.0,Media (41-60),https://i.scdn.co/image/ab67616d0000b273106b4bf3bad7a4bc6b494b30,27,34,Sì,Non valutabile,Non valutabile,Da verificare: artista differente,No,No
1989,1980,Anni 1980,Se non avessi te,Fiordaliso con Claudio Cabrini,T. Cutugno,6°,6,4º-10º posto,Altra posizione,21 - 25 febbraio,Teatro Ariston,Rosita Celentano,48,Anna Oxa,Umberto Tozzi,1987.0,"4,60",42.0,Media (41-60),https://i.scdn.co/image/ab67616d0000b273cde0ed0d82344828e06f1d2e,-2,34,Sì,Non valutabile,Non valutabile,Da escludere: rilascio precedente,No,No
1989,1980,Anni 1980,Esatto!,Francesco Salvi,"F. Salvi, S. Melloni e M. Natale",7°,7,4º-10º posto,Altra posizione,21 - 25 febbraio,Teatro Ariston,Rosita Celentano,48,Anna Oxa,Dayfel Perdomo,2019.0,"3,11",0.0,Bassa (0-20),https://i.scdn.co/image/ab67616d0000b273bb3a0b162d858062c8c81e17,30,34,Sì,Non valutabile,Non valutabile,Da verificare: artista differente,No,No
1989,1980,Anni 1980,Chi voglio sei tu,Ricchi e Poveri,P. Cassano e A. Cogliati,8°,8,4º-10º posto,Altra posizione,21 - 25 febbraio,Teatro Ariston,Rosita Celentano,48,Anna Oxa,Ricchi E Poveri,2004.0,"3,99",18.0,Bassa (0-20),https://i.scdn.co/image/ab67616d0000b27364ecbcb50574e54de5a8a7f4,15,34,Sì,No,No,Affidabile,Sì,Sì
1989,1980,Anni 1980,Almeno tu nell'universo,Mia Martini,B. Lauzi e M. Fabrizio,9°,9,4º-10º posto,Altra posizione,21 - 25 febbraio,Teatro Ariston,Rosita Celentano,48,Anna Oxa,Mia Martini,2011.0,"5,10",56.0,Media (41-60),https://i.scdn.co/image/ab67616d0000b273d8abb7310c55d359a6742698,22,34,Sì,Sì,No,Affidabile,Sì,Sì
1989,1980,Anni 1980,Io come farò,Ornella Vanoni,"M. Pagani, G. Paoli e S. Bardotti",10°,10,4º-10º posto,Altra posizione,21 - 25 febbraio,Teatro Ariston,Rosita Celentano,48,Anna Oxa,Ornella Vanoni,1989.0,"4,11",14.0,Bassa (0-20),https://i.scdn.co/image/ab67616d0000b273cb01f212471b0cc108feaef5,0,34,Sì,No,No,Affidabile,Sì,Sì
1989,1980,Anni 1980,Il mio pianoforte,Peppino di Capri,"R. Fiorillo, M. Di Francia e G. Faiella",11°,11,Oltre il 10º posto,Altra posizione,21 - 25 febbraio,Teatro Ariston,Rosita Celentano,48,Anna Oxa,Francesco Baccini,1990.0,"4,30",38.0,Medio-bassa (21-40),https://i.scdn.co/image/ab67616d0000b273cdecd1b7d0175af3c1f9442e,1,34,Sì,Non valutabile,Non valutabile,Da verificare: artista differente,No,No
1989,1980,Anni 1980,Il babà è una cosa seria,Marisa Laurito,S. Palomba e E. Alfieri,12°,12,Oltre il 10º posto,Altra posizione,21 - 25 febbraio,Teatro Ariston,Rosita Celentano,48,Anna Oxa,Emanuele Aloia,2021.0,"2,95",63.0,Alta (61-100),https://i.scdn.co/image/ab67616d0000b273c8472215715f80d262638921,32,34,Sì,Non valutabile,Non valutabile,Da verificare: artista differente,No,No
1989,1980,Anni 1980,Questa volta no,Gino Paoli,P. Penzo e G. Paoli,13°,13,Oltre il 10º posto,Altra posizione,21 - 25 febbraio,Teatro Ariston,Rosita Celentano,48,Anna Oxa,Raphael Gualazzi,2020.0,"3,48",17.0,Bassa (0-20),https://i.scdn.co/image/ab67616d0000b273add73cda029ce4cd26ad2435,31,34,Sì,Non valutabile,Non valutabile,Da verificare: artista differente,No,No
1989,1980,Anni 1980,Na canzuncella doce doce,Renato Carosone,C. Mattone,14°,14,Oltre il 10º posto,Altra posizione,21 - 25 febbraio,Teatro Ariston,Rosita Celentano,48,Anna Oxa,Sal Da Vinci,2009.0,"4,45",26.0,Medio-bassa (21-40),https://i.scdn.co/image/ab67616d0000b273c7a86ca0c8846a4c0c8fa5ae,20,34,Sì,Non valutabile,Non valutabile,Da verificare: artista differente,No,No
1989,1980,Anni 1980,Cosa resterà degli anni '80,Raf,"G. Bigazzi, G. Dati e R. Riefoli",15°,15,Oltre il 10º posto,Altra posizione,21 - 25 febbraio,Teatro Ariston,Rosita Celentano,48,Anna Oxa,Raf,1989.0,"5,21",53.0,Media (41-60),https://i.scdn.co/image/ab67616d0000b273aea2fc5d206ab24fea0f89dc,0,34,Sì,No,No,Affidabile,Sì,Sì
1989,1980,Anni 1980,Il cuore delle donne,Dori Ghezzi,"M. Paoluzzi, O. Avogadro e R. Ferri",16°,16,Oltre il 10º posto,Altra posizione,21 - 25 febbraio,Teatro Ariston,Rosita Celentano,48,Anna Oxa,Orchestra Matteo Tassi,2007.0,"3,34",0.0,Bassa (0-20),https://i.scdn.co/image/ab67616d0000b273acb902a406a4a74c058911f4,18,34,Sì,Non valutabile,Non valutabile,Da verificare: artista differente,No,No
1989,1980,Anni 1980,Se me lo dicevi prima,Enzo Jannacci,E. Jannacci e M. Bassi,17°,17,Oltre il 10º posto,Altra posizione,21 - 25 febbraio,Teatro Ariston,Rosita Celentano,48,Anna Oxa,Enzo Jannacci,1997.0,"4,39",34.0,Medio-bassa (21-40),https://i.scdn.co/image/ab67616d0000b27394ae5c43ced630d5b638dfae,8,34,Sì,No,No,Affidabile,Sì,Sì
1989,1980,Anni 1980,Ciao,Gigliola Cinquetti,"Gepy & Gepy, M. Governi e R. Russo",18°,18,Oltre il 10º posto,Altra posizione,21 - 25 febbraio,Teatro Ariston,Rosita Celentano,48,Anna Oxa,Sfera Ebbasta,2023.0,"3,11",73.0,Alta (61-100),https://i.scdn.co/image/ab67616d0000b2733c0eada9fb45ba9d43116f1d,34,34,Sì,Non valutabile,Non valutabile,Da verificare: artista differente,No,No
1989,1980,Anni 1980,A che servono gli dei,Rossana Casale,M. Fabrizio e G. Morra,19°,19,Oltre il 10º posto,Altra posizione,21 - 25 febbraio,Teatro Ariston,Rosita Celentano,48,Anna Oxa,Rossana Casale,1989.0,"4,02",16.0,Bassa (0-20),https://i.scdn.co/image/ab67616d0000b273d19306da3a8fa9dd0e818e48,0,34,Sì,No,No,Affidabile,Sì,Sì
1989,1980,Anni 1980,E allora e allora,Tullio De Piscopo,"M. Capuano, G. Capuano e T. De Piscopo",20°,20,Oltre il 10º posto,Altra posizione,21 - 25 febbraio,Teatro Ariston,Rosita Celentano,48,Anna Oxa,Vinicio Capossela,2003.0,"3,48",40.0,Medio-bassa (21-40),https://i.scdn.co/image/ab67616d0000b2738fcc930f4d7635f6bc36457e,14,34,Sì,Non valutabile,Non valutabile,Da verificare: artista differente,No,No
1989,1980,Anni 1980,Come mi vuoi,Eduardo De Crescenzo,M. G. Nava e E. De Crescenzo,21°,21,Oltre il 10º posto,Altra posizione,21 - 25 febbraio,Teatro Ariston,Rosita Celentano,48,Anna Oxa,Eduardo De Crescenzo,1989.0,"5,05",31.0,Medio-bassa (21-40),https://i.scdn.co/image/ab67616d0000b273cfcc842ac486071651213eaa,0,34,Sì,No,No,Affidabile,Sì,Sì
1989,1980,Anni 1980,Scusa,Fred Bongusto,"F. Bongusto, E. Campassi e S. Iodice",22°,22,Oltre il 10º posto,Altra posizione,21 - 25 febbraio,Teatro Ariston,Rosita Celentano,48,Anna Oxa,Gazzelle,2021.0,"3,51",57.0,Media (41-60),https://i.scdn.co/image/ab67616d0000b273d5bcb4e1baec7e7413d6a2b9,32,34,Sì,Non valutabile,Non valutabile,Da verificare: artista differente,No,No
1989,1980,Anni 1980,La fine del mondo,Gigi Sabani,"T. Cutugno, G. Fasano e Depsa",23°,23,Oltre il 10º posto,Altra posizione,21 - 25 febbraio,Teatro Ariston,Rosita Celentano,48,Anna Oxa,Anastasio,2018.0,"3,05",35.0,Medio-bassa (21-40),https://i.scdn.co/image/ab67616d0000b273b95f313fc15707ddc2a0906a,29,34,Sì,Non valutabile,Non valutabile,Da verificare: artista differente,No,No
1989,1980,Anni 1980,Rifarsi una vita,Sergio Caputo,S. Caputo,24°,24,Oltre il 10º posto,Altra posizione,21 - 25 febbraio,Teatro Ariston,Rosita Celentano,48,Anna Oxa,Sergio Caputo,2024.0,"4,35",0.0,Bassa (0-20),https://i.scdn.co/image/ab67616d0000b273359c7900623d2b6e8eeabdc3,35,34,Sì,Sì,Sì,Affidabile,Sì,Sì
1990,1990,Anni 1990,Uomini soli,Pooh,V. Negrini e C. Facchinetti,1º,1,1º posto,Vincitore,28 febbraio - 3 marzo,Sanremo,Gabriella Carlucci,36,Pooh,,,,,Dati non disponibili,,,33,Sì,Non valutabile,Non valutabile,Senza dati Spotify,No,No
1990,1990,Anni 1990,Gli amori,Toto Cutugno,"F. Berlincioni, S. Cutugno e S. De Pasquale",2º,2,2º-3º posto,Podio,28 febbraio - 3 marzo,Sanremo,Gabriella Carlucci,36,Pooh,Toto Cutugno,2002.0,"4,18",39.0,Medio-bassa (21-40),https://i.scdn.co/image/ab67616d0000b273f7d8134ed05979ac11c1aad8,12,33,Sì,No,No,Affidabile,Sì,Sì
1990,1990,Anni 1990,Vattene amore,Amedeo Minghi e Mietta,A. Minghi,3º,3,2º-3º posto,Podio,28 febbraio - 3 marzo,Sanremo,Gabriella Carlucci,36,Pooh,Mietta,1990.0,"4,02",57.0,Media (41-60),https://i.scdn.co/image/ab67616d0000b2730d074b9cf589b11f2c410445,0,33,Sì,No,No,Affidabile,Sì,Sì
1990,1990,Anni 1990,Donna con te,Anna Oxa,D. Amerio e L. Boero,4°,4,4º-10º posto,Altra posizione,28 febbraio - 3 marzo,Sanremo,Gabriella Carlucci,36,Pooh,Anna Oxa,1990.0,"3,98",42.0,Media (41-60),https://i.scdn.co/image/ab67616d0000b273060a755b4e2c596138a1dcb1,0,33,Sì,No,No,Affidabile,Sì,Sì
1990,1990,Anni 1990,Verso l'ignoto,Marcella e Gianni Bella,"D. Di Gregorio, G. Bella e R. Di Bella",5°,5,4º-10º posto,Altra posizione,28 febbraio - 3 marzo,Sanremo,Gabriella Carlucci,36,Pooh,Gianni Bella,1990.0,"5,02",28.0,Medio-bassa (21-40),https://i.scdn.co/image/ab67616d0000b273221b293dddfb76df87a1c12c,0,33,Sì,No,No,Affidabile,Sì,Sì
1990,1990,Anni 1990,La nevicata del '56,Mia Martini,"C. Vistarini, F. Califano, M. Cantini e L. Lopez",6°,6,4º-10º posto,Altra posizione,28 febbraio - 3 marzo,Sanremo,Gabriella Carlucci,36,Pooh,Mia Martini,2012.0,"5,36",35.0,Medio-bassa (21-40),https://i.scdn.co/image/ab67616d0000b2734d55a24f0e6deba5af7583e8,22,33,Sì,Sì,No,Affidabile,Sì,Sì
1990,1990,Anni 1990,Tu... sì,Mango,A. Mango e G. Mango,7°,7,4º-10º posto,Altra posizione,28 febbraio - 3 marzo,Sanremo,Gabriella Carlucci,36,Pooh,Angelo Famao,2018.0,"3,01",65.0,Alta (61-100),https://i.scdn.co/image/ab67616d0000b273b4fe188f97b90b34fff57f9c,28,33,Sì,Non valutabile,Non valutabile,Da verificare: artista differente,No,No
1990,1990,Anni 1990,A,Francesco Salvi,"F. Salvi, M. Natale, R. Turatti e S. Melloni",8°,8,4º-10º posto,Altra posizione,28 febbraio - 3 marzo,Sanremo,Gabriella Carlucci,36,Pooh,Yung Pips,2022.0,"2,46",48.0,Media (41-60),https://i.scdn.co/image/ab67616d0000b27379e7d8fb597b66f2cb9a3aa9,32,33,Sì,Non valutabile,Non valutabile,Da verificare: artista differente,No,No
1990,1990,Anni 1990,Bisognerebbe non pensare che a te,Caterina Caselli,G. Morra e M. Fabrizio,9°,9,4º-10º posto,Altra posizione,28 febbraio - 3 marzo,Sanremo,Gabriella Carlucci,36,Pooh,Caterina Caselli,1990.0,"4,35",16.0,Bassa (0-20),https://i.scdn.co/image/ab67616d0000b2730c37606a9baf538b1fbd4698,0,33,Sì,No,No,Affidabile,Sì,Sì
1990,1990,Anni 1990,Ma quale amore,Riccardo Fogli,"A. De Angelis, B. Incarnato e L. Lopez",10°,10,4º-10º posto,Altra posizione,28 febbraio - 3 marzo,Sanremo,Gabriella Carlucci,36,Pooh,Eduardo De Crescenzo,2017.0,"3,99",24.0,Medio-bassa (21-40),https://i.scdn.co/image/ab67616d0000b273c005c267a7741d745fff5ddb,27,33,Sì,Non valutabile,Non valutabile,Da verificare: artista differente,No,No
1990,1990,Anni 1990,Io vorrei,Sandro Giacobbe,S. Cutugno e S. Giacobbe,11°,11,Oltre il 10º posto,Altra posizione,28 febbraio - 3 marzo,Sanremo,Gabriella Carlucci,36,Pooh,Lucio Battisti,1972.0,"4,60",56.0,Media (41-60),https://i.scdn.co/image/ab67616d0000b2734db7811d6af66a8579496e27,-18,33,Sì,Non valutabile,Non valutabile,Da escludere: rilascio precedente,No,No
1990,1990,Anni 1990,Ringrazio Dio,Paola Turci,"A. Rizzo, Rambow e R. Silvestro",12°,12,Oltre il 10º posto,Altra posizione,28 febbraio - 3 marzo,Sanremo,Gabriella Carlucci,36,Pooh,Paola Turci,2013.0,"4,75",14.0,Bassa (0-20),https://i.scdn.co/image/ab67616d0000b27347df9ca4c87f921d460cc889,23,33,Sì,Sì,No,Affidabile,Sì,Sì
1990,1990,Anni 1990,Sono felice,Milva,R. Cellamare e B. Antonacci,13°,13,Oltre il 10º posto,Altra posizione,28 febbraio - 3 marzo,Sanremo,Gabriella Carlucci,36,Pooh,Blue Virus,2017.0,"3,00",23.0,Medio-bassa (21-40),https://i.scdn.co/image/ab67616d0000b273ba009a0bd7e54c287563bb79,27,33,Sì,Non valutabile,Non valutabile,Da verificare: artista differente,No,No
1990,1990,Anni 1990,Io e mio padre,Grazia Di Michele,G. Di Michele,14°,14,Oltre il 10º posto,Altra posizione,28 febbraio - 3 marzo,Sanremo,Gabriella Carlucci,36,Pooh,Grazia Di Michele,2016.0,"3,81",12.0,Bassa (0-20),https://i.scdn.co/image/ab67616d0000b273873274b0691578365f447967,26,33,Sì,Sì,Sì,Affidabile,Sì,Sì
1990,1990,Anni 1990,Evviva Maria,Peppino di Capri,G. Faiella e S. De Pasquale,15°,15,Oltre il 10º posto,Altra posizione,28 febbraio - 3 marzo,Sanremo,Gabriella Carlucci,36,Pooh,Peppino Di Capri,2013.0,"4,21",25.0,Medio-bassa (21-40),https://i.scdn.co/image/ab67616d0000b273235c0d7ee0c38eff1a90a1c5,23,33,Sì,Sì,No,Affidabile,Sì,Sì
1990,1990,Anni 1990,Novecento Aufwiedersehen,Eugenio Bennato e Tony Esposito,"E. Bennato, A. Esposito e C. D'Angiò",16°,16,Oltre il 10º posto,Altra posizione,28 febbraio - 3 marzo,Sanremo,Gabriella Carlucci,36,Pooh,Eugenio Bennato,2010.0,"4,47",2.0,Bassa (0-20),https://i.scdn.co/image/ab67616d0000b273a2dbf2372284924272bb540a,20,33,Sì,Sì,No,Affidabile,Sì,Sì
1990,1990,Anni 1990,Buona giornata,Ricchi e Poveri,"S. De Pasquale, M. Paoluzzi e V. Cosma",17°,17,Oltre il 10º posto,Altra posizione,28 febbraio - 3 marzo,Sanremo,Gabriella Carlucci,36,Pooh,Aliciakat,2023.0,"2,68",24.0,Medio-bassa (21-40),https://i.scdn.co/image/ab67616d0000b273e9ab24f52135733486357ccb,33,33,Sì,Non valutabile,Non valutabile,Da verificare: artista differente,No,No
1990,1990,Anni 1990,Amori,Lena Biolcati,L. Biolcati e Robymiro,18°,18,Oltre il 10º posto,Altra posizione,28 febbraio - 3 marzo,Sanremo,Gabriella Carlucci,36,Pooh,Renato Zero,1982.0,"4,41",20.0,Bassa (0-20),https://i.scdn.co/image/ab67616d0000b27346b2474ce32f4771e86c3bd9,-8,33,Sì,Non valutabile,Non valutabile,Da escludere: rilascio precedente,No,No
1990,1990,Anni 1990,Vorrei,Mino Reitano,"C. Malgioglio, P. Vernola, F. Reitano e B. Reitano",19°,19,Oltre il 10º posto,Altra posizione,28 febbraio - 3 marzo,Sanremo,Gabriella Carlucci,36,Pooh,J-AX,2017.0,"3,76",55.0,Media (41-60),https://i.scdn.co/image/ab67616d0000b273c066028017a0adfedc4f0bc7,27,33,Sì,Non valutabile,Non valutabile,Da verificare: artista differente,No,No
1990,1990,Anni 1990,Amore,Christian,"F. Berlincioni, G. Rossi, S. Amato e F. Morgia",20°,20,Oltre il 10º posto,Altra posizione,28 febbraio - 3 marzo,Sanremo,Gabriella Carlucci,36,Pooh,Emma,2023.0,"3,42",65.0,Alta (61-100),https://i.scdn.co/image/ab67616d0000b2733462914723d4379a18b319a8,33,33,Sì,Non valutabile,Non valutabile,Da verificare: artista differente,No,No
1991,1990,Anni 1990,Se stiamo insieme,Riccardo Cocciante,R. Cocciante e Mogol,1º,1,1º posto,Vincitore,27 febbraio - 2 marzo,Teatro Ariston,Andrea Occhipinti,36,Riccardo Cocciante,,,,,Dati non disponibili,,,32,Sì,Non valutabile,Non valutabile,Senza dati Spotify,No,No
1991,1990,Anni 1990,Spalle al muro,Renato Zero,M. Nava,2º,2,2º-3º posto,Podio,27 febbraio - 2 marzo,Teatro Ariston,Andrea Occhipinti,36,Riccardo Cocciante,Renato Zero,1991.0,"5,01",39.0,Medio-bassa (21-40),https://i.scdn.co/image/ab67616d0000b2739106474cff02663630b03ec4,0,32,Sì,No,No,Affidabile,Sì,Sì
1991,1990,Anni 1990,Perché lo fai,Marco Masini,"G. Bigazzi, M. Manzani e M. Masini",3º,3,2º-3º posto,Podio,27 febbraio - 2 marzo,Teatro Ariston,Andrea Occhipinti,36,Riccardo Cocciante,Marco Masini,1991.0,"4,67",42.0,Media (41-60),https://i.scdn.co/image/ab67616d0000b273806d950c4354e5ddddd7e5b7,0,32,Sì,No,No,Affidabile,Sì,Sì
1991,1990,Anni 1990,Gli altri siamo noi,Umberto Tozzi,U. Tozzi e G. Bigazzi,4º,4,4º-10º posto,Altra posizione,27 febbraio - 2 marzo,Teatro Ariston,Andrea Occhipinti,36,Riccardo Cocciante,Umberto Tozzi,1991.0,"5,52",46.0,Media (41-60),https://i.scdn.co/image/ab67616d0000b2732c0c2e4b91a3bf07eb00e476,0,32,Sì,No,No,Affidabile,Sì,Sì
1991,1990,Anni 1990,Spunta la Luna dal monte,Pierangelo Bertoli e Tazenda,L. Marielli e P. Bertoli,5º,5,4º-10º posto,Altra posizione,27 febbraio - 2 marzo,Teatro Ariston,Andrea Occhipinti,36,Riccardo Cocciante,Pierangelo Bertoli,1995.0,"3,96",47.0,Media (41-60),https://i.scdn.co/image/ab67616d0000b273b717a1425e89550f149432e3,4,32,Sì,No,No,Affidabile,Sì,Sì
1991,1990,Anni 1990,Nené,Amedeo Minghi,A. Minghi,6º,6,4º-10º posto,Altra posizione,27 febbraio - 2 marzo,Teatro Ariston,Andrea Occhipinti,36,Riccardo Cocciante,Francesco Guccini,2015.0,"3,36",6.0,Bassa (0-20),https://i.scdn.co/image/ab67616d0000b273504246e476ef941c6406b51f,24,32,Sì,Non valutabile,Non valutabile,Da verificare: artista differente,No,No
1991,1990,Anni 1990,Dubbi no,Mietta,A. Minghi,7º,7,4º-10º posto,Altra posizione,27 febbraio - 2 marzo,Teatro Ariston,Andrea Occhipinti,36,Riccardo Cocciante,Pino Daniele,2019.0,"4,24",38.0,Medio-bassa (21-40),https://i.scdn.co/image/ab67616d0000b273ecc75b7ce2513e04b67eab9f,28,32,Sì,Non valutabile,Non valutabile,Da verificare: artista differente,No,No
1991,1990,Anni 1990,Oggi sposi,Al Bano e Romina Power,Depsa e G. Andreetto,8º,8,4º-10º posto,Altra posizione,27 febbraio - 2 marzo,Teatro Ariston,Andrea Occhipinti,36,Riccardo Cocciante,Al Bano,2017.0,"4,15",15.0,Bassa (0-20),https://i.scdn.co/image/ab67616d0000b27345b8557b0037caa31b959481,26,32,Sì,Sì,Sì,Affidabile,Sì,Sì
1991,1990,Anni 1990,Io ti prego di ascoltare,Riccardo Fogli,G. Morra e M. Fabrizio,9º,9,4º-10º posto,Altra posizione,27 febbraio - 2 marzo,Teatro Ariston,Andrea Occhipinti,36,Riccardo Cocciante,Riccardo Fogli,2008.0,"4,37",16.0,Bassa (0-20),https://i.scdn.co/image/ab67616d0000b273504f7e05ddcc4086a27a103a,17,32,Sì,No,No,Affidabile,Sì,Sì
1991,1990,Anni 1990,Oggi un Dio non ho,Raf,R. Riefoli e G. Dati,10º,10,4º-10º posto,Altra posizione,27 febbraio - 2 marzo,Teatro Ariston,Andrea Occhipinti,36,Riccardo Cocciante,Raf,1991.0,"4,56",38.0,Medio-bassa (21-40),https://i.scdn.co/image/ab67616d0000b27399ec5feea63b4ecd41ccc992,0,32,Sì,No,No,Affidabile,Sì,Sì
1991,1990,Anni 1990,La fotografia,Enzo Jannacci,V. Jannacci,11º,11,Oltre il 10º posto,Altra posizione,27 febbraio - 2 marzo,Teatro Ariston,Andrea Occhipinti,36,Riccardo Cocciante,Enzo Jannacci,2006.0,"4,99",32.0,Medio-bassa (21-40),https://i.scdn.co/image/ab67616d0000b273ff41ce1396642900dc7c5a8b,15,32,Sì,No,No,Affidabile,Sì,Sì
1991,1990,Anni 1990,Il mare più grande che c'è (I Love You Man),Fiordaliso,F. Ciani e F. Zanotti,12º,12,Oltre il 10º posto,Altra posizione,27 febbraio - 2 marzo,Teatro Ariston,Andrea Occhipinti,36,Riccardo Cocciante,Fiordaliso,2004.0,"4,97",32.0,Medio-bassa (21-40),https://i.scdn.co/image/ab67616d0000b27383beb5064daef75909da30e1,13,32,Sì,No,No,Affidabile,Sì,Sì
1991,1990,Anni 1990,Siamo donne,Jo Squillo e Sabrina Salerno,G. Coletti,13º,13,Oltre il 10º posto,Altra posizione,27 febbraio - 2 marzo,Teatro Ariston,Andrea Occhipinti,36,Riccardo Cocciante,Sabrina,2015.0,"3,57",29.0,Medio-bassa (21-40),https://i.scdn.co/image/ab67616d0000b27340190cfa8f71c77914b3f813,24,32,Sì,Sì,Sì,Affidabile,Sì,Sì
1991,1990,Anni 1990,Sbatti ben su del Be Bop,Ladri di Biciclette,P. Belli e E. Prandi,14º,14,Oltre il 10º posto,Altra posizione,27 febbraio - 2 marzo,Teatro Ariston,Andrea Occhipinti,36,Riccardo Cocciante,Studio Sound Group,2011.0,"0,82",0.0,Bassa (0-20),https://i.scdn.co/image/ab67616d0000b273c1bb26384acda113a028f70d,20,32,Sì,Non valutabile,Non valutabile,Da verificare: artista differente,No,No
1991,1990,Anni 1990,E la musica va,Eduardo De Crescenzo,E. De Crescenzo e F. Del Prete,15º,15,Oltre il 10º posto,Altra posizione,27 febbraio - 2 marzo,Teatro Ariston,Andrea Occhipinti,36,Riccardo Cocciante,Eduardo De Crescenzo,1990.0,"4,78",32.0,Medio-bassa (21-40),https://i.scdn.co/image/ab67616d0000b2738204978eec878925aac52cbf,-1,32,Sì,No,No,Affidabile,Sì,Sì
1991,1990,Anni 1990,Se io fossi un uomo,Grazia Di Michele,"Joanna, G. Di Michele e P. Nocera",16º,16,Oltre il 10º posto,Altra posizione,27 febbraio - 2 marzo,Teatro Ariston,Andrea Occhipinti,36,Riccardo Cocciante,Grazia Di Michele,2024.0,"3,51",0.0,Bassa (0-20),https://i.scdn.co/image/ab67616d0000b273359c7900623d2b6e8eeabdc3,33,32,Sì,Sì,Sì,Affidabile,Sì,Sì
1991,1990,Anni 1990,Terra,Rossana Casale,G. Morra e M. Fabrizio,17º,17,Oltre il 10º posto,Altra posizione,27 febbraio - 2 marzo,Teatro Ariston,Andrea Occhipinti,36,Riccardo Cocciante,Eros Ramazzotti,2014.0,"3,73",52.0,Media (41-60),https://i.scdn.co/image/ab67616d0000b273dbb3075bb098af7974b845dd,23,32,Sì,Non valutabile,Non valutabile,Da verificare: artista differente,No,No
1991,1990,Anni 1990,In questa città,Loredana Bertè,P. Daniele,18º,18,Oltre il 10º posto,Altra posizione,27 febbraio - 2 marzo,Teatro Ariston,Andrea Occhipinti,36,Riccardo Cocciante,Max Pezzali,2020.0,"3,40",38.0,Medio-bassa (21-40),https://i.scdn.co/image/ab67616d0000b273240f5fc1f07b9900c9fe7490,29,32,Sì,Non valutabile,Non valutabile,Da verificare: artista differente,No,No
1991,1990,Anni 1990,La fila degli oleandri,Gianni Bella,G. Bella e Mogol,19º,19,Oltre il 10º posto,Altra posizione,27 febbraio - 2 marzo,Teatro Ariston,Andrea Occhipinti,36,Riccardo Cocciante,Gianni Bella,1995.0,"4,48",18.0,Bassa (0-20),https://i.scdn.co/image/ab67616d0000b273e07b08b42c7fb81ed7e3c5eb,4,32,Sì,No,No,Affidabile,Sì,Sì
1991,1990,Anni 1990,Gli uomini,Mariella Nava,M. Nava,20º,20,Oltre il 10º posto,Altra posizione,27 febbraio - 2 marzo,Teatro Ariston,Andrea Occhipinti,36,Riccardo Cocciante,Mia Martini,1992.0,"4,12",54.0,Media (41-60),https://i.scdn.co/image/ab67616d0000b273554914d78b2866850caf94a7,1,32,Sì,Non valutabile,Non valutabile,Da verificare: artista differente,No,No
1992,1990,Anni 1990,Portami a ballare,Luca Barbarossa,L. Barbarossa,1º,1,1º posto,Vincitore,26 - 29 febbraio,Teatro Ariston,Pippo Baudo,42,Luca Barbarossa,,,,,Dati non disponibili,,,31,Sì,Non valutabile,Non valutabile,Senza dati Spotify,No,No
1992,1990,Anni 1990,Gli uomini non cambiano,Mia Martini,"G. Dati, M. Falagiani e G. Bigazzi",2º,2,2º-3º posto,Podio,26 - 29 febbraio,Teatro Ariston,Pippo Baudo,42,Luca Barbarossa,Mia Martini,1992.0,"4,12",54.0,Media (41-60),https://i.scdn.co/image/ab67616d0000b273554914d78b2866850caf94a7,0,31,Sì,No,No,Affidabile,Sì,Sì
1992,1990,Anni 1990,La forza della vita,Paolo Vallesi,G. Dati e P. Vallesi,3º,3,2º-3º posto,Podio,26 - 29 febbraio,Teatro Ariston,Pippo Baudo,42,Luca Barbarossa,Paolo Vallesi,1992.0,"4,63",44.0,Media (41-60),https://i.scdn.co/image/ab67616d0000b27372a19fd100311bdebec1fb65,0,31,Sì,No,No,Affidabile,Sì,Sì
1992,1990,Anni 1990,Italia d'oro,Pierangelo Bertoli,P. Bertoli e M. Negri,4º,4,4º-10º posto,Altra posizione,26 - 29 febbraio,Teatro Ariston,Pippo Baudo,42,Luca Barbarossa,Pierangelo Bertoli,2013.0,"4,36",40.0,Medio-bassa (21-40),https://i.scdn.co/image/ab67616d0000b273a60d2c69c587980d2f38770b,21,31,Sì,Sì,No,Affidabile,Sì,Sì
1992,1990,Anni 1990,Ti penso,Massimo Ranieri,F. Berlincioni e S. Amato,5º,5,4º-10º posto,Altra posizione,26 - 29 febbraio,Teatro Ariston,Pippo Baudo,42,Luca Barbarossa,Adriano Celentano,2019.0,"4,36",42.0,Media (41-60),https://i.scdn.co/image/ab67616d0000b2730b574b8457903edc17106cbd,27,31,Sì,Non valutabile,Non valutabile,Da verificare: artista differente,No,No
1992,1990,Anni 1990,Piccoli giganti,Matia Bazar,"A. Stellita, S. Cossu, C. Marrale e L. Valente",6º,6,4º-10º posto,Altra posizione,26 - 29 febbraio,Teatro Ariston,Pippo Baudo,42,Luca Barbarossa,Radical,2019.0,"2,97",29.0,Medio-bassa (21-40),https://i.scdn.co/image/ab67616d0000b273f6ebb609015062f2735366cf,27,31,Sì,Non valutabile,Non valutabile,Da verificare: artista differente,No,No
1992,1990,Anni 1990,Per niente al mondo,Franco Fasano e Flavia Fortunato,G. Fasano e F. Berlincioni,7º,7,4º-10º posto,Altra posizione,26 - 29 febbraio,Teatro Ariston,Pippo Baudo,42,Luca Barbarossa,Pietro Galassi,2017.0,"3,77",8.0,Bassa (0-20),https://i.scdn.co/image/ab67616d0000b273f819cbedcdc4fbb98bab211f,25,31,Sì,Non valutabile,Non valutabile,Da verificare: artista differente,No,No
1992,1990,Anni 1990,Pitzinnos in sa gherra,Tazenda,L. Marielli e F. De André,8º,8,4º-10º posto,Altra posizione,26 - 29 febbraio,Teatro Ariston,Pippo Baudo,42,Luca Barbarossa,Tazenda,2007.0,"4,31",33.0,Medio-bassa (21-40),https://i.scdn.co/image/ab67616d0000b2735bef77d8c50598de1c92b4a2,15,31,Sì,No,No,Affidabile,Sì,Sì
1992,1990,Anni 1990,Perché,Fausto Leali,A. Civai e G. Bigazzi,9º,9,4º-10º posto,Altra posizione,26 - 29 febbraio,Teatro Ariston,Pippo Baudo,42,Luca Barbarossa,Vale Lambo,2018.0,"3,73",51.0,Media (41-60),https://i.scdn.co/image/ab67616d0000b2738a41d3fa0776ceb5968bc535,26,31,Sì,Non valutabile,Non valutabile,Da verificare: artista differente,No,No
1992,1990,Anni 1990,In una notte così,Riccardo Fogli,G. Morra e M. Fabrizio,10º,10,4º-10º posto,Altra posizione,26 - 29 febbraio,Teatro Ariston,Pippo Baudo,42,Luca Barbarossa,Riccardo Fogli,2010.0,"4,57",5.0,Bassa (0-20),https://i.scdn.co/image/ab67616d0000b2738ef11246769f3853acfd0db4,18,31,Sì,No,No,Affidabile,Sì,Sì
1992,1990,Anni 1990,Strade di Roma,Michele Zarrillo,"V. Incenzo, M. Zarrillo e A. Venditti",11º,11,Oltre il 10º posto,Altra posizione,26 - 29 febbraio,Teatro Ariston,Pippo Baudo,42,Luca Barbarossa,Michele Zarrillo,1997.0,"4,86",32.0,Medio-bassa (21-40),https://i.scdn.co/image/ab67616d0000b273fb14edd7e3820814672698e0,5,31,Sì,No,No,Affidabile,Sì,Sì
1992,1990,Anni 1990,Mendicante,Mariella Nava,M. G. Nava,12º,12,Oltre il 10º posto,Altra posizione,26 - 29 febbraio,Teatro Ariston,Pippo Baudo,42,Luca Barbarossa,Franco Staco,2018.0,"4,76",9.0,Bassa (0-20),https://i.scdn.co/image/ab67616d0000b2732b78aae28f99df54438d0fb5,26,31,Sì,Non valutabile,Non valutabile,Da verificare: artista differente,No,No
1992,1990,Anni 1990,Un uomo in più,Drupi,Depsa e G. Fasano,13º,13,Oltre il 10º posto,Altra posizione,26 - 29 febbraio,Teatro Ariston,Pippo Baudo,42,Luca Barbarossa,Pino Daniele,1991.0,"4,43",21.0,Medio-bassa (21-40),https://i.scdn.co/image/ab67616d0000b273b65090ccefc434aee8d4cabe,-1,31,Sì,Non valutabile,Non valutabile,Da verificare: artista differente,No,No
1992,1990,Anni 1990,Favola blues,Peppino di Capri e Pietra Montecorvino,"F. Berlincioni, M. Di Francia e G. Faiella",14º,14,Oltre il 10º posto,Altra posizione,26 - 29 febbraio,Teatro Ariston,Pippo Baudo,42,Luca Barbarossa,Peppino Di Capri,2013.0,"3,77",26.0,Medio-bassa (21-40),https://i.scdn.co/image/ab67616d0000b273235c0d7ee0c38eff1a90a1c5,21,31,Sì,Sì,No,Affidabile,Sì,Sì
1992,1990,Anni 1990,Quelli come noi,New Trolls,"D. Gori, N. Di Palo, G. Belleno, V. De Scalzi e F. Berlincioni",15º,15,Oltre il 10º posto,Altra posizione,26 - 29 febbraio,Teatro Ariston,Pippo Baudo,42,Luca Barbarossa,Tananai,2022.0,"3,39",53.0,Media (41-60),https://i.scdn.co/image/ab67616d0000b27374dfe2b9efecc249aa0b2a55,30,31,Sì,Non valutabile,Non valutabile,Da verificare: artista differente,No,No
1992,1990,Anni 1990,Così lontani,Ricchi e Poveri,S. Cutugno,NF,,Senza posizione numerica,Non finalista,26 - 29 febbraio,Teatro Ariston,Pippo Baudo,42,Luca Barbarossa,Giuliano Palma,2014.0,"3,06",20.0,Bassa (0-20),https://i.scdn.co/image/ab67616d0000b2731df12562f71476f1b990e73b,22,31,Sì,Non valutabile,Non valutabile,Da verificare: artista differente,No,No
1992,1990,Anni 1990,È una nanna,Scialpi,G. Scialpi,NF,,Senza posizione numerica,Non finalista,26 - 29 febbraio,Teatro Ariston,Pippo Baudo,42,Luca Barbarossa,Emiliano Toso,2021.0,"2,45",27.0,Medio-bassa (21-40),https://i.scdn.co/image/ab67616d0000b27323f99097486a3737e644983a,29,31,Sì,Non valutabile,Non valutabile,Da verificare: artista differente,No,No
1992,1990,Anni 1990,Femmene 'e mare,Lina Sastri,R. Giglio e R. Fiorillo,NF,,Senza posizione numerica,Non finalista,26 - 29 febbraio,Teatro Ariston,Pippo Baudo,42,Luca Barbarossa,Massimo Ranieri,2000.0,"4,38",4.0,Bassa (0-20),https://i.scdn.co/image/ab67616d0000b273ffb128a0d9e39bf47ca9b347,8,31,Sì,Non valutabile,Non valutabile,Da verificare: artista differente,No,No
1992,1990,Anni 1990,Io ti darò,Paolo Mengoli,"G. Alberghini, P. Mengoli e G. Trombetti",NF,,Senza posizione numerica,Non finalista,26 - 29 febbraio,Teatro Ariston,Pippo Baudo,42,Luca Barbarossa,Paolo Mengoli,2000.0,"4,72",1.0,Bassa (0-20),https://i.scdn.co/image/ab67616d0000b2733ba5993f5c14019b96c63cdf,8,31,Sì,No,No,Affidabile,Sì,Sì
1992,1990,Anni 1990,La mia preghiera,Enzo Ghinazzi,E. Ghinazzi,NF,,Senza posizione numerica,Non finalista,26 - 29 febbraio,Teatro Ariston,Pippo Baudo,42,Luca Barbarossa,Giulia Parisi,2017.0,"2,95",28.0,Medio-bassa (21-40),https://i.scdn.co/image/ab67616d0000b2730361098d483ba5d1de872ee8,25,31,Sì,Non valutabile,Non valutabile,Da verificare: artista differente,No,No
1992,1990,Anni 1990,Ma ti sei chiesto mai,Mino Reitano,"F. Reitano, B. Reitano, P. Vernola e G. Andreetto",NF,,Senza posizione numerica,Non finalista,26 - 29 febbraio,Teatro Ariston,Pippo Baudo,42,Luca Barbarossa,GionnyScandal,2012.0,"3,59",9.0,Bassa (0-20),https://i.scdn.co/image/ab67616d0000b273a65553021b69900d67442d35,20,31,Sì,Non valutabile,Non valutabile,Da verificare: artista differente,No,No
1992,1990,Anni 1990,Pe' dispietto,Nuova Compagnia di Canto Popolare,"C. Sfogli, P. Raffone e C. Faiello",NF,,Senza posizione numerica,Non finalista,26 - 29 febbraio,Teatro Ariston,Pippo Baudo,42,Luca Barbarossa,Monica Sarnelli,2014.0,"3,63",22.0,Medio-bassa (21-40),https://i.scdn.co/image/ab67616d0000b2731bff73b3ba72cd373f59385a,22,31,Sì,Non valutabile,Non valutabile,Da verificare: artista differente,No,No
1992,1990,Anni 1990,Rumba di tango,Giorgio Faletti e Orietta Berti,G. Faletti,NF,,Senza posizione numerica,Non finalista,26 - 29 febbraio,Teatro Ariston,Pippo Baudo,42,Luca Barbarossa,Orietta Berti,2012.0,"4,66",1.0,Bassa (0-20),https://i.scdn.co/image/ab67616d0000b273d417798f2d63b5fe20aecb0b,20,31,Sì,Sì,No,Affidabile,Sì,Sì
1992,1990,Anni 1990,Un frammento rosa,Formula 3,M. Luca e L. Bevini,NF,,Senza posizione numerica,Non finalista,26 - 29 febbraio,Teatro Ariston,Pippo Baudo,42,Luca Barbarossa,Riccardo Betto,2022.0,"4,08",16.0,Bassa (0-20),https://i.scdn.co/image/ab67616d0000b273c5ea2c6da51a1f4c54ed45c0,30,31,Sì,Non valutabile,Non valutabile,Da verificare: artista differente,No,No
1993,1990,Anni 1990,Mistero,Enrico Ruggeri,E. Ruggeri,1º,1,1º posto,Vincitore,23 - 27 febbraio,Teatro Ariston,Pippo Baudo,42,Enrico Ruggeri,Enrico Ruggeri,1993.0,"4,08",40.0,Medio-bassa (21-40),https://i.scdn.co/image/ab67616d0000b273e423a235cffb80128e9610d2,0,30,Sì,No,No,Affidabile,Sì,Sì
1993,1990,Anni 1990,Dietro la porta,Cristiano De Andrè,D. Fossati e C. De Andrè,2º,2,2º-3º posto,Podio,23 - 27 febbraio,Teatro Ariston,Pippo Baudo,42,Enrico Ruggeri,Cristiano De André,1992.0,"4,03",22.0,Medio-bassa (21-40),https://i.scdn.co/image/ab67616d0000b27331b640e929aef41e8d943260,-1,30,Sì,No,No,Affidabile,Sì,Sì
1993,1990,Anni 1990,Gli amori diversi,Rossana Casale e Grazia Di Michele,"R. Casale, G. Restelli e G. Di Michele",3º,3,2º-3º posto,Podio,23 - 27 febbraio,Teatro Ariston,Pippo Baudo,42,Enrico Ruggeri,Grazia Di Michele,2024.0,"3,64",0.0,Bassa (0-20),https://i.scdn.co/image/ab67616d0000b27383bafc55a4259060428ee27b,31,30,Sì,Sì,Sì,Affidabile,Sì,Sì
1993,1990,Anni 1990,Dedicato a te,Matia Bazar,"L. Valente, M. Bassi, S. Cossu, A. Stellita e C. Marrale",4º,4,4º-10º posto,Altra posizione,23 - 27 febbraio,Teatro Ariston,Pippo Baudo,42,Enrico Ruggeri,Irama,2020.0,"3,47",46.0,Media (41-60),https://i.scdn.co/image/ab67616d0000b273ef36b4357902f25a789c5588,27,30,Sì,Non valutabile,Non valutabile,Da verificare: artista differente,No,No
1993,1990,Anni 1990,Ave Maria,Renato Zero,R. Fiacchini e R. Serio,5º,5,4º-10º posto,Altra posizione,23 - 27 febbraio,Teatro Ariston,Pippo Baudo,42,Enrico Ruggeri,Hannah Holgersson,2012.0,"5,37",47.0,Media (41-60),https://i.scdn.co/image/ab67616d0000b2733402ba9f7813878fd0118779,19,30,Sì,Non valutabile,Non valutabile,Da verificare: artista differente,No,No
1993,1990,Anni 1990,Figli di chi,Mietta e Ragazzi di Via Meda,"D. Miglietta, A. De Sanctis, G. Isgrò e F. Neviani",6º,6,4º-10º posto,Altra posizione,23 - 27 febbraio,Teatro Ariston,Pippo Baudo,42,Enrico Ruggeri,Mietta,2024.0,"5,18",0.0,Bassa (0-20),https://i.scdn.co/image/ab67616d0000b273359c7900623d2b6e8eeabdc3,31,30,Sì,Sì,Sì,Affidabile,Sì,Sì
1993,1990,Anni 1990,Stato di calma apparente,Paola Turci,P. Turci e G. Chiocchio,7º,7,4º-10º posto,Altra posizione,23 - 27 febbraio,Teatro Ariston,Pippo Baudo,42,Enrico Ruggeri,Paola Turci,2006.0,"3,42",38.0,Medio-bassa (21-40),https://i.scdn.co/image/ab67616d0000b2730e08ff3cdb1e410e3ee9da35,13,30,Sì,No,No,Affidabile,Sì,Sì
1993,1990,Anni 1990,Non so più a chi credere,Biagio Antonacci,B. Antonacci,8º,8,4º-10º posto,Altra posizione,23 - 27 febbraio,Teatro Ariston,Pippo Baudo,42,Enrico Ruggeri,Biagio Antonacci,1993.0,"4,34",24.0,Medio-bassa (21-40),https://i.scdn.co/image/ab67616d0000b273d12e69623d221d31a7821e29,0,30,Sì,No,No,Affidabile,Sì,Sì
1993,1990,Anni 1990,"Notte bella, magnifica",Amedeo Minghi,A. Minghi,9º,9,4º-10º posto,Altra posizione,23 - 27 febbraio,Teatro Ariston,Pippo Baudo,42,Enrico Ruggeri,Amedeo Minghi,2013.0,"4,32",27.0,Medio-bassa (21-40),https://i.scdn.co/image/ab67616d0000b273d73a1f3439bab138413b694e,20,30,Sì,Sì,No,Affidabile,Sì,Sì
1993,1990,Anni 1990,Un anno di noi,Francesca Alotta,"G. Bigazzi, M. Falagiani e G. Dati",10º,10,4º-10º posto,Altra posizione,23 - 27 febbraio,Teatro Ariston,Pippo Baudo,42,Enrico Ruggeri,Lucio Battisti,1977.0,"5,03",27.0,Medio-bassa (21-40),https://i.scdn.co/image/ab67616d0000b273722f7fbb9ff1c32ace46811c,-16,30,Sì,Non valutabile,Non valutabile,Da escludere: rilascio precedente,No,No
1993,1990,Anni 1990,Sogno,Andrea Mingardi,A. Mingardi,11º,11,Oltre il 10º posto,Altra posizione,23 - 27 febbraio,Teatro Ariston,Pippo Baudo,42,Enrico Ruggeri,Franco Simone,2017.0,"4,23",36.0,Medio-bassa (21-40),https://i.scdn.co/image/ab67616d0000b273a6ea2cc8ff905cf243dc3089,24,30,Sì,Non valutabile,Non valutabile,Da verificare: artista differente,No,No
1993,1990,Anni 1990,L'Italia è bella,Roberto Murolo,C. Faiello,12º,12,Oltre il 10º posto,Altra posizione,23 - 27 febbraio,Teatro Ariston,Pippo Baudo,42,Enrico Ruggeri,Aban,2008.0,"4,02",25.0,Medio-bassa (21-40),https://i.scdn.co/image/ab67616d0000b2732c6b6354c4422cfd1e8cd55b,15,30,Sì,Non valutabile,Non valutabile,Da verificare: artista differente,No,No
1993,1990,Anni 1990,Qui gatta ci cova,Tullio De Piscopo,"M. Capuano, G. Capuano e T. De Piscopo",13º,13,Oltre il 10º posto,Altra posizione,23 - 27 febbraio,Teatro Ariston,Pippo Baudo,42,Enrico Ruggeri,Tullio De Piscopo,2015.0,"3,22",6.0,Bassa (0-20),https://i.scdn.co/image/ab67616d0000b27359ec55db2a31653a404a8224,22,30,Sì,Sì,Sì,Affidabile,Sì,Sì
1993,1990,Anni 1990,Stiamo come stiamo,Loredana Bertè e Mia Martini,M. Piccoli e L. Bertè,14º,14,Oltre il 10º posto,Altra posizione,23 - 27 febbraio,Teatro Ariston,Pippo Baudo,42,Enrico Ruggeri,Loredana Bertè,2016.0,"4,48",31.0,Medio-bassa (21-40),https://i.scdn.co/image/ab67616d0000b27357f134b1ed65abcd432e8e0e,23,30,Sì,Sì,Sì,Affidabile,Sì,Sì
1993,1990,Anni 1990,Una canzone d'amore,Nino Buonocore,M. De Vitis e N. Buonocore,15º,15,Oltre il 10º posto,Altra posizione,23 - 27 febbraio,Teatro Ariston,Pippo Baudo,42,Enrico Ruggeri,Vasco Rossi,2020.0,"4,52",54.0,Media (41-60),https://i.scdn.co/image/ab67616d0000b273f0a84abe2004f03136358316,27,30,Sì,Non valutabile,Non valutabile,Da verificare: artista differente,No,No
1993,1990,Anni 1990,Balla italiano,Jo Squillo,G. Coletti,NF,,Senza posizione numerica,Non finalista,23 - 27 febbraio,Teatro Ariston,Pippo Baudo,42,Enrico Ruggeri,Francesco Napoli,2008.0,"5,91",46.0,Media (41-60),https://i.scdn.co/image/ab67616d0000b27328c1e30cc46bd348a4e66ce9,15,30,Sì,Non valutabile,Non valutabile,Da verificare: artista differente,No,No
1993,1990,Anni 1990,Cambiamo musica,Ladri di Biciclette e Tony Esposito,"A. Esposito, E. Prandi, G. Verdelli e G. Di Franco",NF,,Senza posizione numerica,Non finalista,23 - 27 febbraio,Teatro Ariston,Pippo Baudo,42,Enrico Ruggeri,Tony Esposito,2006.0,"4,15",5.0,Bassa (0-20),https://i.scdn.co/image/ab67616d0000b2736dd793c2b8a9a2c8c0e2236a,13,30,Sì,No,No,Affidabile,Sì,Sì
1993,1990,Anni 1990,Come passa il tempo,"Maurizio Vandelli, Dik Dik e Camaleonti","G. Bigazzi, R. Del Turco e G. Dati",NF,,Senza posizione numerica,Non finalista,23 - 27 febbraio,Teatro Ariston,Pippo Baudo,42,Enrico Ruggeri,I Camaleonti,2009.0,"4,78",31.0,Medio-bassa (21-40),https://i.scdn.co/image/ab67616d0000b27311baa006dcf6fd2f5c592bbc,16,30,Sì,No,No,Affidabile,Sì,Sì
1993,1990,Anni 1990,Dammi 1 bacio,Francesco Salvi,"F. Salvi, M. Natale e R. Turatti",NF,,Senza posizione numerica,Non finalista,23 - 27 febbraio,Teatro Ariston,Pippo Baudo,42,Enrico Ruggeri,Nomadi,2023.0,"4,15",10.0,Bassa (0-20),https://i.scdn.co/image/ab67616d0000b2739f0a96e85f044a953d941029,30,30,Sì,Non valutabile,Non valutabile,Da verificare: artista differente,No,No
1993,1990,Anni 1990,L'alba,Peppino Gagliardi,S. Cirillo e P. Gagliardi,NF,,Senza posizione numerica,Non finalista,23 - 27 febbraio,Teatro Ariston,Pippo Baudo,42,Enrico Ruggeri,Salmo,2016.0,"2,95",52.0,Media (41-60),https://i.scdn.co/image/ab67616d0000b2739efeffdf7074481de1cccb39,23,30,Sì,Non valutabile,Non valutabile,Da verificare: artista differente,No,No
1993,1990,Anni 1990,La voce delle stelle,Peppino di Capri,"G. Faiella, M. Di Francia e F. Berlincioni",NF,,Senza posizione numerica,Non finalista,23 - 27 febbraio,Teatro Ariston,Pippo Baudo,42,Enrico Ruggeri,Alessia Munno,2015.0,"3,65",4.0,Bassa (0-20),https://i.scdn.co/image/ab67616d0000b273638baa801ea991b9805aadc1,22,30,Sì,Non valutabile,Non valutabile,Da verificare: artista differente,No,No
1993,1990,Anni 1990,Sulla strada del mare,Schola Cantorum,A. De Sanctis e A. Cheli,NF,,Senza posizione numerica,Non finalista,23 - 27 febbraio,Teatro Ariston,Pippo Baudo,42,Enrico Ruggeri,Schola Cantorum,1997.0,"3,82",26.0,Medio-bassa (21-40),https://i.scdn.co/image/ab67616d0000b273a1914f2757edb92e2f267ba2,4,30,Sì,No,No,Affidabile,Sì,Sì
1993,1990,Anni 1990,Tu tu tu tu,Alessandro Canino,"G. Bigazzi, P. Hollesch, A. Baldinotti e G. Dati",NF,,Senza posizione numerica,Non finalista,23 - 27 febbraio,Teatro Ariston,Pippo Baudo,42,Enrico Ruggeri,Swayam Padhi,2023.0,"4,75",34.0,Medio-bassa (21-40),https://i.scdn.co/image/ab67616d0000b273dc534c0da205a2c3c09cd778,30,30,Sì,Non valutabile,Non valutabile,Da verificare: artista differente,No,No
1993,1990,Anni 1990,Uomini addosso,Milva,C. F. Facchinetti e V. Negrini,NF,,Senza posizione numerica,Non finalista,23 - 27 febbraio,Teatro Ariston,Pippo Baudo,42,Enrico Ruggeri,Augusta,2011.0,"3,20",39.0,Medio-bassa (21-40),https://i.scdn.co/image/ab67616d0000b27386a3bd4c7c6e1b9dfaf33f3d,18,30,Sì,Non valutabile,Non valutabile,Da verificare: artista differente,No,No
1994,1990,Anni 1990,Passerà,Aleandro Baldi,"A. Civai, G. Bigazzi e M. Falagiani",1º,1,1º posto,Vincitore,23 - 26 febbraio,Teatro Ariston,Pippo Baudo,38,Aleandro Baldi,Nayt,2021.0,"2,77",48.0,Media (41-60),https://i.scdn.co/image/ab67616d0000b273748c53acf756d40368d3de38,27,29,Sì,Non valutabile,Non valutabile,Da verificare: artista differente,No,No
1994,1990,Anni 1990,Signor tenente,Giorgio Faletti,G. Faletti,2º,2,2º-3º posto,Podio,23 - 26 febbraio,Teatro Ariston,Pippo Baudo,38,Aleandro Baldi,Giorgio Faletti,1994.0,"3,29",38.0,Medio-bassa (21-40),https://i.scdn.co/image/ab67616d0000b273677d1f8b63549d712a9d44f4,0,29,Sì,No,No,Affidabile,Sì,Sì
1994,1990,Anni 1990,Strani amori,Laura Pausini,"A. Valsiglio, R. Buti, Cheope, M. Marati e F. Tanini",3º,3,2º-3º posto,Podio,23 - 26 febbraio,Teatro Ariston,Pippo Baudo,38,Aleandro Baldi,Laura Pausini,1994.0,"4,26",47.0,Media (41-60),https://i.scdn.co/image/ab67616d0000b273cc0019939e0a43a0b2d2c035,0,29,Sì,No,No,Affidabile,Sì,Sì
1994,1990,Anni 1990,Non è un film,Gerardina Trovato,"A. Anastasio, C. Valli e G. Trovato",4º,4,4º-10º posto,Altra posizione,23 - 26 febbraio,Teatro Ariston,Pippo Baudo,38,Aleandro Baldi,Articolo 31,2002.0,"4,19",45.0,Media (41-60),https://i.scdn.co/image/ab67616d0000b2736ef5912f5061838d8c20a50a,8,29,Sì,Non valutabile,Non valutabile,Da verificare: artista differente,No,No
1994,1990,Anni 1990,Cinque giorni,Michele Zarrillo,V. Incenzo e M. Zarrillo,5º,5,4º-10º posto,Altra posizione,23 - 26 febbraio,Teatro Ariston,Pippo Baudo,38,Aleandro Baldi,Michele Zarrillo,1994.0,"4,16",56.0,Media (41-60),https://i.scdn.co/image/ab67616d0000b273e2b0cddcc45c3f5e212d13dc,0,29,Sì,No,No,Affidabile,Sì,Sì
1994,1990,Anni 1990,I soliti accordi,Enzo Jannacci e Paolo Rossi,"E. Jannacci, P. Rossi e P. Jannacci",6º,6,4º-10º posto,Altra posizione,23 - 26 febbraio,Teatro Ariston,Pippo Baudo,38,Aleandro Baldi,Enzo Jannacci,2011.0,"4,65",30.0,Medio-bassa (21-40),https://i.scdn.co/image/ab67616d0000b27330243114ebff191de0444e0d,17,29,Sì,No,No,Affidabile,Sì,Sì
1994,1990,Anni 1990,Maledette malelingue,Ivan Graziani,I. Graziani,7º,7,4º-10º posto,Altra posizione,23 - 26 febbraio,Teatro Ariston,Pippo Baudo,38,Aleandro Baldi,Ivan Graziani,1989.0,"3,91",40.0,Medio-bassa (21-40),https://i.scdn.co/image/ab67616d0000b273ca5a3a3e64b2da769bbde469,-5,29,Sì,Non valutabile,Non valutabile,Da escludere: rilascio precedente,No,No
1994,1990,Anni 1990,Amare amare,Andrea Mingardi,A. Mingardi e M. Tirelli,8º,8,4º-10º posto,Altra posizione,23 - 26 febbraio,Teatro Ariston,Pippo Baudo,38,Aleandro Baldi,Gigi Finizio,2005.0,"3,90",56.0,Media (41-60),https://i.scdn.co/image/ab67616d0000b273e92e30d48ec550a5652acbe7,11,29,Sì,Non valutabile,Non valutabile,Da verificare: artista differente,No,No
1994,1990,Anni 1990,Esser duri,Marco Armani,M. Armenise e L. Carboni,9º,9,4º-10º posto,Altra posizione,23 - 26 febbraio,Teatro Ariston,Pippo Baudo,38,Aleandro Baldi,Marco Armani,1994.0,"4,68",2.0,Bassa (0-20),https://i.scdn.co/image/ab67616d0000b2730e1858ac1e2d2de4e3fb455f,0,29,Sì,No,No,Affidabile,Sì,Sì
1994,1990,Anni 1990,Di notte specialmente,Donatella Rettore,"Cheope, D. Rettore e C. Rego",10º,10,4º-10º posto,Altra posizione,23 - 26 febbraio,Teatro Ariston,Pippo Baudo,38,Aleandro Baldi,Donatella Rettore,1994.0,"4,60",37.0,Medio-bassa (21-40),https://i.scdn.co/image/ab67616d0000b273b781ff59224f647a46fde9a7,0,29,Sì,No,No,Affidabile,Sì,Sì
1994,1990,Anni 1990,Terra mia,Mariella Nava,M. G. Nava,11º,11,Oltre il 10º posto,Altra posizione,23 - 26 febbraio,Teatro Ariston,Pippo Baudo,38,Aleandro Baldi,Fabrizio Cesare,2021.0,"2,65",8.0,Bassa (0-20),https://i.scdn.co/image/ab67616d0000b273e1f35ffc1069b9a20e0dfc9e,27,29,Sì,Non valutabile,Non valutabile,Da verificare: artista differente,No,No
1994,1990,Anni 1990,La casa dell'imperatore,Formula 3,T. Cicco e M. Castelnuovo,12º,12,Oltre il 10º posto,Altra posizione,23 - 26 febbraio,Teatro Ariston,Pippo Baudo,38,Aleandro Baldi,Formula 3,1996.0,"4,09",6.0,Bassa (0-20),https://i.scdn.co/image/ab67616d0000b273f79d5e3bbdcdf798deb5190d,2,29,Sì,No,No,Affidabile,Sì,Sì
1994,1990,Anni 1990,Amici non ne ho,Loredana Bertè,L. Bertè e P. Leon,13º,13,Oltre il 10º posto,Altra posizione,23 - 26 febbraio,Teatro Ariston,Pippo Baudo,38,Aleandro Baldi,Loredana Bertè,2016.0,"4,01",33.0,Medio-bassa (21-40),https://i.scdn.co/image/ab67616d0000b27357f134b1ed65abcd432e8e0e,22,29,Sì,Sì,Sì,Affidabile,Sì,Sì
1994,1990,Anni 1990,Crescerai,Alessandro Canino,"B. Zucchetti, G. Dati e S. Busà",14º,14,Oltre il 10º posto,Altra posizione,23 - 26 febbraio,Teatro Ariston,Pippo Baudo,38,Aleandro Baldi,Nomadi,1992.0,"3,57",30.0,Medio-bassa (21-40),https://i.scdn.co/image/ab67616d0000b273218645d74c580fc57fb89a7d,-2,29,Sì,Non valutabile,Non valutabile,Da escludere: rilascio precedente,No,No
1994,1990,Anni 1990,Statento,Francesco Salvi,F. Salvi e V. Cosma,15º,15,Oltre il 10º posto,Altra posizione,23 - 26 febbraio,Teatro Ariston,Pippo Baudo,38,Aleandro Baldi,AP rackchaser,2023.0,"3,65",27.0,Medio-bassa (21-40),https://i.scdn.co/image/ab67616d0000b27358c3adcbb867df924a4ad894,29,29,Sì,Non valutabile,Non valutabile,Da verificare: artista differente,No,No
1994,1990,Anni 1990,Oppure no,Alessandro Bono,A. Pizzamiglio,16º,16,Oltre il 10º posto,Altra posizione,23 - 26 febbraio,Teatro Ariston,Pippo Baudo,38,Aleandro Baldi,Patrizia Laquidara,2007.0,"2,95",6.0,Bassa (0-20),https://i.scdn.co/image/ab67616d0000b273e11357fed4edc3532fe42165,13,29,Sì,Non valutabile,Non valutabile,Da verificare: artista differente,No,No
1994,1990,Anni 1990,Se mi ami...,Claudia Mori,T. Cutugno,17º,17,Oltre il 10º posto,Altra posizione,23 - 26 febbraio,Teatro Ariston,Pippo Baudo,38,Aleandro Baldi,MINACELENTANO,2016.0,"3,71",35.0,Medio-bassa (21-40),https://i.scdn.co/image/ab67616d0000b273b152c0a3b15535bd07b8789e,22,29,Sì,Non valutabile,Non valutabile,Da verificare: artista differente,No,No
1994,1990,Anni 1990,L'ascensore,Carlo Marrale,"C. Marrale, P. Rodenbucher e Cheope",18º,18,Oltre il 10º posto,Altra posizione,23 - 26 febbraio,Teatro Ariston,Pippo Baudo,38,Aleandro Baldi,Adriano Celentano,1986.0,"2,63",34.0,Medio-bassa (21-40),https://i.scdn.co/image/ab67616d0000b27381a393459de93373aacb1b06,-8,29,Sì,Non valutabile,Non valutabile,Da escludere: rilascio precedente,No,No
1994,1990,Anni 1990,Una vecchia canzone italiana,Squadra Italia,S. Jurgens e M. Marrocchi,19º,19,Oltre il 10º posto,Altra posizione,23 - 26 febbraio,Teatro Ariston,Pippo Baudo,38,Aleandro Baldi,Squadra Italia,2015.0,"4,00",24.0,Medio-bassa (21-40),https://i.scdn.co/image/ab67616d0000b2738850fed4fc72792be5dd7cf3,21,29,Sì,Sì,Sì,Affidabile,Sì,Sì
1994,1990,Anni 1990,Napoli,Franco Califano,"F. Califano, A. Laurenti e A. Gaudino",20º,20,Oltre il 10º posto,Altra posizione,23 - 26 febbraio,Teatro Ariston,Pippo Baudo,38,Aleandro Baldi,Nino D'Angelo,2023.0,"3,26",27.0,Medio-bassa (21-40),https://i.scdn.co/image/ab67616d0000b2736ba3af0fb99a0d736536d899,29,29,Sì,Non valutabile,Non valutabile,Da verificare: artista differente,No,No
1995,1990,Anni 1990,Come saprei,Giorgia,"G. Todrani, E. Ramazzotti, V. Tosetto e A. Cogliati",1º,1,1º posto,Vincitore,21 - 25 febbraio,Teatro Ariston,Pippo Baudo,39,Giorgia (cantante 1971),,,,,Dati non disponibili,,,28,Sì,Non valutabile,Non valutabile,Senza dati Spotify,No,No
1995,1990,Anni 1990,In amore,Gianni Morandi e Barbara Cola,Duchesca e B. Zambrini,2º,2,2º-3º posto,Podio,21 - 25 febbraio,Teatro Ariston,Pippo Baudo,39,Giorgia (cantante 1971),Richard Clayderman,2017.0,"4,06",10.0,Bassa (0-20),https://i.scdn.co/image/ab67616d0000b273e3c92c5c576370fe4329e77e,22,28,Sì,Non valutabile,Non valutabile,Da verificare: artista differente,No,No
1995,1990,Anni 1990,Gente come noi,Ivana Spagna,"I. Spagna, G. Spagna, F. Zanotti, A. Valsiglio e M. Marati",3º,3,2º-3º posto,Podio,21 - 25 febbraio,Teatro Ariston,Pippo Baudo,39,Giorgia (cantante 1971),Ivana Spagna,2007.0,"4,13",41.0,Media (41-60),https://i.scdn.co/image/ab67616d0000b273235e530c3ef86a9de9c5cde7,12,28,Sì,No,No,Affidabile,Sì,Sì
1995,1990,Anni 1990,Con te partirò,Andrea Bocelli,L. Quarantotto e F. Sartori,4º,4,4º-10º posto,Altra posizione,21 - 25 febbraio,Teatro Ariston,Pippo Baudo,39,Giorgia (cantante 1971),Andrea Bocelli,1995.0,"4,18",50.0,Media (41-60),https://i.scdn.co/image/ab67616d0000b27331c411687c7c027c95fc34f0,0,28,Sì,No,No,Affidabile,Sì,Sì
1995,1990,Anni 1990,Finalmente tu,Fiorello,M. Pezzali e M. Repetto,5º,5,4º-10º posto,Altra posizione,21 - 25 febbraio,Teatro Ariston,Pippo Baudo,39,Giorgia (cantante 1971),883,1998.0,"2,79",54.0,Media (41-60),https://i.scdn.co/image/ab67616d0000b27357cf963e23461d4a3d16c9ec,3,28,Sì,Non valutabile,Non valutabile,Da verificare: artista differente,No,No
1995,1990,Anni 1990,Bisogno d'amore,Danilo Amerio,D. Amerio,6º,6,4º-10º posto,Altra posizione,21 - 25 febbraio,Teatro Ariston,Pippo Baudo,39,Giorgia (cantante 1971),Sud Sound System,2010.0,"3,78",33.0,Medio-bassa (21-40),https://i.scdn.co/image/ab67616d0000b273e53f9f038dc2aebdaac21e85,15,28,Sì,Non valutabile,Non valutabile,Da verificare: artista differente,No,No
1995,1990,Anni 1990,Rivoglio la mia vita,Lighea,"M. Pecora, Zenonazza e T. Montelpare",7º,7,4º-10º posto,Altra posizione,21 - 25 febbraio,Teatro Ariston,Pippo Baudo,39,Giorgia (cantante 1971),Lighea,2012.0,"3,21",23.0,Medio-bassa (21-40),https://i.scdn.co/image/ab67616d0000b273d5051e15f93913e146357259,17,28,Sì,No,No,Affidabile,Sì,Sì
1995,1990,Anni 1990,Senza averti qui,883,"M. Pezzali, P. P. Peroni e M. Guarniero",8º,8,4º-10º posto,Altra posizione,21 - 25 febbraio,Teatro Ariston,Pippo Baudo,39,Giorgia (cantante 1971),883,1995.0,"3,80",45.0,Media (41-60),https://i.scdn.co/image/ab67616d0000b273614dc9aef84fd4a89932f1c6,0,28,Sì,No,No,Affidabile,Sì,Sì
1995,1990,Anni 1990,Più di così,Antonella Arancio,"F. Carraresi, F. Migliacci, L. Bechelli e M. Goldsand",9º,9,4º-10º posto,Altra posizione,21 - 25 febbraio,Teatro Ariston,Pippo Baudo,39,Giorgia (cantante 1971),Gemitaiz,2020.0,"3,76",40.0,Medio-bassa (21-40),https://i.scdn.co/image/ab67616d0000b273b736b9be2870fc3492954b40,25,28,Sì,Non valutabile,Non valutabile,Da verificare: artista differente,No,No
1995,1990,Anni 1990,Un altro amore no,Lorella Cuccarini,"V. Incenzo, D. Pinelli e S. Testi",10º,10,4º-10º posto,Altra posizione,21 - 25 febbraio,Teatro Ariston,Pippo Baudo,39,Giorgia (cantante 1971),Lorella Cuccarini,1995.0,"4,16",28.0,Medio-bassa (21-40),https://i.scdn.co/image/ab67616d0000b27365f53cbb0732b9030349b22f,0,28,Sì,No,No,Affidabile,Sì,Sì
1995,1990,Anni 1990,Dove vai...,Mango,"A. Mango, S. Grandi e G. Mango",11º,11,Oltre il 10º posto,Altra posizione,21 - 25 febbraio,Teatro Ariston,Pippo Baudo,39,Giorgia (cantante 1971),chiello,2022.0,"2,94",36.0,Medio-bassa (21-40),https://i.scdn.co/image/ab67616d0000b27306b1a72ff4e567cbd0e2ab31,27,28,Sì,Non valutabile,Non valutabile,Da verificare: artista differente,No,No
1995,1990,Anni 1990,L'assurdo mestiere,Giorgio Faletti,G. Faletti,12º,12,Oltre il 10º posto,Altra posizione,21 - 25 febbraio,Teatro Ariston,Pippo Baudo,39,Giorgia (cantante 1971),Giorgio Faletti,2012.0,"3,71",14.0,Bassa (0-20),https://i.scdn.co/image/ab67616d0000b2736da25dba02248f787a5451af,17,28,Sì,No,No,Affidabile,Sì,Sì
1995,1990,Anni 1990,Ma che ne sai... (...se non hai fatto il piano-bar),Trio Melody,C. Mattone,13º,13,Oltre il 10º posto,Altra posizione,21 - 25 febbraio,Teatro Ariston,Pippo Baudo,39,Giorgia (cantante 1971),Gigi Proietti,2009.0,"3,23",33.0,Medio-bassa (21-40),https://i.scdn.co/image/ab67616d0000b2730b335cfc2520b0a43bfe95e0,14,28,Sì,Non valutabile,Non valutabile,Da verificare: artista differente,No,No
1995,1990,Anni 1990,Giovane vecchio cuore,Gigliola Cinquetti,G. Faletti,14º,14,Oltre il 10º posto,Altra posizione,21 - 25 febbraio,Teatro Ariston,Pippo Baudo,39,Giorgia (cantante 1971),Gigliola Cinquetti,1995.0,"3,70",7.0,Bassa (0-20),https://i.scdn.co/image/ab67616d0000b273b6a1d962105562bf848ad819,0,28,Sì,No,No,Affidabile,Sì,Sì
1995,1990,Anni 1990,La vestaglia,Massimo Ranieri,M. Marrocchi e G. Artegiani,15º,15,Oltre il 10º posto,Altra posizione,21 - 25 febbraio,Teatro Ariston,Pippo Baudo,39,Giorgia (cantante 1971),Massimo Ranieri,2000.0,"4,58",25.0,Medio-bassa (21-40),https://i.scdn.co/image/ab67616d0000b273ea1d0bff3edc18d23c51608c,5,28,Sì,No,No,Affidabile,Sì,Sì
1995,1990,Anni 1990,Voglio una donna,Drupi,"T. Cutugno, C. Farina e A. Sanarico",16º,16,Oltre il 10º posto,Altra posizione,21 - 25 febbraio,Teatro Ariston,Pippo Baudo,39,Giorgia (cantante 1971),Roberto Vecchioni,1992.0,"4,22",39.0,Medio-bassa (21-40),https://i.scdn.co/image/ab67616d0000b273bf9fd6a0f3943ae68fde3cca,-3,28,Sì,Non valutabile,Non valutabile,Da escludere: rilascio precedente,No,No
1995,1990,Anni 1990,Voglio andare a vivere in campagna,Toto Cutugno,T. Cutugno,17º,17,Oltre il 10º posto,Altra posizione,21 - 25 febbraio,Teatro Ariston,Pippo Baudo,39,Giorgia (cantante 1971),Frankie Cimino,2019.0,"4,56",38.0,Medio-bassa (21-40),https://i.scdn.co/image/ab67616d0000b2731ab67560e04917971daada3d,24,28,Sì,Non valutabile,Non valutabile,Da verificare: artista differente,No,No
1995,1990,Anni 1990,Troppo sole,Sabina Guzzanti e La Riserva Indiana,D. Riondino,18º,18,Oltre il 10º posto,Altra posizione,21 - 25 febbraio,Teatro Ariston,Pippo Baudo,39,Giorgia (cantante 1971),Sofia Sole,2023.0,"2,89",28.0,Medio-bassa (21-40),https://i.scdn.co/image/ab67616d0000b273074aca9aeec3d9d42c7ae5e8,28,28,Sì,Non valutabile,Non valutabile,Da verificare: artista differente,No,No
1995,1990,Anni 1990,ANGELI & angeli,Loredana Bertè,L. Bertè e P. Leon,19º,19,Oltre il 10º posto,Altra posizione,21 - 25 febbraio,Teatro Ariston,Pippo Baudo,39,Giorgia (cantante 1971),Elisa,2022.0,"3,56",45.0,Media (41-60),https://i.scdn.co/image/ab67616d0000b273a043d83836d044f101d7cfb1,27,28,Sì,Non valutabile,Non valutabile,Da verificare: artista differente,No,No
1995,1990,Anni 1990,I giorni dell'armonia,Patty Pravo,M. Monti e G. Ullu,20º,20,Oltre il 10º posto,Altra posizione,21 - 25 febbraio,Teatro Ariston,Pippo Baudo,39,Giorgia (cantante 1971),Patty Pravo,2013.0,"5,25",6.0,Bassa (0-20),https://i.scdn.co/image/ab67616d0000b27320d85671245a195cd17b4637,18,28,Sì,No,No,Affidabile,Sì,Sì
1995,1990,Anni 1990,Amore e guerra,Francesca Schiavo,S. Cammariere e R. Kunstler,NF,,Senza posizione numerica,Non finalista,21 - 25 febbraio,Teatro Ariston,Pippo Baudo,39,Giorgia (cantante 1971),Cave,2022.0,"3,36",22.0,Medio-bassa (21-40),https://i.scdn.co/image/ab67616d0000b273c694ab5e90e6d4a69d6c737a,27,28,Sì,Non valutabile,Non valutabile,Da verificare: artista differente,No,No
1995,1990,Anni 1990,È con te,Valeria Visconti,C. Marrale,NF,,Senza posizione numerica,Non finalista,21 - 25 febbraio,Teatro Ariston,Pippo Baudo,39,Giorgia (cantante 1971),Nek,2010.0,"3,24",22.0,Medio-bassa (21-40),https://i.scdn.co/image/ab67616d0000b273233582badfe6e0e685c38328,15,28,Sì,Non valutabile,Non valutabile,Da verificare: artista differente,No,No
1995,1990,Anni 1990,Padre e padrone,Giò Di Tonno,G. Di Tonno e A. Di Zio,NF,,Senza posizione numerica,Non finalista,21 - 25 febbraio,Teatro Ariston,Pippo Baudo,39,Giorgia (cantante 1971),Giò Di Tonno,1995.0,"4,39",6.0,Bassa (0-20),https://i.scdn.co/image/ab67616d0000b2737d2d617a1fc1b5c2ae569162,0,28,Sì,No,No,Affidabile,Sì,Sì
1996,1990,Anni 1990,Vorrei incontrarti fra cent'anni,Ron (con Tosca non accreditata),R. Cellamare,1º,1,1º posto,Vincitore,20 - 24 febbraio,Teatro Ariston,Pippo Baudo,37,Ron,,,,,Dati non disponibili,,,27,Sì,Non valutabile,Non valutabile,Senza dati Spotify,No,No
1996,1990,Anni 1990,La terra dei cachi,Elio e le Storie Tese,"D. Civaschi, S. Belisari, S. Conforti e N. Fasani",2º,2,2º-3º posto,Podio,20 - 24 febbraio,Teatro Ariston,Pippo Baudo,37,Ron,Elio e le Storie Tese,1997.0,"4,69",44.0,Media (41-60),https://i.scdn.co/image/ab67616d0000b273629828b3c5e3f162fc39226d,1,27,Sì,No,No,Affidabile,Sì,Sì
1996,1990,Anni 1990,Strano il mio destino,Giorgia,G. Todrani e M. Fabrizio,3º,3,2º-3º posto,Podio,20 - 24 febbraio,Teatro Ariston,Pippo Baudo,37,Ron,Giorgia,2002.0,"4,26",36.0,Medio-bassa (21-40),https://i.scdn.co/image/ab67616d0000b2735d0e4bd00856dadab63bac2a,6,27,Sì,No,No,Affidabile,Sì,Sì
1996,1990,Anni 1990,E io penso a te,Ivana Spagna,I. Spagna e G. Spagna,4º,4,4º-10º posto,Altra posizione,20 - 24 febbraio,Teatro Ariston,Pippo Baudo,37,Ron,Ivana Spagna,1996.0,"4,05",30.0,Medio-bassa (21-40),https://i.scdn.co/image/ab67616d0000b2736458329bd54b8e0745c01bf9,0,27,Sì,No,No,Affidabile,Sì,Sì
1996,1990,Anni 1990,Mai più sola,Neri per Caso,C. Mattone,5º,5,4º-10º posto,Altra posizione,20 - 24 febbraio,Teatro Ariston,Pippo Baudo,37,Ron,Neri Per Caso,2009.0,"3,88",32.0,Medio-bassa (21-40),https://i.scdn.co/image/ab67616d0000b2734630ec722b632f95490a7542,13,27,Sì,No,No,Affidabile,Sì,Sì
1996,1990,Anni 1990,Se adesso te ne vai,Massimo Di Cataldo,M. Di Cataldo e B. Laurenti,6º,6,4º-10º posto,Altra posizione,20 - 24 febbraio,Teatro Ariston,Pippo Baudo,37,Ron,Massimo Di Cataldo,2001.0,"4,07",45.0,Media (41-60),https://i.scdn.co/image/ab67616d0000b27342627fd01c64ceb7517eca63,5,27,Sì,No,No,Affidabile,Sì,Sì
1996,1990,Anni 1990,È la mia vita,Al Bano,P. Marino e M. Fabrizio,7º,7,4º-10º posto,Altra posizione,20 - 24 febbraio,Teatro Ariston,Pippo Baudo,37,Ron,Ligabue,2002.0,"4,03",56.0,Media (41-60),https://i.scdn.co/image/ab67616d0000b273477e3b12ed9c380d3b77b6e1,6,27,Sì,Non valutabile,Non valutabile,Da verificare: artista differente,No,No
1996,1990,Anni 1990,Soli al bar,Aleandro Baldi e Marco Guerzoni,"F. Palmieri, G. Bigazzi e A. Civai",8º,8,4º-10º posto,Altra posizione,20 - 24 febbraio,Teatro Ariston,Pippo Baudo,37,Ron,George Frideric Handel,2024.0,"2,86",7.0,Bassa (0-20),https://i.scdn.co/image/ab67616d0000b27362a0ceba97ddac89c26f2dc6,28,27,Sì,Non valutabile,Non valutabile,Da verificare: artista differente,No,No
1996,1990,Anni 1990,Cantare è d'amore,Amedeo Minghi,A. Minghi e P. Panella,9º,9,4º-10º posto,Altra posizione,20 - 24 febbraio,Teatro Ariston,Pippo Baudo,37,Ron,Amedeo Minghi,2013.0,"4,60",50.0,Media (41-60),https://i.scdn.co/image/ab67616d0000b273f680324b34898e6dcd8ae0c5,17,27,Sì,No,No,Affidabile,Sì,Sì
1996,1990,Anni 1990,Volo così,Paola Turci,P. Turci e R. Casini,10º,10,4º-10º posto,Altra posizione,20 - 24 febbraio,Teatro Ariston,Pippo Baudo,37,Ron,Paola Turci,2003.0,"4,05",17.0,Bassa (0-20),https://i.scdn.co/image/ab67616d0000b273b91869061bf8512292a08c72,7,27,Sì,No,No,Affidabile,Sì,Sì
1996,1990,Anni 1990,L'elefante e la farfalla,Michele Zarrillo,V. Incenzo e M. Zarrillo,11º,11,Oltre il 10º posto,Altra posizione,20 - 24 febbraio,Teatro Ariston,Pippo Baudo,37,Ron,Michele Zarrillo,1996.0,"4,22",46.0,Media (41-60),https://i.scdn.co/image/ab67616d0000b273a8f636b4c46691932261a95f,0,27,Sì,No,No,Affidabile,Sì,Sì
1996,1990,Anni 1990,Il ragazzo con la chitarra,Luca Barbarossa,L. Barbarossa,12º,12,Oltre il 10º posto,Altra posizione,20 - 24 febbraio,Teatro Ariston,Pippo Baudo,37,Ron,Luca Barbarossa,1997.0,"4,25",2.0,Bassa (0-20),https://i.scdn.co/image/ab67616d0000b273e1f28568d950c1eddbcab527,1,27,Sì,No,No,Affidabile,Sì,Sì
1996,1990,Anni 1990,Sulla porta,Federico Salvatore,"F. Salvatore, G. Bigazzi e G. Dati",13º,13,Oltre il 10º posto,Altra posizione,20 - 24 febbraio,Teatro Ariston,Pippo Baudo,37,Ron,4Tu,2020.0,"0,88",16.0,Bassa (0-20),https://i.scdn.co/image/ab67616d0000b273dff2f08133e48ec2f987f7d0,24,27,Sì,Non valutabile,Non valutabile,Da verificare: artista differente,No,No
1996,1990,Anni 1990,Una vita migliore,Rossella Marcone,"P. Cremonesi, F. Cavalli e A. Valsiglio",14º,14,Oltre il 10º posto,Altra posizione,20 - 24 febbraio,Teatro Ariston,Pippo Baudo,37,Ron,Metal Carter,2016.0,"3,28",6.0,Bassa (0-20),https://i.scdn.co/image/ab67616d0000b27320c04d0db7762644e870db53,20,27,Sì,Non valutabile,Non valutabile,Da verificare: artista differente,No,No
1996,1990,Anni 1990,L'amore è un attimo,Enrico Ruggeri,L. Schiavone e E. Ruggeri,15º,15,Oltre il 10º posto,Altra posizione,20 - 24 febbraio,Teatro Ariston,Pippo Baudo,37,Ron,Massimo Ranieri,2016.0,"3,57",23.0,Medio-bassa (21-40),https://i.scdn.co/image/ab67616d0000b273d1f4e68ae9bafd9338645c3b,20,27,Sì,Non valutabile,Non valutabile,Da verificare: artista differente,No,No
1996,1990,Anni 1990,Sarò,Raffaella Cavalli,"Depsa, F. Zanotti e A. Valsiglio",16º,16,Oltre il 10º posto,Altra posizione,20 - 24 febbraio,Teatro Ariston,Pippo Baudo,37,Ron,Modà,2008.0,"3,99",42.0,Media (41-60),https://i.scdn.co/image/ab67616d0000b27385aef9384f5e43d8f14e9d53,12,27,Sì,Non valutabile,Non valutabile,Da verificare: artista differente,No,No
1996,1990,Anni 1990,Solo lei,Gigi Finizio,L. Finizio e A. Annona,17º,17,Oltre il 10º posto,Altra posizione,20 - 24 febbraio,Teatro Ariston,Pippo Baudo,37,Ron,Gigi Finizio,2017.0,"3,66",14.0,Bassa (0-20),https://i.scdn.co/image/ab67616d0000b273919183b666461b7f5abb1abe,21,27,Sì,Sì,Sì,Affidabile,Sì,Sì
1996,1990,Anni 1990,Non andare via,Paolo Vallesi,G. Dati e P. Vallesi,18º,18,Oltre il 10º posto,Altra posizione,20 - 24 febbraio,Teatro Ariston,Pippo Baudo,37,Ron,Sam e il Meteorino,2023.0,"3,93",33.0,Medio-bassa (21-40),https://i.scdn.co/image/ab67616d0000b27395b061fd2f19ec0e6e31d5b0,27,27,Sì,Non valutabile,Non valutabile,Da verificare: artista differente,No,No
1996,1990,Anni 1990,Romanzo,Riccardo Fogli,G. Morra e M. Fabrizio,19º,19,Oltre il 10º posto,Altra posizione,20 - 24 febbraio,Teatro Ariston,Pippo Baudo,37,Ron,Emis Killa,2010.0,"3,78",31.0,Medio-bassa (21-40),https://i.scdn.co/image/ab67616d0000b2731d43e2da550d29b91da6fb35,14,27,Sì,Non valutabile,Non valutabile,Da verificare: artista differente,No,No
1996,1990,Anni 1990,Letti,Umberto Bindi e New Trolls,U. Bindi e R. Fiacchini,20º,20,Oltre il 10º posto,Altra posizione,20 - 24 febbraio,Teatro Ariston,Pippo Baudo,37,Ron,Maurizio Filardo,2017.0,"3,74",1.0,Bassa (0-20),https://i.scdn.co/image/ab67616d0000b2730bc896cc83cc5e9dc0ce4f6a,21,27,Sì,Non valutabile,Non valutabile,Da verificare: artista differente,No,No
1996,1990,Anni 1990,Ama,Dhamm,"D. Benedetti, A. Ventura, M. Munzi e M. Conti",NF,,Senza posizione numerica,Non finalista,20 - 24 febbraio,Teatro Ariston,Pippo Baudo,37,Ron,Gianna Nannini,2015.0,"3,40",53.0,Media (41-60),https://i.scdn.co/image/ab67616d0000b2739c8d277ce9bfe5f7dc8c0d06,19,27,Sì,Non valutabile,Non valutabile,Da verificare: artista differente,No,No
1996,1990,Anni 1990,Non è amore,Mara,D. Poggiolini e F. Puccioni,NF,,Senza posizione numerica,Non finalista,20 - 24 febbraio,Teatro Ariston,Pippo Baudo,37,Ron,Mango,2002.0,"4,02",29.0,Medio-bassa (21-40),https://i.scdn.co/image/ab67616d0000b2732fc3c295e943be19ca0227f4,6,27,Sì,Non valutabile,Non valutabile,Da verificare: artista differente,No,No
1996,1990,Anni 1990,Non scherzare dai,Fedele Boccassini,"L. Angelosanti, F. Zanotti, M. Remigi, F. Boccassini e F. Morettini",NF,,Senza posizione numerica,Non finalista,20 - 24 febbraio,Teatro Ariston,Pippo Baudo,37,Ron,NASKA,2022.0,"3,00",55.0,Media (41-60),https://i.scdn.co/image/ab67616d0000b273c27ac1e29658691a1429f86a,26,27,Sì,Non valutabile,Non valutabile,Da verificare: artista differente,No,No
1997,1990,Anni 1990,Fiumi di parole,Jalisse,"C. Di Domenico, A. Drusian e F. Ricci",1º,1,1º posto,Vincitore,18 - 22 febbraio,Teatro Ariston,Mike Bongiorno,41,Jalisse,,,,,Dati non disponibili,,,26,Sì,Non valutabile,Non valutabile,Senza dati Spotify,No,No
1997,1990,Anni 1990,Storie,Anna Oxa,"Depsa, M. Marati, S. Monetti, A. Valsiglio e F. Zanotti",2º,2,2º-3º posto,Podio,18 - 22 febbraio,Teatro Ariston,Mike Bongiorno,41,Jalisse,Jesto,2018.0,"3,51",48.0,Media (41-60),https://i.scdn.co/image/ab67616d0000b2738e69e3316e04c79fc6f240af,21,26,Sì,Non valutabile,Non valutabile,Da verificare: artista differente,No,No
1997,1990,Anni 1990,Sei tu,Syria,C. Mattone e A. Salerno,3º,3,2º-3º posto,Podio,18 - 22 febbraio,Teatro Ariston,Mike Bongiorno,41,Jalisse,Andrew Underberg,2024.0,"1,00",61.0,Alta (61-100),https://i.scdn.co/image/ab67616d0000b273058d85d25752a6701564ba06,27,26,Sì,Non valutabile,Non valutabile,Da verificare: artista differente,No,No
1997,1990,Anni 1990,A casa di Luca,Silvia Salemi,G. Artegiani,4º,4,4º-10º posto,Altra posizione,18 - 22 febbraio,Teatro Ariston,Mike Bongiorno,41,Jalisse,Silvia Salemi,2015.0,"3,98",45.0,Media (41-60),https://i.scdn.co/image/ab67616d0000b2737cae15218aeb6444d5a215e9,18,26,Sì,No,Sì,Affidabile,Sì,Sì
1997,1990,Anni 1990,Non ami che te,Fausto Leali,R. Pacco,5º,5,4º-10º posto,Altra posizione,18 - 22 febbraio,Teatro Ariston,Mike Bongiorno,41,Jalisse,Fausto Leali,2010.0,"2,38",11.0,Bassa (0-20),https://i.scdn.co/image/ab67616d0000b273f9688ae398f60e94362f1519,13,26,Sì,No,No,Affidabile,Sì,Sì
1997,1990,Anni 1990,Padre Nostro,O.R.O.,E. Ruggeri e M. Manzani,6º,6,4º-10º posto,Altra posizione,18 - 22 febbraio,Teatro Ariston,Mike Bongiorno,41,Jalisse,Artie 5ive,2023.0,"2,64",52.0,Media (41-60),https://i.scdn.co/image/ab67616d0000b273c920263f076402b429b32606,26,26,Sì,Non valutabile,Non valutabile,Da verificare: artista differente,No,No
1997,1990,Anni 1990,Laura non c'è,Nek,"A. De Sanctis, F. Neviani e M. Varini",7º,7,4º-10º posto,Altra posizione,18 - 22 febbraio,Teatro Ariston,Mike Bongiorno,41,Jalisse,Nek,1997.0,"3,77",61.0,Alta (61-100),https://i.scdn.co/image/ab67616d0000b273266c992c271ffc86c83e39a1,0,26,Sì,No,No,Affidabile,Sì,Sì
1997,1990,Anni 1990,...e dimmi che non vuoi morire,Patty Pravo,"V. Rossi, G. Curreri e R. Ferri",8º,8,4º-10º posto,Altra posizione,18 - 22 febbraio,Teatro Ariston,Mike Bongiorno,41,Jalisse,Patty Pravo,2001.0,"4,49",49.0,Media (41-60),https://i.scdn.co/image/ab67616d0000b27369cceb22f12d5d2c56b589c1,4,26,Sì,No,No,Affidabile,Sì,Sì
1997,1990,Anni 1990,Ti parlerò d'amore,Massimo Ranieri,G. Togni e G. Morra,9º,9,4º-10º posto,Altra posizione,18 - 22 febbraio,Teatro Ariston,Mike Bongiorno,41,Jalisse,Massimo Ranieri,1997.0,"3,85",26.0,Medio-bassa (21-40),https://i.scdn.co/image/ab67616d0000b2737274a260a36f1091fb1cabc1,0,26,Sì,No,No,Affidabile,Sì,Sì
1997,1990,Anni 1990,Nel respiro più grande,Tosca,S. Tamaro e R. Cellamare,10º,10,4º-10º posto,Altra posizione,18 - 22 febbraio,Teatro Ariston,Mike Bongiorno,41,Jalisse,Tosca,1997.0,"4,03",7.0,Bassa (0-20),https://i.scdn.co/image/ab67616d0000b273740eadc5af995c7d21721a81,0,26,Sì,No,No,Affidabile,Sì,Sì
1997,1990,Anni 1990,Senza tù,Francesco Baccini,G. Conte e F. Baccini,11º,11,Oltre il 10º posto,Altra posizione,18 - 22 febbraio,Teatro Ariston,Mike Bongiorno,41,Jalisse,Francesco Baccini,2024.0,"4,48",0.0,Bassa (0-20),https://i.scdn.co/image/ab67616d0000b27309f2a0774cc2ffbd1860f9eb,27,26,Sì,Sì,Sì,Affidabile,Sì,Sì
1997,1990,Anni 1990,È andata così,Dirotta su Cuba,"Cheope, S. De Donato, P. D'Emilio, R. Gentili, S. Bencini e A. Ravasini",12º,12,Oltre il 10º posto,Altra posizione,18 - 22 febbraio,Teatro Ariston,Mike Bongiorno,41,Jalisse,Aiden,2020.0,"3,88",39.0,Medio-bassa (21-40),https://i.scdn.co/image/ab67616d0000b2737aaf5e07369bfce669016317,23,26,Sì,Non valutabile,Non valutabile,Da verificare: artista differente,No,No
1997,1990,Anni 1990,Dentro me,Marina Rei,M. Rei e F. Minoia,13º,13,Oltre il 10º posto,Altra posizione,18 - 22 febbraio,Teatro Ariston,Mike Bongiorno,41,Jalisse,J-AX,2011.0,"4,10",25.0,Medio-bassa (21-40),https://i.scdn.co/image/ab67616d0000b273a4431158a1bcc465474c3df8,14,26,Sì,Non valutabile,Non valutabile,Da verificare: artista differente,No,No
1997,1990,Anni 1990,Verso il sole,Al Bano,V. Cidda e A. Carrisi,14º,14,Oltre il 10º posto,Altra posizione,18 - 22 febbraio,Teatro Ariston,Mike Bongiorno,41,Jalisse,The Dining Rooms,2001.0,"5,48",26.0,Medio-bassa (21-40),https://i.scdn.co/image/ab67616d0000b273c47b7b365218feb1a0743e4c,4,26,Sì,Non valutabile,Non valutabile,Da verificare: artista differente,No,No
1997,1990,Anni 1990,Quello che sento,Cattivi Pensieri,"C. Farolfi, D. De Marinis, D. Bosio e N. Fragile",15º,15,Oltre il 10º posto,Altra posizione,18 - 22 febbraio,Teatro Ariston,Mike Bongiorno,41,Jalisse,Carmen Consoli,1996.0,"3,67",28.0,Medio-bassa (21-40),https://i.scdn.co/image/ab67616d0000b273e4017fbd2ea7b93085f029c4,-1,26,Sì,Non valutabile,Non valutabile,Da verificare: artista differente,No,No
1997,1990,Anni 1990,Papa nero,Pitura Freska,"M. F. Forieri, S. O. Skardy, V. Silvestri, C. Verardo e F. Duse",16º,16,Oltre il 10º posto,Altra posizione,18 - 22 febbraio,Teatro Ariston,Mike Bongiorno,41,Jalisse,Pitura Freska,2012.0,"4,07",8.0,Bassa (0-20),https://i.scdn.co/image/ab67616d0000b2734e170e0acc146ae65ce8bd23,15,26,Sì,No,No,Affidabile,Sì,Sì
1997,1990,Anni 1990,Faccia pulita,Toto Cutugno,S. Cutugno,17º,17,Oltre il 10º posto,Altra posizione,18 - 22 febbraio,Teatro Ariston,Mike Bongiorno,41,Jalisse,Claudio Baglioni,1972.0,"3,28",30.0,Medio-bassa (21-40),https://i.scdn.co/image/ab67616d0000b2737e81d336ae5e0394ed5b5604,-25,26,Sì,Non valutabile,Non valutabile,Da escludere: rilascio precedente,No,No
1997,1990,Anni 1990,Vero amore,Ragazzi Italiani,"A. Galbiati, C. Palmas e M. G. Fontana",18º,18,Oltre il 10º posto,Altra posizione,18 - 22 febbraio,Teatro Ariston,Mike Bongiorno,41,Jalisse,HINOA,2023.0,"4,21",1.0,Bassa (0-20),https://i.scdn.co/image/ab67616d0000b273225f867cb3e6fc4444ebdc86,26,26,Sì,Non valutabile,Non valutabile,Da verificare: artista differente,No,No
1997,1990,Anni 1990,Alianti liberi,New Trolls e Greta,"E. Palumbo, M. Cattapani, V. De Scalzi, N. Di Palo e G. Labate",19º,19,Oltre il 10º posto,Altra posizione,18 - 22 febbraio,Teatro Ariston,Mike Bongiorno,41,Jalisse,Greta,2010.0,"4,21",4.0,Bassa (0-20),https://i.scdn.co/image/ab67616d0000b27393fcd52f2996169f246d20d4,13,26,Sì,No,No,Affidabile,Sì,Sì
1997,1990,Anni 1990,Luna,Loredana Bertè,L. Bertè e M. Piccoli,20º,20,Oltre il 10º posto,Altra posizione,18 - 22 febbraio,Teatro Ariston,Mike Bongiorno,41,Jalisse,Feid,2023.0,"3,28",97.0,Alta (61-100),https://i.scdn.co/image/ab67616d0000b273f1aad814a40ec7419c234242,26,26,Sì,Non valutabile,Non valutabile,Da verificare: artista differente,No,No
1997,1990,Anni 1990,Attimi,Alessandro Mara,A. Maraniello,NF,,Senza posizione numerica,Non finalista,18 - 22 febbraio,Teatro Ariston,Mike Bongiorno,41,Jalisse,Franco Califano,2008.0,"3,81",28.0,Medio-bassa (21-40),https://i.scdn.co/image/ab67616d0000b273967a7e7fc6f0d69912e3cb62,11,26,Sì,Non valutabile,Non valutabile,Da verificare: artista differente,No,No
1997,1990,Anni 1990,Come ti tradirei,Camilla,F. Casalino e M. Violante,NF,,Senza posizione numerica,Non finalista,18 - 22 febbraio,Teatro Ariston,Mike Bongiorno,41,Jalisse,thasup,2022.0,"3,30",49.0,Media (41-60),https://i.scdn.co/image/ab67616d0000b27372cfdfd53af51bcfed067d75,25,26,Sì,Non valutabile,Non valutabile,Da verificare: artista differente,No,No
1997,1990,Anni 1990,Confusa e felice,Carmen Consoli,C. Consoli,NF,,Senza posizione numerica,Non finalista,18 - 22 febbraio,Teatro Ariston,Mike Bongiorno,41,Jalisse,Carmen Consoli,1997.0,"3,63",34.0,Medio-bassa (21-40),https://i.scdn.co/image/ab67616d0000b273a6edda8cd80f003c6b615938,0,26,Sì,No,No,Affidabile,Sì,Sì
1997,1990,Anni 1990,E penserò al tuo viso...,Alessandro Errico,"A. Errico, A. Campisano e R. Gori",NF,,Senza posizione numerica,Non finalista,18 - 22 febbraio,Teatro Ariston,Mike Bongiorno,41,Jalisse,Alessandro Errico,1997.0,"5,30",5.0,Bassa (0-20),https://i.scdn.co/image/ab67616d0000b27319a62857966882fc6cf36f20,0,26,Sì,No,No,Affidabile,Sì,Sì
1997,1990,Anni 1990,Fragolina,Leandro Barsotti,L. Barsotti,NF,,Senza posizione numerica,Non finalista,18 - 22 febbraio,Teatro Ariston,Mike Bongiorno,41,Jalisse,Dani Mocanu,2020.0,"2,50",42.0,Media (41-60),https://i.scdn.co/image/ab67616d0000b2730341c32c4427d758e25264d2,23,26,Sì,Non valutabile,Non valutabile,Da verificare: artista differente,No,No
1997,1990,Anni 1990,Il capo dei giocattoli,Maurizio Lauzi,M. Lauzi,NF,,Senza posizione numerica,Non finalista,18 - 22 febbraio,Teatro Ariston,Mike Bongiorno,41,Jalisse,Coro I Piccoli Cantori di Milano,2014.0,"1,78",40.0,Medio-bassa (21-40),https://i.scdn.co/image/ab67616d0000b2730cb3f614a09c3039651c636b,17,26,Sì,Non valutabile,Non valutabile,Da verificare: artista differente,No,No
1997,1990,Anni 1990,Quando viene sera,Olivia,S. Borzi e A. Zelli,NF,,Senza posizione numerica,Non finalista,18 - 22 febbraio,Teatro Ariston,Mike Bongiorno,41,Jalisse,Riccardo Achille Ronzani,2024.0,"2,78",2.0,Bassa (0-20),https://i.scdn.co/image/ab67616d0000b273c971ed4a30daf8501440dfa7,27,26,Sì,Non valutabile,Non valutabile,Da verificare: artista differente,No,No
1997,1990,Anni 1990,Uguali uguali,Adriana Ruocco,"F. Migliacci, E. Migliacci e R. Zappalorto",NF,,Senza posizione numerica,Non finalista,18 - 22 febbraio,Teatro Ariston,Mike Bongiorno,41,Jalisse,Luchè,2023.0,"2,95",56.0,Media (41-60),https://i.scdn.co/image/ab67616d0000b273af0d9c6d6c1ca2faeb0ee69b,26,26,Sì,Non valutabile,Non valutabile,Da verificare: artista differente,No,No
1997,1990,Anni 1990,Voglio un dio,Petra Magoni,R. Banchelli,NF,,Senza posizione numerica,Non finalista,18 - 22 febbraio,Teatro Ariston,Mike Bongiorno,41,Jalisse,Dionira,2014.0,"3,97",0.0,Bassa (0-20),https://i.scdn.co/image/ab67616d0000b2730298017ece83b7782e36ff77,17,26,Sì,Non valutabile,Non valutabile,Da verificare: artista differente,No,No
1998,1990,Anni 1990,Senza te o con te,Annalisa Minetti,M. Luca e P. Palma,1º,1,1º posto,Vincitore,24 - 28 febbraio,Teatro Ariston,Raimondo Vianello,28,Annalisa Minetti,,,,,Dati non disponibili,,,25,Sì,Non valutabile,Non valutabile,Senza dati Spotify,No,No
1998,1990,Anni 1990,Amore lontanissimo,Antonella Ruggiero,A. Ruggiero e R. Colombo,2º,2,2º-3º posto,Podio,24 - 28 febbraio,Teatro Ariston,Raimondo Vianello,28,Annalisa Minetti,Antonella Ruggiero,1997.0,"4,16",25.0,Medio-bassa (21-40),https://i.scdn.co/image/ab67616d0000b273491453ae02f2de551602c5f0,-1,25,Sì,No,No,Affidabile,Sì,Sì
1998,1990,Anni 1990,Sempre,Lisa,G. Morra e M. Fabrizio,3º,3,2º-3º posto,Podio,24 - 28 febbraio,Teatro Ariston,Raimondo Vianello,28,Annalisa Minetti,Carl Brave x Franco126,2018.0,"3,17",66.0,Alta (61-100),https://i.scdn.co/image/ab67616d0000b273cf431bdf2803b80d4225da04,20,25,Sì,Non valutabile,Non valutabile,Da verificare: artista differente,No,No
1998,1990,Anni 1990,Solo come me,Paola Turci,R. Casini e P. Turci,4º,4,4º-10º posto,Altra posizione,24 - 28 febbraio,Teatro Ariston,Raimondo Vianello,28,Annalisa Minetti,Solo Compas,1999.0,"3,95",19.0,Bassa (0-20),https://i.scdn.co/image/ab67616d0000b273a0fa457489e30cf93c1eebde,1,25,Sì,Non valutabile,Non valutabile,Da verificare: artista differente,No,No
1998,1990,Anni 1990,Pathos,Silvia Salemi,S. Salemi e G. Artegiani,5º,5,4º-10º posto,Altra posizione,24 - 28 febbraio,Teatro Ariston,Raimondo Vianello,28,Annalisa Minetti,James Heather,2017.0,"3,83",44.0,Media (41-60),https://i.scdn.co/image/ab67616d0000b2739ef37c6bba11acc78b40c964,19,25,Sì,Non valutabile,Non valutabile,Da verificare: artista differente,No,No
1998,1990,Anni 1990,Luce,Mango e Zenîma,"A. Salerno, G. Mango e A. Mango",6º,6,4º-10º posto,Altra posizione,24 - 28 febbraio,Teatro Ariston,Raimondo Vianello,28,Annalisa Minetti,Elisa,2001.0,"4,41",52.0,Media (41-60),https://i.scdn.co/image/ab67616d0000b273ac4eb206a7d59330e0f0d715,3,25,Sì,Non valutabile,Non valutabile,Da verificare: artista differente,No,No
1998,1990,Anni 1990,Un po' di te,Luca Sepe,"L. Sepe, M. Schembri, F. Leali e E. Malepasso",7º,7,4º-10º posto,Altra posizione,24 - 28 febbraio,Teatro Ariston,Raimondo Vianello,28,Annalisa Minetti,Alex Wyse,2023.0,"2,12",59.0,Media (41-60),https://i.scdn.co/image/ab67616d0000b2734c39fb779501f5ef12f9f245,25,25,Sì,Non valutabile,Non valutabile,Da verificare: artista differente,No,No
1998,1990,Anni 1990,Lasciarsi un giorno a Roma,Niccolò Fabi,"N. Fabi, R. Sinigallia, C. Dazzi e D. Sinigallia",8º,8,4º-10º posto,Altra posizione,24 - 28 febbraio,Teatro Ariston,Raimondo Vianello,28,Annalisa Minetti,Niccolò Fabi,1998.0,"4,64",47.0,Media (41-60),https://i.scdn.co/image/ab67616d0000b2731d1079d62b41fdc35cab3e3d,0,25,Sì,No,No,Affidabile,Sì,Sì
1998,1990,Anni 1990,Un porto nel vento,Ron,"G. Zagni, Ron e F. Coppini",9º,9,4º-10º posto,Altra posizione,24 - 28 febbraio,Teatro Ariston,Raimondo Vianello,28,Annalisa Minetti,Ron,1998.0,"4,25",3.0,Bassa (0-20),https://i.scdn.co/image/ab67616d0000b2730d535181f454b47fb8ba979e,0,25,Sì,No,No,Affidabile,Sì,Sì
1998,1990,Anni 1990,Canto per te,Andrea Mingardi,A. Mingardi e M. Tirelli,10º,10,4º-10º posto,Altra posizione,24 - 28 febbraio,Teatro Ariston,Raimondo Vianello,28,Annalisa Minetti,DJ Herzbeat,2020.0,"3,27",37.0,Medio-bassa (21-40),https://i.scdn.co/image/ab67616d0000b27317a190ed0f919ddf5d782c15,22,25,Sì,Non valutabile,Non valutabile,Da verificare: artista differente,No,No
1998,1990,Anni 1990,Sei tu o lei (Quello che voglio),Alex Baroni,"A. Baroni, P. Calabrese, M. Calabrese, M. D'Angelo e M. Rinalduzzi",11º,11,Oltre il 10º posto,Altra posizione,24 - 28 febbraio,Teatro Ariston,Raimondo Vianello,28,Annalisa Minetti,Alex Baroni,1998.0,"4,37",35.0,Medio-bassa (21-40),https://i.scdn.co/image/ab67616d0000b2737a08d1a6ac84b0cdc0cc6d31,0,25,Sì,No,No,Affidabile,Sì,Sì
1998,1990,Anni 1990,E che mai sarà,Spagna,I. Spagna e G. Spagna,12º,12,Oltre il 10º posto,Altra posizione,24 - 28 febbraio,Teatro Ariston,Raimondo Vianello,28,Annalisa Minetti,Ivana Spagna,2004.0,"4,09",16.0,Bassa (0-20),https://i.scdn.co/image/ab67616d0000b2732017afb933c1f72113c2f11e,6,25,Sì,No,No,Affidabile,Sì,Sì
1998,1990,Anni 1990,Dormi e sogna,Piccola Orchestra Avion Travel,"G. Servillo, D. Ciaramella, M. Tronco, G. D'Argenzio, F. Mesolella e F. Spinetti",13º,13,Oltre il 10º posto,Altra posizione,24 - 28 febbraio,Teatro Ariston,Raimondo Vianello,28,Annalisa Minetti,Avion Travel,1997.0,"4,23",25.0,Medio-bassa (21-40),https://i.scdn.co/image/ab67616d0000b273187b00f153dddf9288ad9d31,-1,25,Sì,No,No,Affidabile,Sì,Sì
1998,1990,Anni 1990,Flamingo,Sergio Caputo,S. Caputo,14º,14,Oltre il 10º posto,Altra posizione,24 - 28 febbraio,Teatro Ariston,Raimondo Vianello,28,Annalisa Minetti,Kenshi Yonezu,2020.0,"3,27",64.0,Alta (61-100),https://i.scdn.co/image/ab67616d0000b273775e8184725e0fb89337dd9a,22,25,Sì,Non valutabile,Non valutabile,Da verificare: artista differente,No,No
1998,1990,Anni 1990,Sotto il velo del cielo,Nuova Compagnia di Canto Popolare,C. Sfogli e C. Faiello,15º,15,Oltre il 10º posto,Altra posizione,24 - 28 febbraio,Teatro Ariston,Raimondo Vianello,28,Annalisa Minetti,Nuova Compagnia Di Canto Popolare,2004.0,"4,19",9.0,Bassa (0-20),https://i.scdn.co/image/ab67616d0000b273a7e90389787055efd64a991d,6,25,Sì,No,No,Affidabile,Sì,Sì
1998,1990,Anni 1990,Per te,Paola & Chiara,P. Iezzi e C. Iezzi,16º,16,Oltre il 10º posto,Altra posizione,24 - 28 febbraio,Teatro Ariston,Raimondo Vianello,28,Annalisa Minetti,Jovanotti,1999.0,"4,69",53.0,Media (41-60),https://i.scdn.co/image/ab67616d0000b2738c878a278d2a367610249c3c,1,25,Sì,Non valutabile,Non valutabile,Da verificare: artista differente,No,No
1998,1990,Anni 1990,Quando un musicista ride,Enzo Jannacci,E. Jannacci,17º,17,Oltre il 10º posto,Altra posizione,24 - 28 febbraio,Teatro Ariston,Raimondo Vianello,28,Annalisa Minetti,Enzo Jannacci,2013.0,"4,04",24.0,Medio-bassa (21-40),https://i.scdn.co/image/ab67616d0000b273d99763e113df3cd632bc6d57,15,25,Sì,No,No,Affidabile,Sì,Sì
1999,1990,Anni 1990,Senza pietà,Anna Oxa,C. Guidetti e A. Salerno,1º,1,1º posto,Vincitore,23 - 27 febbraio,Teatro Ariston,Fabio Fazio,28,Anna Oxa,,,,,Dati non disponibili,,,24,Sì,Non valutabile,Non valutabile,Senza dati Spotify,No,No
1999,1990,Anni 1990,Non ti dimentico (Se non ci fossero le nuvole),Antonella Ruggiero,"R. Colombo, A. Ruggiero e Kaballà",2º,2,2º-3º posto,Podio,23 - 27 febbraio,Teatro Ariston,Fabio Fazio,28,Anna Oxa,Gemitaiz,2023.0,"3,26",62.0,Alta (61-100),https://i.scdn.co/image/ab67616d0000b2737bb1d98427ea70176ab401f2,24,24,Sì,Non valutabile,Non valutabile,Da verificare: artista differente,No,No
1999,1990,Anni 1990,Così è la vita,Mariella Nava,M. Nava,3º,3,2º-3º posto,Podio,23 - 27 febbraio,Teatro Ariston,Fabio Fazio,28,Anna Oxa,,,,,Dati non disponibili,,,24,Sì,Non valutabile,Non valutabile,Senza dati Spotify,No,No
1999,1990,Anni 1990,Alberi,Enzo Gragnaniello con Ornella Vanoni,E. Gragnaniello,4º,4,4º-10º posto,Altra posizione,23 - 27 febbraio,Teatro Ariston,Fabio Fazio,28,Anna Oxa,Ornella Vanoni,2019.0,"4,24",30.0,Medio-bassa (21-40),https://i.scdn.co/image/ab67616d0000b273c441fffd720b2e50392e3266,20,24,Sì,Sì,Sì,Affidabile,Sì,Sì
1999,1990,Anni 1990,Lo zaino,Stadio,V. Rossi e G. Curreri,5º,5,4º-10º posto,Altra posizione,23 - 27 febbraio,Teatro Ariston,Fabio Fazio,28,Anna Oxa,Enrico Brizzi,2006.0,"3,72",0.0,Bassa (0-20),https://i.scdn.co/image/ab67616d0000b273dad3902847bddaf44b9ab4f9,7,24,Sì,Non valutabile,Non valutabile,Da verificare: artista differente,No,No
1999,1990,Anni 1990,Ancora in volo,Al Bano,"P. Marcucci, A. Carrisi e M. Bizzarri",6º,6,4º-10º posto,Altra posizione,23 - 27 febbraio,Teatro Ariston,Fabio Fazio,28,Anna Oxa,Rabbiosa,2024.0,"4,29",1.0,Bassa (0-20),https://i.scdn.co/image/ab67616d0000b273a5bbdcc8fedf628145129613,25,24,Sì,Non valutabile,Non valutabile,Da verificare: artista differente,No,No
1999,1990,Anni 1990,Un inverno da baciare,Marina Rei,M. Rei e D. Pinelli,7º,7,4º-10º posto,Altra posizione,23 - 27 febbraio,Teatro Ariston,Fabio Fazio,28,Anna Oxa,Marina Rei,2008.0,"4,08",21.0,Medio-bassa (21-40),https://i.scdn.co/image/ab67616d0000b273b5493ac69fc0e9df131f3c50,9,24,Sì,No,No,Affidabile,Sì,Sì
1999,1990,Anni 1990,Senza giacca e cravatta,Nino D'Angelo,N. D'Angelo e C. Tortora,8º,8,4º-10º posto,Altra posizione,23 - 27 febbraio,Teatro Ariston,Fabio Fazio,28,Anna Oxa,Nino D'Angelo,1999.0,"4,24",50.0,Media (41-60),https://i.scdn.co/image/ab67616d0000b273a4f22c0811689ff737dc0a61,0,24,Sì,No,No,Affidabile,Sì,Sì
1999,1990,Anni 1990,Aria,Daniele Silvestri,D. Silvestri,9º,9,4º-10º posto,Altra posizione,23 - 27 febbraio,Teatro Ariston,Fabio Fazio,28,Anna Oxa,Argy,2023.0,"3,93",75.0,Alta (61-100),https://i.scdn.co/image/ab67616d0000b2734fe091f3a9b45c0166877f82,24,24,Sì,Non valutabile,Non valutabile,Da verificare: artista differente,No,No
1999,1990,Anni 1990,Guardami negli occhi,Nada,N. Malanima,10º,10,4º-10º posto,Altra posizione,23 - 27 febbraio,Teatro Ariston,Fabio Fazio,28,Anna Oxa,Nada,2008.0,"5,04",31.0,Medio-bassa (21-40),https://i.scdn.co/image/ab67616d0000b273100e49951a95abae24b2f4bb,9,24,Sì,No,No,Affidabile,Sì,Sì
1999,1990,Anni 1990,Amami Lara,Eugenio Finardi,"E. Finardi, F. Consoli e E. Bechis",11º,11,Oltre il 10º posto,Altra posizione,23 - 27 febbraio,Teatro Ariston,Fabio Fazio,28,Anna Oxa,Eugenio Finardi,1998.0,"4,02",6.0,Bassa (0-20),https://i.scdn.co/image/ab67616d0000b273455301eec73211bb4e2148c0,-1,24,Sì,No,No,Affidabile,Sì,Sì
1999,1990,Anni 1990,Dove dov'è,Gatto Panceri,G. Panceri,12º,12,Oltre il 10º posto,Altra posizione,23 - 27 febbraio,Teatro Ariston,Fabio Fazio,28,Anna Oxa,Claudio Baglioni,1990.0,"4,96",27.0,Medio-bassa (21-40),https://i.scdn.co/image/ab67616d0000b273aabc34579bdeeeb608685510,-9,24,Sì,Non valutabile,Non valutabile,Da escludere: rilascio precedente,No,No
1999,1990,Anni 1990,Il giorno perfetto,Gianluca Grignani,G. Grignani,13º,13,Oltre il 10º posto,Altra posizione,23 - 27 febbraio,Teatro Ariston,Fabio Fazio,28,Anna Oxa,Gianluca Grignani,1999.0,"3,59",27.0,Medio-bassa (21-40),https://i.scdn.co/image/ab67616d0000b2739ea1239450bef489e7001844,0,24,Sì,No,No,Affidabile,Sì,Sì
1999,1990,Anni 1990,Come sei bella,Massimo Di Cataldo,M. Di Cataldo,14º,14,Oltre il 10º posto,Altra posizione,23 - 27 febbraio,Teatro Ariston,Fabio Fazio,28,Anna Oxa,Massimo Di Cataldo,2001.0,"4,76",33.0,Medio-bassa (21-40),https://i.scdn.co/image/ab67616d0000b27342627fd01c64ceb7517eca63,2,24,Sì,No,No,Affidabile,Sì,Sì
2000,2000,Anni 2000,Sentimento,Piccola Orchestra Avion Travel,"D. Ciaramella, G. D'Argenzio, F. Mesolella, F. Spinetti, M. Tronco e G. Servillo",1º,1,1º posto,Vincitore,21 - 26 febbraio,Teatro Ariston,Fabio Fazio,34,Piccola Orchestra Avion Travel,,,,,Dati non disponibili,,,23,Sì,Non valutabile,Non valutabile,Senza dati Spotify,No,No
2000,2000,Anni 2000,La tua ragazza sempre,Irene Grandi,V. Rossi e G. Curreri,2º,2,2º-3º posto,Podio,21 - 26 febbraio,Teatro Ariston,Fabio Fazio,34,Piccola Orchestra Avion Travel,Irene Grandi,2001.0,"4,18",45.0,Media (41-60),https://i.scdn.co/image/ab67616d0000b2737a27c9304839581e5e4415fe,1,23,Sì,No,No,Affidabile,Sì,Sì
2000,2000,Anni 2000,Innamorato,Gianni Morandi,"E. Ramazzotti, C. Guidetti e A. Cogliati",3º,3,2º-3º posto,Podio,21 - 26 febbraio,Teatro Ariston,Fabio Fazio,34,Piccola Orchestra Avion Travel,BLANCO,2023.0,"2,62",58.0,Media (41-60),https://i.scdn.co/image/ab67616d0000b273d0a7dfc11235eb8a6fc8fbf0,23,23,Sì,Non valutabile,Non valutabile,Da verificare: artista differente,No,No
2000,2000,Anni 2000,Il timido ubriaco,Max Gazzè,M. Gazzè e F. Gazzè,4º,4,4º-10º posto,Altra posizione,21 - 26 febbraio,Teatro Ariston,Fabio Fazio,34,Piccola Orchestra Avion Travel,Max Gazzè,2000.0,"3,67",42.0,Media (41-60),https://i.scdn.co/image/ab67616d0000b27394e80c04c800e1bba9186e1e,0,23,Sì,No,No,Affidabile,Sì,Sì
2000,2000,Anni 2000,Replay,Samuele Bersani,S. Bersani e G. D'Onghia,5º,5,4º-10º posto,Altra posizione,21 - 26 febbraio,Teatro Ariston,Fabio Fazio,34,Piccola Orchestra Avion Travel,Iyaz,2009.0,"3,04",80.0,Alta (61-100),https://i.scdn.co/image/ab67616d0000b273ae7012fce99c2b2345b54f30,9,23,Sì,Non valutabile,Non valutabile,Da verificare: artista differente,No,No
2000,2000,Anni 2000,Gechi e vampiri,Gerardina Trovato,G. Trovato e T. Sinatra,6º,6,4º-10º posto,Altra posizione,21 - 26 febbraio,Teatro Ariston,Fabio Fazio,34,Piccola Orchestra Avion Travel,Gerardina Trovato,2014.0,"2,81",39.0,Medio-bassa (21-40),https://i.scdn.co/image/ab67616d0000b273dd30d4672739adc1388b40f2,14,23,Sì,No,No,Affidabile,Sì,Sì
2000,2000,Anni 2000,In bianco e nero,Carmen Consoli,C. Consoli,7º,7,4º-10º posto,Altra posizione,21 - 26 febbraio,Teatro Ariston,Fabio Fazio,34,Piccola Orchestra Avion Travel,Carmen Consoli,2000.0,"3,61",35.0,Medio-bassa (21-40),https://i.scdn.co/image/ab67616d0000b273c67ba13a79a6dc7892da9e6e,0,23,Sì,No,No,Affidabile,Sì,Sì
2000,2000,Anni 2000,Brivido caldo,Matia Bazar,G. Golzi e P. Cassano,8º,8,4º-10º posto,Altra posizione,21 - 26 febbraio,Teatro Ariston,Fabio Fazio,34,Piccola Orchestra Avion Travel,Matia Bazar,2000.0,"4,15",29.0,Medio-bassa (21-40),https://i.scdn.co/image/ab67616d0000b273f34b797bf0c7750667a0f845,0,23,Sì,No,No,Affidabile,Sì,Sì
2000,2000,Anni 2000,Il giorno dell'indipendenza,Alice,J. Camisasca,9º,9,4º-10º posto,Altra posizione,21 - 26 febbraio,Teatro Ariston,Fabio Fazio,34,Piccola Orchestra Avion Travel,Alice,2000.0,"3,73",5.0,Bassa (0-20),https://i.scdn.co/image/ab67616d0000b2737280754e6928c6801b26153d,0,23,Sì,No,No,Affidabile,Sì,Sì
2000,2000,Anni 2000,Non dirgli mai,Gigi D'Alessio,V. D'Agostino e L. D'Alessio,10º,10,4º-10º posto,Altra posizione,21 - 26 febbraio,Teatro Ariston,Fabio Fazio,34,Piccola Orchestra Avion Travel,Gigi D'Alessio,1999.0,"4,23",57.0,Media (41-60),https://i.scdn.co/image/ab67616d0000b2736c7d8b72df7e17026f6ea7f4,-1,23,Sì,No,No,Affidabile,Sì,Sì
2000,2000,Anni 2000,Tutti i miei sbagli,Subsonica,"M. Casacci, D. Dileo e S. U. Romano",11º,11,Oltre il 10º posto,Altra posizione,21 - 26 febbraio,Teatro Ariston,Fabio Fazio,34,Piccola Orchestra Avion Travel,Subsonica,2000.0,"4,06",53.0,Media (41-60),https://i.scdn.co/image/ab67616d0000b2738f3e90821ef07b193ba8d409,0,23,Sì,No,No,Affidabile,Sì,Sì
2000,2000,Anni 2000,Con il tuo nome,Ivana Spagna,"I. Spagna, C. Tarantola e G. Spagna",12º,12,Oltre il 10º posto,Altra posizione,21 - 26 febbraio,Teatro Ariston,Fabio Fazio,34,Piccola Orchestra Avion Travel,Ripe,2024.0,"2,17",12.0,Bassa (0-20),https://i.scdn.co/image/ab67616d0000b273e6701e2f07df7d0d0b298fa7,24,23,Sì,Non valutabile,Non valutabile,Da verificare: artista differente,No,No
2000,2000,Anni 2000,Fare l'amore,Mietta,G. Mango e A. Mango,13º,13,Oltre il 10º posto,Altra posizione,21 - 26 febbraio,Teatro Ariston,Fabio Fazio,34,Piccola Orchestra Avion Travel,Mietta,2000.0,"4,21",34.0,Medio-bassa (21-40),https://i.scdn.co/image/ab67616d0000b2730216b3bc78729df23fd961d1,0,23,Sì,No,No,Affidabile,Sì,Sì
2000,2000,Anni 2000,Futuro come te,Mariella Nava e Amedeo Minghi,M. G. Nava e A. Minghi,14º,14,Oltre il 10º posto,Altra posizione,21 - 26 febbraio,Teatro Ariston,Fabio Fazio,34,Piccola Orchestra Avion Travel,Amedeo Minghi,2014.0,"4,30",22.0,Medio-bassa (21-40),https://i.scdn.co/image/ab67616d0000b2738900c540485b9db1e534568c,14,23,Sì,No,No,Affidabile,Sì,Sì
2000,2000,Anni 2000,Raccontami di te,Marco Masini,M. Masini e G. Dati,15º,15,Oltre il 10º posto,Altra posizione,21 - 26 febbraio,Teatro Ariston,Fabio Fazio,34,Piccola Orchestra Avion Travel,Marco Masini,2000.0,"4,10",36.0,Medio-bassa (21-40),https://i.scdn.co/image/ab67616d0000b2736921d24bc993733a31849929,0,23,Sì,No,No,Affidabile,Sì,Sì
2000,2000,Anni 2000,Un'altra vita,Umberto Tozzi,U. Tozzi,16º,16,Oltre il 10º posto,Altra posizione,21 - 26 febbraio,Teatro Ariston,Fabio Fazio,34,Piccola Orchestra Avion Travel,Elodie,2016.0,"2,98",38.0,Medio-bassa (21-40),https://i.scdn.co/image/ab67616d0000b273e1dc6c643d8a07b3ff364c30,16,23,Sì,Non valutabile,Non valutabile,Da verificare: artista differente,No,No
2001,2000,Anni 2000,Luce (tramonti a nord est),Elisa,E. Toffoli e A. Fornaciari,1º,1,1º posto,Vincitore,26 febbraio - 3 marzo,Teatro Ariston,Raffaella Carrà,32,Elisa (cantante 1977),,,,,Dati non disponibili,,,22,Sì,Non valutabile,Non valutabile,Senza dati Spotify,No,No
2001,2000,Anni 2000,Di sole e d'azzurro,Giorgia,"A. Fornaciari, M. Saggese e M. Vergnaghi",2º,2,2º-3º posto,Podio,26 febbraio - 3 marzo,Teatro Ariston,Raffaella Carrà,32,Elisa (cantante 1977),Giorgia,2001.0,"4,28",51.0,Media (41-60),https://i.scdn.co/image/ab67616d0000b27335b5529f3e437ce062743aac,0,22,Sì,No,No,Affidabile,Sì,Sì
2001,2000,Anni 2000,Questa nostra grande storia d'amore,Matia Bazar,G. Golzi e P. Cassano,3º,3,2º-3º posto,Podio,26 febbraio - 3 marzo,Teatro Ariston,Raffaella Carrà,32,Elisa (cantante 1977),Matia Bazar,2015.0,"4,11",19.0,Bassa (0-20),https://i.scdn.co/image/ab67616d0000b273ffb2abf6de3ac68d916387a3,14,22,Sì,No,Sì,Affidabile,Sì,Sì
2001,2000,Anni 2000,L'acrobata,Michele Zarrillo,V. Incenzo e M. Zarrillo,4º,4,4º-10º posto,Altra posizione,26 febbraio - 3 marzo,Teatro Ariston,Raffaella Carrà,32,Elisa (cantante 1977),Michele Zarrillo,2001.0,"4,58",36.0,Medio-bassa (21-40),https://i.scdn.co/image/ab67616d0000b273e3e3623149be3d7d670e7537,0,22,Sì,No,No,Affidabile,Sì,Sì
2001,2000,Anni 2000,Saluto l'inverno,Paola Turci,P. Turci e C. Consoli,5º,5,4º-10º posto,Altra posizione,26 febbraio - 3 marzo,Teatro Ariston,Raffaella Carrà,32,Elisa (cantante 1977),Paola Turci,2007.0,"4,15",25.0,Medio-bassa (21-40),https://i.scdn.co/image/ab67616d0000b27379bceb3978cf661f6bccd30b,6,22,Sì,No,No,Affidabile,Sì,Sì
2001,2000,Anni 2000,Anche tu,Jenny B,G. Golzi e P. Cassano,6º,6,4º-10º posto,Altra posizione,26 febbraio - 3 marzo,Teatro Ariston,Raffaella Carrà,32,Elisa (cantante 1977),Raf,1991.0,"3,60",39.0,Medio-bassa (21-40),https://i.scdn.co/image/ab67616d0000b27399ec5feea63b4ecd41ccc992,-10,22,Sì,Non valutabile,Non valutabile,Da escludere: rilascio precedente,No,No
2001,2000,Anni 2000,Sono contento,Alex Britti,A. Britti,7º,7,4º-10º posto,Altra posizione,26 febbraio - 3 marzo,Teatro Ariston,Raffaella Carrà,32,Elisa (cantante 1977),Alex Britti,2000.0,"3,96",26.0,Medio-bassa (21-40),https://i.scdn.co/image/ab67616d0000b273f7f1645498d55eef36b1d1e4,-1,22,Sì,No,No,Affidabile,Sì,Sì
2001,2000,Anni 2000,Tu che ne sai,Gigi D'Alessio,V. D'Agostino e L. D'Alessio,8º,8,4º-10º posto,Altra posizione,26 febbraio - 3 marzo,Teatro Ariston,Raffaella Carrà,32,Elisa (cantante 1977),Gigi D'Alessio,2017.0,"4,60",44.0,Media (41-60),https://i.scdn.co/image/ab67616d0000b273e586c961df304e8ef7582c8f,16,22,Sì,No,Sì,Affidabile,Sì,Sì
2001,2000,Anni 2000,Ciao Ninìn,Fabio Concato,F. Concato,9º,9,4º-10º posto,Altra posizione,26 febbraio - 3 marzo,Teatro Ariston,Raffaella Carrà,32,Elisa (cantante 1977),Fabio Concato,2001.0,"4,53",22.0,Medio-bassa (21-40),https://i.scdn.co/image/ab67616d0000b273424b3d3447e6232e705e5830,0,22,Sì,No,No,Affidabile,Sì,Sì
2001,2000,Anni 2000,L'eterno movimento,Anna Oxa,G. Fulcheri e Laurex,10º,10,4º-10º posto,Altra posizione,26 febbraio - 3 marzo,Teatro Ariston,Raffaella Carrà,32,Elisa (cantante 1977),Alta Marea,2010.0,"4,01",0.0,Bassa (0-20),https://i.scdn.co/image/ab67616d0000b2733dfd3359bac7fac6627028d6,9,22,Sì,Non valutabile,Non valutabile,Da verificare: artista differente,No,No
2001,2000,Anni 2000,Pioverà (Habibi ené),Peppino di Capri,"F. Del Prete, Dicapri e M. Vitale",11º,11,Oltre il 10º posto,Altra posizione,26 febbraio - 3 marzo,Teatro Ariston,Raffaella Carrà,32,Elisa (cantante 1977),Ricky Rich,2021.0,"2,16",73.0,Alta (61-100),https://i.scdn.co/image/ab67616d0000b2734b9368795d790c6db70b5b30,20,22,Sì,Non valutabile,Non valutabile,Da verificare: artista differente,No,No
2001,2000,Anni 2000,Il profumo del mare,Gianni Bella,G. Bella e Mogol,12º,12,Oltre il 10º posto,Altra posizione,26 febbraio - 3 marzo,Teatro Ariston,Raffaella Carrà,32,Elisa (cantante 1977),Sam e il Meteorino,2023.0,"2,66",26.0,Medio-bassa (21-40),https://i.scdn.co/image/ab67616d0000b273b6370ad442476925572aa19a,22,22,Sì,Non valutabile,Non valutabile,Da verificare: artista differente,No,No
2001,2000,Anni 2000,Fantasticamenteamore,Syria,B. Antonacci e S. Lanza,13º,13,Oltre il 10º posto,Altra posizione,26 febbraio - 3 marzo,Teatro Ariston,Raffaella Carrà,32,Elisa (cantante 1977),Syria,2000.0,"3,68",17.0,Bassa (0-20),https://i.scdn.co/image/ab67616d0000b27391cc3d4a9c9d755f0f1c5be2,-1,22,Sì,No,No,Affidabile,Sì,Sì
2001,2000,Anni 2000,Mezze verità,Sottotono,M. Cellamaro e M. Dagani,14º,14,Oltre il 10º posto,Altra posizione,26 febbraio - 3 marzo,Teatro Ariston,Raffaella Carrà,32,Elisa (cantante 1977),Sottotono,2016.0,"4,31",27.0,Medio-bassa (21-40),https://i.scdn.co/image/ab67616d0000b2734f44e82a2a21deb11e47a297,15,22,Sì,No,Sì,Affidabile,Sì,Sì
2001,2000,Anni 2000,Bentivoglio Angelina (Kon tutto il mio amaro),Quintorigo,"M. De Leonardis, V. Bianchi, A. Costa, G. Costa, S. Ricci, M. Montanari e G. Facchini",15º,15,Oltre il 10º posto,Altra posizione,26 febbraio - 3 marzo,Teatro Ariston,Raffaella Carrà,32,Elisa (cantante 1977),Quintorigo,2001.0,"4,24",22.0,Medio-bassa (21-40),https://i.scdn.co/image/ab67616d0000b27353ba5461c8550e7a01ae3764,0,22,Sì,No,No,Affidabile,Sì,Sì
2001,2000,Anni 2000,L'assenzio (The Power of Nothing),Bluvertigo,M. Castoldi e L. Urbani,16º,16,Oltre il 10º posto,Altra posizione,26 febbraio - 3 marzo,Teatro Ariston,Raffaella Carrà,32,Elisa (cantante 1977),Bluvertigo,2001.0,"3,89",35.0,Medio-bassa (21-40),https://i.scdn.co/image/ab67616d0000b2735747573d4e2cbfb3ff109882,0,22,Sì,No,No,Affidabile,Sì,Sì
2002,2000,Anni 2000,Messaggio d'amore,Matia Bazar,G. Golzi e P. Cassano,1º,1,1º posto,Vincitore,5 - 9 marzo,Teatro Ariston,Pippo Baudo,36,Matia Bazar,,,,,Dati non disponibili,,,21,Sì,Non valutabile,Non valutabile,Senza dati Spotify,No,No
2002,2000,Anni 2000,Dimmi come...,Alexia,A. Aquilani e M. Marcolini,2º,2,2º-3º posto,Podio,5 - 9 marzo,Teatro Ariston,Pippo Baudo,36,Matia Bazar,Alexia,2002.0,"3,51",35.0,Medio-bassa (21-40),https://i.scdn.co/image/ab67616d0000b2737060209d17822e7a9063e411,0,21,Sì,No,No,Affidabile,Sì,Sì
2002,2000,Anni 2000,Un altro amore,Gino Paoli,G. Paoli,3º,3,2º-3º posto,Podio,5 - 9 marzo,Teatro Ariston,Pippo Baudo,36,Matia Bazar,Gino Paoli,2018.0,"3,50",32.0,Medio-bassa (21-40),https://i.scdn.co/image/ab67616d0000b2738884c46c54b5cbdf139cf373,16,21,Sì,No,Sì,Affidabile,Sì,Sì
2002,2000,Anni 2000,Ora che ho bisogno di te,Fausto Leali e Luisa Corna,"F. Berlincioni, F. Leali e V. Tosetto",4º,4,4º-10º posto,Altra posizione,5 - 9 marzo,Teatro Ariston,Pippo Baudo,36,Matia Bazar,"Fausto Leali, Luisa Corna",2013.0,"4,42",19.0,Bassa (0-20),https://i.scdn.co/image/ab67616d0000b2738117c6e3b888b5ae7e5c4893,11,21,Sì,No,No,Affidabile,Sì,Sì
2002,2000,Anni 2000,Primavera a Sarajevo,Enrico Ruggeri,E. Ruggeri e R. Mogliotti,5º,5,4º-10º posto,Altra posizione,5 - 9 marzo,Teatro Ariston,Pippo Baudo,36,Matia Bazar,Andrea Mirò,2023.0,"3,92",12.0,Bassa (0-20),https://i.scdn.co/image/ab67616d0000b273a87fc6b157e9856a0008504f,21,21,Sì,Non valutabile,Non valutabile,Da verificare: artista differente,No,No
2002,2000,Anni 2000,Il cuore mio,Mariella Nava,M. G. Nava,6º,6,4º-10º posto,Altra posizione,5 - 9 marzo,Teatro Ariston,Pippo Baudo,36,Matia Bazar,Mariella Nava,2017.0,"4,17",22.0,Medio-bassa (21-40),https://i.scdn.co/image/ab67616d0000b2733d31e0d19da32472317d398d,15,21,Sì,No,Sì,Affidabile,Sì,Sì
2002,2000,Anni 2000,Amarti sì,Filippa Giordano,L. Quarantotto e A. Napoletano,7º,7,4º-10º posto,Altra posizione,5 - 9 marzo,Teatro Ariston,Pippo Baudo,36,Matia Bazar,JR,2015.0,"3,44",46.0,Media (41-60),https://i.scdn.co/image/ab67616d0000b273fdb2194c40f11245674b89c6,13,21,Sì,Non valutabile,Non valutabile,Da verificare: artista differente,No,No
2002,2000,Anni 2000,Tracce di te,Francesco Renga,P. Renga,8º,8,4º-10º posto,Altra posizione,5 - 9 marzo,Teatro Ariston,Pippo Baudo,36,Matia Bazar,Luigi Strangis,2022.0,"3,63",40.0,Medio-bassa (21-40),https://i.scdn.co/image/ab67616d0000b2737698ccec3b40bd80481c45db,20,21,Sì,Non valutabile,Non valutabile,Da verificare: artista differente,No,No
2002,2000,Anni 2000,Accidenti a te,Fiordaliso,G. Bigazzi e M. Falagiani,9º,9,4º-10º posto,Altra posizione,5 - 9 marzo,Teatro Ariston,Pippo Baudo,36,Matia Bazar,Franco126,2021.0,"3,58",34.0,Medio-bassa (21-40),https://i.scdn.co/image/ab67616d0000b2731654abae086466e12fe944d9,19,21,Sì,Non valutabile,Non valutabile,Da verificare: artista differente,No,No
2002,2000,Anni 2000,Ogni giorno di più,Gazosa,"M. Z. Granieri, R. Siani e S. Sichel",10º,10,4º-10º posto,Altra posizione,5 - 9 marzo,Teatro Ariston,Pippo Baudo,36,Matia Bazar,Gianluca Capozzi,2000.0,"4,54",24.0,Medio-bassa (21-40),https://i.scdn.co/image/ab67616d0000b27303072e0f3971ee4672ea7918,-2,21,Sì,Non valutabile,Non valutabile,Da escludere: rilascio precedente,No,No
2002,2000,Anni 2000,Gli angeli,Michele Zarrillo,"V. Incenzo, M. Zarrillo e R. Amici",11º,11,Oltre il 10º posto,Altra posizione,5 - 9 marzo,Teatro Ariston,Pippo Baudo,36,Matia Bazar,Vasco Rossi,1996.0,"6,33",53.0,Media (41-60),https://i.scdn.co/image/ab67616d0000b273121902de4bc28e87685506ec,-6,21,Sì,Non valutabile,Non valutabile,Da escludere: rilascio precedente,No,No
2002,2000,Anni 2000,Lacrime dalla Luna,Gianluca Grignani,G. Grignani,12º,12,Oltre il 10º posto,Altra posizione,5 - 9 marzo,Teatro Ariston,Pippo Baudo,36,Matia Bazar,Gianluca Grignani,2002.0,"3,96",32.0,Medio-bassa (21-40),https://i.scdn.co/image/ab67616d0000b273e57f194430482659a226318d,0,21,Sì,No,No,Affidabile,Sì,Sì
2002,2000,Anni 2000,Del perduto amore,Alessandro Safina,G. Morra e M. Fabrizio,13º,13,Oltre il 10º posto,Altra posizione,5 - 9 marzo,Teatro Ariston,Pippo Baudo,36,Matia Bazar,Fabrizio De André,2000.0,"3,65",50.0,Media (41-60),https://i.scdn.co/image/ab67616d0000b2732b465cb61ec200f7352e8c0f,-2,21,Sì,Non valutabile,Non valutabile,Da escludere: rilascio precedente,No,No
2002,2000,Anni 2000,Salirò,Daniele Silvestri,D. Silvestri,14º,14,Oltre il 10º posto,Altra posizione,5 - 9 marzo,Teatro Ariston,Pippo Baudo,36,Matia Bazar,Daniele Silvestri,2002.0,"3,96",56.0,Media (41-60),https://i.scdn.co/image/ab67616d0000b2731c41522a18f9f0ad946f8bd1,0,21,Sì,No,No,Affidabile,Sì,Sì
2002,2000,Anni 2000,Marì,Nino D'Angelo,"N. D'Angelo, N. Tortora e P. Leon",15º,15,Oltre il 10º posto,Altra posizione,5 - 9 marzo,Teatro Ariston,Pippo Baudo,36,Matia Bazar,Nino D'Angelo,2010.0,"3,83",33.0,Medio-bassa (21-40),https://i.scdn.co/image/ab67616d0000b27329d00713b2efce29209716d6,8,21,Sì,No,No,Affidabile,Sì,Sì
2002,2000,Anni 2000,L'immenso,Patty Pravo,"F. Carraresi, L. Tempestini e R. Pacco",16º,16,Oltre il 10º posto,Altra posizione,5 - 9 marzo,Teatro Ariston,Pippo Baudo,36,Matia Bazar,Amedeo Minghi,2016.0,"5,08",31.0,Medio-bassa (21-40),https://i.scdn.co/image/ab67616d0000b273a579a55e5b8feb0b791570dc,14,21,Sì,Non valutabile,Non valutabile,Da verificare: artista differente,No,No
2002,2000,Anni 2000,Dimmi che mi ami,Loredana Bertè,"D. Latino, N. Tortora e P. Leon",17º,17,Oltre il 10º posto,Altra posizione,5 - 9 marzo,Teatro Ariston,Pippo Baudo,36,Matia Bazar,Nada,1998.0,"3,13",34.0,Medio-bassa (21-40),https://i.scdn.co/image/ab67616d0000b273ed1260a49784dea6e9069e43,-4,21,Sì,Non valutabile,Non valutabile,Da escludere: rilascio precedente,No,No
2002,2000,Anni 2000,La mia canzone,Mino Reitano,"P. Panella, A. Paoletti e M. Reitano",18º,18,Oltre il 10º posto,Altra posizione,5 - 9 marzo,Teatro Ariston,Pippo Baudo,36,Matia Bazar,Alex Wyse,2023.0,"2,98",63.0,Alta (61-100),https://i.scdn.co/image/ab67616d0000b273a97a5a60aead6b4a9cbe31a5,21,21,Sì,Non valutabile,Non valutabile,Da verificare: artista differente,No,No
2002,2000,Anni 2000,Batte forte,Lollipop,"L. Rana, G. Giorgilli e A. Blescia",19º,19,Oltre il 10º posto,Altra posizione,5 - 9 marzo,Teatro Ariston,Pippo Baudo,36,Matia Bazar,Lollipop,2002.0,"3,19",27.0,Medio-bassa (21-40),https://i.scdn.co/image/ab67616d0000b2735af81e55727338eb128ed976,0,21,Sì,No,No,Affidabile,Sì,Sì
2002,2000,Anni 2000,Casa mia,Timoria,O. Pedrini,20º,20,Oltre il 10º posto,Altra posizione,5 - 9 marzo,Teatro Ariston,Pippo Baudo,36,Matia Bazar,Noyz Narcos,2018.0,"2,70",53.0,Media (41-60),https://i.scdn.co/image/ab67616d0000b2738161f0d9060f448727138805,16,21,Sì,Non valutabile,Non valutabile,Da verificare: artista differente,No,No
2003,2000,Anni 2000,Per dire di no,Alexia,A. Salerno e Alexia,1º,1,1º posto,Vincitore,4 - 8 marzo,Teatro Ariston,Pippo Baudo,36,Alexia,,,,,Dati non disponibili,,,20,Sì,Non valutabile,Non valutabile,Senza dati Spotify,No,No
2003,2000,Anni 2000,7000 caffè,Alex Britti,A. Britti,2º,2,2º-3º posto,Podio,4 - 8 marzo,Teatro Ariston,Pippo Baudo,36,Alexia,Alex Britti,2003.0,"3,59",46.0,Media (41-60),https://i.scdn.co/image/ab67616d0000b273b9143ead7d80641046e18654,0,20,Sì,No,No,Affidabile,Sì,Sì
2003,2000,Anni 2000,Tutto quello che un uomo,Sergio Cammariere,R. Kunstler e S. Cammariere,3º,3,2º-3º posto,Podio,4 - 8 marzo,Teatro Ariston,Pippo Baudo,36,Alexia,Sergio Cammariere,2002.0,"4,17",52.0,Media (41-60),https://i.scdn.co/image/ab67616d0000b27397b049d70f50fef8dd30a682,-1,20,Sì,No,No,Affidabile,Sì,Sì
2003,2000,Anni 2000,Nessuno tocchi Caino,Enrico Ruggeri e Andrea Mirò,E. Ruggeri e A. Mirò,4º,4,4º-10º posto,Altra posizione,4 - 8 marzo,Teatro Ariston,Pippo Baudo,36,Alexia,Andrea Mirò,2023.0,"4,18",24.0,Medio-bassa (21-40),https://i.scdn.co/image/ab67616d0000b273a87fc6b157e9856a0008504f,20,20,Sì,Sì,Sì,Affidabile,Sì,Sì
2003,2000,Anni 2000,L'amore è,Syria,Jovanotti,5º,5,4º-10º posto,Altra posizione,4 - 8 marzo,Teatro Ariston,Pippo Baudo,36,Alexia,Marco Mengoni,2019.0,"3,04",47.0,Media (41-60),https://i.scdn.co/image/ab67616d0000b273928b0dcf5d7cd7aeeff6cff2,16,20,Sì,Non valutabile,Non valutabile,Da verificare: artista differente,No,No
2003,2000,Anni 2000,Oceano,Lisa,"M. Malavasi, Leozed e A. Sandri",6º,6,4º-10º posto,Altra posizione,4 - 8 marzo,Teatro Ariston,Pippo Baudo,36,Alexia,Ana Nóbrega,2015.0,"8,25",62.0,Alta (61-100),https://i.scdn.co/image/ab67616d0000b273b40bb836c0a930a123434afb,12,20,Sì,Non valutabile,Non valutabile,Da verificare: artista differente,No,No
2003,2000,Anni 2000,Morirò d'amore,Giuni Russo,"G. Russo, V. Magelli e M. A. Sisini",7º,7,4º-10º posto,Altra posizione,4 - 8 marzo,Teatro Ariston,Pippo Baudo,36,Alexia,Jovanotti,2002.0,"4,27",31.0,Medio-bassa (21-40),https://i.scdn.co/image/ab67616d0000b273dd078f0ea44d49de0e6d3230,-1,20,Sì,Non valutabile,Non valutabile,Da verificare: artista differente,No,No
2003,2000,Anni 2000,Nel cuore delle donne,Silvia Salemi,G. Artegiani e S. Salemi,8º,8,4º-10º posto,Altra posizione,4 - 8 marzo,Teatro Ariston,Pippo Baudo,36,Alexia,Silvia Salemi,2003.0,"3,90",12.0,Bassa (0-20),https://i.scdn.co/image/ab67616d0000b273d46e732ff235eedd91a73106,0,20,Sì,No,No,Affidabile,Sì,Sì
2003,2000,Anni 2000,Di un amore,Antonella Ruggiero,A. Ruggiero e A. Volpe,9º,9,4º-10º posto,Altra posizione,4 - 8 marzo,Teatro Ariston,Pippo Baudo,36,Alexia,Alex Baroni,2002.0,"3,96",46.0,Media (41-60),https://i.scdn.co/image/ab67616d0000b273fafa2dd73b60499da5b7367d,-1,20,Sì,Non valutabile,Non valutabile,Da verificare: artista differente,No,No
2003,2000,Anni 2000,Fortuna,Luca Barbarossa,L. Barbarossa,10º,10,4º-10º posto,Altra posizione,4 - 8 marzo,Teatro Ariston,Pippo Baudo,36,Alexia,Creedence Clearwater Revival,1969.0,"2,35",88.0,Alta (61-100),https://i.scdn.co/image/ab67616d0000b2739f39192f9f8ca1c90847b3e5,-34,20,Sì,Non valutabile,Non valutabile,Da escludere: rilascio precedente,No,No
2003,2000,Anni 2000,A storia 'e nisciuno,Nino D'Angelo,N. D'Angelo e N. Tortora,11º,11,Oltre il 10º posto,Altra posizione,4 - 8 marzo,Teatro Ariston,Pippo Baudo,36,Alexia,Nino D'Angelo,2010.0,"4,62",37.0,Medio-bassa (21-40),https://i.scdn.co/image/ab67616d0000b27329d00713b2efce29209716d6,7,20,Sì,No,No,Affidabile,Sì,Sì
2003,2000,Anni 2000,Un giorno nuovo,Cristiano De André,"C. De André, O. Malaspina, M. Talamo, S. Melone e D. Fossati",12º,12,Oltre il 10º posto,Altra posizione,4 - 8 marzo,Teatro Ariston,Pippo Baudo,36,Alexia,Sick Tamburo,2017.0,"3,88",38.0,Medio-bassa (21-40),https://i.scdn.co/image/ab67616d0000b273d8ff7500f708d53500c50662,14,20,Sì,Non valutabile,Non valutabile,Da verificare: artista differente,No,No
2003,2000,Anni 2000,Eri tu,Fausto Leali,F. Leali e G. Panceri,13º,13,Oltre il 10º posto,Altra posizione,4 - 8 marzo,Teatro Ariston,Pippo Baudo,36,Alexia,Filippo Malatesta,2020.0,"2,87",25.0,Medio-bassa (21-40),https://i.scdn.co/image/ab67616d0000b2731c7000b2e248d8bd24fe0f57,17,20,Sì,Non valutabile,Non valutabile,Da verificare: artista differente,No,No
2003,2000,Anni 2000,Cambierò,Anna Oxa,"M. Falagiani, M. Carnesecchi e A. Oxa",14º,14,Oltre il 10º posto,Altra posizione,4 - 8 marzo,Teatro Ariston,Pippo Baudo,36,Alexia,Rosario Miraggio,2010.0,"3,39",14.0,Bassa (0-20),https://i.scdn.co/image/ab67616d0000b2731de82d6d7c85ea6a321e3036,7,20,Sì,Non valutabile,Non valutabile,Da verificare: artista differente,No,No
2003,2000,Anni 2000,Quelli che non hanno età,Eiffel 65,"D. Capuano, M. Lobina, G. Ponte, G. Randone e G. Colla",15º,15,Oltre il 10º posto,Altra posizione,4 - 8 marzo,Teatro Ariston,Pippo Baudo,36,Alexia,Eiffel 65,2005.0,"3,99",42.0,Media (41-60),https://i.scdn.co/image/ab67616d0000b273b09b28c13eb5477b5a984bf6,2,20,Sì,No,No,Affidabile,Sì,Sì
2003,2000,Anni 2000,Non si cresce mai,Bobby Solo e Little Tony,"G. Bigazzi, G. Gastaldo e R. Satti",16º,16,Oltre il 10º posto,Altra posizione,4 - 8 marzo,Teatro Ariston,Pippo Baudo,36,Alexia,Little Tony,2012.0,"3,75",28.0,Medio-bassa (21-40),https://i.scdn.co/image/ab67616d0000b27327786887a6ff8aa27011339a,9,20,Sì,No,No,Affidabile,Sì,Sì
2003,2000,Anni 2000,Volere volare,Anna Tatangelo e Federico Stragà,Bungaro e C. Passavanti,17º,17,Oltre il 10º posto,Altra posizione,4 - 8 marzo,Teatro Ariston,Pippo Baudo,36,Alexia,AGIEMME,1981.0,"3,39",21.0,Medio-bassa (21-40),https://i.scdn.co/image/ab67616d0000b273dae4920b510a14ba211a6d94,-22,20,Sì,Non valutabile,Non valutabile,Da escludere: rilascio precedente,No,No
2003,2000,Anni 2000,Tonight,Negrita,"F. Barbacci, P. Bruni, F. Li Causi, C. Petricich e E. Salvi",18º,18,Oltre il 10º posto,Altra posizione,4 - 8 marzo,Teatro Ariston,Pippo Baudo,36,Alexia,John Legend,2012.0,"3,99",64.0,Alta (61-100),https://i.scdn.co/image/ab67616d0000b273515f30d295a72141006f5905,9,20,Sì,Non valutabile,Non valutabile,Da verificare: artista differente,No,No
2003,2000,Anni 2000,Sarà una canzone,Amedeo Minghi,A. Minghi,19º,19,Oltre il 10º posto,Altra posizione,4 - 8 marzo,Teatro Ariston,Pippo Baudo,36,Alexia,Amedeo Minghi,2013.0,"4,07",29.0,Medio-bassa (21-40),https://i.scdn.co/image/ab67616d0000b273b68b16a918fff5d91908d0db,10,20,Sì,No,No,Affidabile,Sì,Sì
2003,2000,Anni 2000,Fossi un tango,Iva Zanicchi,L. Lana e A. Donati,20º,20,Oltre il 10º posto,Altra posizione,4 - 8 marzo,Teatro Ariston,Pippo Baudo,36,Alexia,Iva Zanicchi,2003.0,"3,42",11.0,Bassa (0-20),https://i.scdn.co/image/ab67616d0000b2732d33e62551e0aabc59ebc577,0,20,Sì,No,No,Affidabile,Sì,Sì
2004,2000,Anni 2000,L'uomo volante,Marco Masini,"M. Masini, G. Dati e G. Orlandi",1º,1,1º posto,Vincitore,2 - 6 marzo,Teatro Ariston,Simona Ventura,22,Marco Masini,,,,,Dati non disponibili,,,19,No,Non valutabile,Non valutabile,Senza dati Spotify,No,No
2004,2000,Anni 2000,Sei la vita mia,Mario Rosini,"L. Leone, L. Patruno, C. Noto, L. Rana e G. Giorgilli",2º,2,2º-3º posto,Podio,2 - 6 marzo,Teatro Ariston,Simona Ventura,22,Marco Masini,Natale Galletta,2010.0,"3,91",28.0,Medio-bassa (21-40),https://i.scdn.co/image/ab67616d0000b27316af07f4b625dcbfe7e9c7e9,6,19,No,Non valutabile,Non valutabile,Da verificare: artista differente,No,No
2004,2000,Anni 2000,"Aria, sole, terra e mare",Linda,"L. Valori, L. Bruti, M. Di Paolo, D. De Santis",3º,3,2º-3º posto,Podio,2 - 6 marzo,Teatro Ariston,Simona Ventura,22,Marco Masini,Linda Valori,2005.0,"3,60",12.0,Bassa (0-20),https://i.scdn.co/image/ab67616d0000b2739074f58d81c95adee998e52b,1,19,No,No,Non valutabile,Affidabile,Sì,Sì
2004,2000,Anni 2000,Guardami negli occhi (prego),Paolo Meneguzzi,"P. Meneguzzo, R. Di Bella, L. Mattioni e D. Melotti",4º,4,4º-10º posto,Altra posizione,2 - 6 marzo,Teatro Ariston,Simona Ventura,22,Marco Masini,Paolo Meneguzzi,1990.0,"3,31",27.0,Medio-bassa (21-40),https://i.scdn.co/image/ab67616d0000b2733fe1da1430404c95d9295775,-14,19,No,Non valutabile,Non valutabile,Da escludere: rilascio precedente,No,No
2004,2000,Anni 2000,Guardastelle,Bungaro,G. Romanelli e Antonio Calò,5º,5,4º-10º posto,Altra posizione,2 - 6 marzo,Teatro Ariston,Simona Ventura,22,Marco Masini,Bungaro,2004.0,"4,03",33.0,Medio-bassa (21-40),https://i.scdn.co/image/ab67616d0000b273e0baaba21b644967f25f5cd1,0,19,No,No,Non valutabile,Affidabile,Sì,Sì
2004,2000,Anni 2000,Quando l'aria mi sfiora,Massimo Modugno e Gipsy Kings,Mogol e G. Bella,6º,6,4º-10º posto,Altra posizione,2 - 6 marzo,Teatro Ariston,Simona Ventura,22,Marco Masini,Alta Marea,2010.0,"3,23",0.0,Bassa (0-20),https://i.scdn.co/image/ab67616d0000b273c9788c7f7c08029a34b22552,6,19,No,Non valutabile,Non valutabile,Da verificare: artista differente,No,No
2004,2000,Anni 2000,Generale Kamikaze,Stefano Picchi,S. Picchi,7º,7,4º-10º posto,Altra posizione,2 - 6 marzo,Teatro Ariston,Simona Ventura,22,Marco Masini,Stefano Picchi,2005.0,"3,75",11.0,Bassa (0-20),https://i.scdn.co/image/ab67616d0000b27393618a736bb90798f3a0883e,1,19,No,No,Non valutabile,Affidabile,Sì,Sì
2004,2000,Anni 2000,Cuore,Morris Albert e Mietta,S. Dall'Ora e S. Boffa,8º,8,4º-10º posto,Altra posizione,2 - 6 marzo,Teatro Ariston,Simona Ventura,22,Marco Masini,Noisys,2020.0,"2,78",54.0,Media (41-60),https://i.scdn.co/image/ab67616d0000b273c90cb00940e51fac773cef72,16,19,No,Non valutabile,Non valutabile,Da verificare: artista differente,No,No
2004,2000,Anni 2000,Le ore piccole,Neffa,G. Pellino,9º,9,4º-10º posto,Altra posizione,2 - 6 marzo,Teatro Ariston,Simona Ventura,22,Marco Masini,Neffa,2004.0,"2,25",43.0,Media (41-60),https://i.scdn.co/image/ab67616d0000b2734acd695821d8bfb745a21b50,0,19,No,No,Non valutabile,Affidabile,Sì,Sì
2004,2000,Anni 2000,Crudele,Mario Venuti,M. Venuti e Kaballà,10º,10,4º-10º posto,Altra posizione,2 - 6 marzo,Teatro Ariston,Simona Ventura,22,Marco Masini,Mario Venuti,2003.0,"4,09",41.0,Media (41-60),https://i.scdn.co/image/ab67616d0000b273eb8fab4f1cf8b2be91743070,-1,19,No,No,Non valutabile,Affidabile,Sì,Sì
2004,2000,Anni 2000,Era bellissimo,DJ Francesco,"F. Facchinetti, S. Lucato, D. Primiceri e A. Rapetti",11º,11,Oltre il 10º posto,Altra posizione,2 - 6 marzo,Teatro Ariston,Simona Ventura,22,Marco Masini,DJ Francesco,2015.0,"4,02",23.0,Medio-bassa (21-40),https://i.scdn.co/image/ab67616d0000b2738f10f2d5e9d116a645ff1151,11,19,No,No,Non valutabile,Affidabile,Sì,Sì
2004,2000,Anni 2000,È stato tanto tempo fa,Simone Tomassini,S. Tomassini,12º,12,Oltre il 10º posto,Altra posizione,2 - 6 marzo,Teatro Ariston,Simona Ventura,22,Marco Masini,Simone Tomassini,2004.0,"3,28",32.0,Medio-bassa (21-40),https://i.scdn.co/image/ab67616d0000b273ceb4fc7864c6f77274c1ba5f,0,19,No,No,Non valutabile,Affidabile,Sì,Sì
2004,2000,Anni 2000,Basterà,DB Boulevard e Bill Wyman,"A. Ventura, R. Palù e D. Benedetti",13º,13,Oltre il 10º posto,Altra posizione,2 - 6 marzo,Teatro Ariston,Simona Ventura,22,Marco Masini,Marta Falcone,2021.0,"3,08",2.0,Bassa (0-20),https://i.scdn.co/image/ab67616d0000b27333aa1650f11969ba32de44ee,17,19,No,Non valutabile,Non valutabile,Da verificare: artista differente,No,No
2004,2000,Anni 2000,È la musica,Andrea Mingardi e The Blues Brothers Band,A. Mingardi e M. Tirelli,14º,14,Oltre il 10º posto,Altra posizione,2 - 6 marzo,Teatro Ariston,Simona Ventura,22,Marco Masini,Eduardo De Crescenzo,1990.0,"4,78",32.0,Medio-bassa (21-40),https://i.scdn.co/image/ab67616d0000b2738204978eec878925aac52cbf,-14,19,No,Non valutabile,Non valutabile,Da escludere: rilascio precedente,No,No
2004,2000,Anni 2000,Lavoro inutile,Omar Pedrini,O. Pedrini,15º,15,Oltre il 10º posto,Altra posizione,2 - 6 marzo,Teatro Ariston,Simona Ventura,22,Marco Masini,Omar Pedrini,2016.0,"4,40",11.0,Bassa (0-20),https://i.scdn.co/image/ab67616d0000b27367c3c4f584a0984502787f70,12,19,No,No,Non valutabile,Affidabile,Sì,Sì
2004,2000,Anni 2000,Sei un miracolo,Daniele Groff,D. Groff e M. Patrignani,16º,16,Oltre il 10º posto,Altra posizione,2 - 6 marzo,Teatro Ariston,Simona Ventura,22,Marco Masini,Daniele Groff,2004.0,"3,72",34.0,Medio-bassa (21-40),https://i.scdn.co/image/ab67616d0000b2737b7a59cbfe2548fa455946b1,0,19,No,No,Non valutabile,Affidabile,Sì,Sì
2004,2000,Anni 2000,Nessun consiglio,Adriano Pappalardo,"R. Scarpetta, A. Pappalardo, L. Chiaravalli e G. Moretti",17º,17,Oltre il 10º posto,Altra posizione,2 - 6 marzo,Teatro Ariston,Simona Ventura,22,Marco Masini,Alta Marea,2010.0,"3,48",0.0,Bassa (0-20),https://i.scdn.co/image/ab67616d0000b273de9516e48974e35d5399eb0b,6,19,No,Non valutabile,Non valutabile,Da verificare: artista differente,No,No
2004,2000,Anni 2000,Un angelo legato a un palo,Veruska,"Mogol, G. Bella e R. Bella",18º,18,Oltre il 10º posto,Altra posizione,2 - 6 marzo,Teatro Ariston,Simona Ventura,22,Marco Masini,Alta Marea,2010.0,"3,60",0.0,Bassa (0-20),https://i.scdn.co/image/ab67616d0000b2733cc0657d45bc72269e7adbb8,6,19,No,Non valutabile,Non valutabile,Da verificare: artista differente,No,No
2004,2000,Anni 2000,Il nostro amore,Andrè,"M. Canigiula, S. Labate e C. Labate",19º,19,Oltre il 10º posto,Altra posizione,2 - 6 marzo,Teatro Ariston,Simona Ventura,22,Marco Masini,Laura Pausini,2015.0,"3,97",38.0,Medio-bassa (21-40),https://i.scdn.co/image/ab67616d0000b27308169877075429914a067259,11,19,No,Non valutabile,Non valutabile,Da verificare: artista differente,No,No
2004,2000,Anni 2000,Single,Danny Losito e Las Ketchup,D. Losito e M. Mariello,20º,20,Oltre il 10º posto,Altra posizione,2 - 6 marzo,Teatro Ariston,Simona Ventura,22,Marco Masini,Beyoncé,2008.0,"3,22",72.0,Alta (61-100),https://i.scdn.co/image/ab67616d0000b273801c4d205accdba0a468a10b,4,19,No,Non valutabile,Non valutabile,Da verificare: artista differente,No,No
2004,2000,Anni 2000,Solo un sogno,Pacifico,L. De Crescenzo,21º,21,Oltre il 10º posto,Altra posizione,2 - 6 marzo,Teatro Ariston,Simona Ventura,22,Marco Masini,Mondo Marcio,2006.0,"3,94",24.0,Medio-bassa (21-40),https://i.scdn.co/image/ab67616d0000b2732d38bdf992e7be8f03e22c5f,2,19,No,Non valutabile,Non valutabile,Da verificare: artista differente,No,No
2004,2000,Anni 2000,Ladro di te,Piotta,"T. Zanello, E. Rubbi e M. Altomare",22º,22,Oltre il 10º posto,Altra posizione,2 - 6 marzo,Teatro Ariston,Simona Ventura,22,Marco Masini,Piotta,2004.0,"3,62",24.0,Medio-bassa (21-40),https://i.scdn.co/image/ab67616d0000b273db5ff556fc66e9c6f29e030d,0,19,No,No,Non valutabile,Affidabile,Sì,Sì
2005,2000,Anni 2000,Angelo,Francesco Renga,F. Renga e M. Zappatini,1,1,1º posto,Vincitore,1º - 5 marzo,Teatro Ariston,Paolo Bonolis,32,Francesco Renga,,,,,Dati non disponibili,,,18,No,Non valutabile,Non valutabile,Senza dati Spotify,No,No
2005,2000,Anni 2000,Come noi nessuno al mondo,Toto Cutugno con Annalisa Minetti,S. Cutugno,2,2,2º-3º posto,Podio,1º - 5 marzo,Teatro Ariston,Paolo Bonolis,32,Francesco Renga,Toto Cutugno,2023.0,"4,99",16.0,Bassa (0-20),https://i.scdn.co/image/ab67616d0000b2734bc366901629ef713f94b462,18,18,No,No,Non valutabile,Affidabile,Sì,Sì
2005,2000,Anni 2000,Echi d'infinito,Antonella Ruggiero,M. Venuti e Kaballà,3,3,2º-3º posto,Podio,1º - 5 marzo,Teatro Ariston,Paolo Bonolis,32,Francesco Renga,Antonella Ruggiero,2005.0,"3,44",16.0,Bassa (0-20),https://i.scdn.co/image/ab67616d0000b27306ad72934d614ce423910c30,0,18,No,No,Non valutabile,Affidabile,Sì,Sì
2005,2000,Anni 2000,Che mistero è l'amore,Nicky Nicolai e Stefano Di Battista Jazz Quartet,"M. Fabrizio, G. Lucariello e P. Marino",4,4,4º-10º posto,Altra posizione,1º - 5 marzo,Teatro Ariston,Paolo Bonolis,32,Francesco Renga,Luca Notari,2011.0,"4,07",1.0,Bassa (0-20),https://i.scdn.co/image/ab67616d0000b273a05d934d38341cbf06221dde,6,18,No,Non valutabile,Non valutabile,Da verificare: artista differente,No,No
2005,2000,Anni 2000,Non credo nei miracoli,Laura Bono,L. Bonometti e M. Natale,5,5,4º-10º posto,Altra posizione,1º - 5 marzo,Teatro Ariston,Paolo Bonolis,32,Francesco Renga,Laura Bono,2005.0,"3,50",35.0,Medio-bassa (21-40),https://i.scdn.co/image/ab67616d0000b27300d9b7eaef7be50068c46805,0,18,No,No,Non valutabile,Affidabile,Sì,Sì
2005,2000,Anni 2000,Uomo bastardo,Marcella Bella,G. Bella e S. Pieroni,F,,Senza posizione numerica,Finalista senza posizione,1º - 5 marzo,Teatro Ariston,Paolo Bonolis,32,Francesco Renga,Marcella Bella,2019.0,"3,51",16.0,Bassa (0-20),https://i.scdn.co/image/ab67616d0000b273ead8c15ec7ca8efe68ed5612,14,18,No,No,Non valutabile,Affidabile,Sì,Sì
2005,2000,Anni 2000,Che farò,La Differenza,"F. Falcone, G. Martinelli e R. Zaccagna",F,,Senza posizione numerica,Finalista senza posizione,1º - 5 marzo,Teatro Ariston,Paolo Bonolis,32,Francesco Renga,La Differenza,2005.0,"3,43",23.0,Medio-bassa (21-40),https://i.scdn.co/image/ab67616d0000b27313a49abeeb4caa5582fa696f,0,18,No,No,Non valutabile,Affidabile,Sì,Sì
2005,2000,Anni 2000,Da grande,Alexia,"A. Aquilani, G. Fulcheri, G. Cominotti e M. Fabrizio",F,,Senza posizione numerica,Finalista senza posizione,1º - 5 marzo,Teatro Ariston,Paolo Bonolis,32,Francesco Renga,Enrico Brignano,2019.0,"1,85",40.0,Medio-bassa (21-40),https://i.scdn.co/image/ab67616d0000b273630c80aa7b5e1ab760af981c,14,18,No,Non valutabile,Non valutabile,Da verificare: artista differente,No,No
2005,2000,Anni 2000,Grido d'amore,Matia Bazar,P. Cassano e G. Golzi,F,,Senza posizione numerica,Finalista senza posizione,1º - 5 marzo,Teatro Ariston,Paolo Bonolis,32,Francesco Renga,Matia Bazar,2021.0,"3,66",18.0,Bassa (0-20),https://i.scdn.co/image/ab67616d0000b273344ed86cc966722971d0c327,16,18,No,No,Non valutabile,Affidabile,Sì,Sì
2005,2000,Anni 2000,L'amore che non c'è,Gigi D'Alessio,L. D'Alessio e V. D'Agostino,F,,Senza posizione numerica,Finalista senza posizione,1º - 5 marzo,Teatro Ariston,Paolo Bonolis,32,Francesco Renga,Gigi D'Alessio,2007.0,"4,27",41.0,Media (41-60),https://i.scdn.co/image/ab67616d0000b273bcd085174b3e57487406ba36,2,18,No,No,Non valutabile,Affidabile,Sì,Sì
2005,2000,Anni 2000,L'immaginario,Veronica Ventavoli,D. Calvetti e M. Ciappelli,F,,Senza posizione numerica,Finalista senza posizione,1º - 5 marzo,Teatro Ariston,Paolo Bonolis,32,Francesco Renga,Veronica Ventavoli,2006.0,"3,49",5.0,Bassa (0-20),https://i.scdn.co/image/ab67616d0000b273f9a193d7a36c39294f766bd9,1,18,No,No,Non valutabile,Affidabile,Sì,Sì
2005,2000,Anni 2000,La panchina,Peppino di Capri,"P. di Capri, C. Piccinelli, Depsa",F,,Senza posizione numerica,Finalista senza posizione,1º - 5 marzo,Teatro Ariston,Paolo Bonolis,32,Francesco Renga,Momogold,2023.0,"2,87",20.0,Bassa (0-20),https://i.scdn.co/image/ab67616d0000b273c822e3d3d7053c2941d00552,18,18,No,Non valutabile,Non valutabile,Da verificare: artista differente,No,No
2005,2000,Anni 2000,Nel mondo dei sogni,Marco Masini,"M. Masini, G Orlandi e G. Dati",F,,Senza posizione numerica,Finalista senza posizione,1º - 5 marzo,Teatro Ariston,Paolo Bonolis,32,Francesco Renga,Marco Masini,2005.0,"3,59",31.0,Medio-bassa (21-40),https://i.scdn.co/image/ab67616d0000b273242a4cc6e5c13af820f0716b,0,18,No,No,Non valutabile,Affidabile,Sì,Sì
2005,2000,Anni 2000,Ovunque andrò,Le Vibrazioni,F. Sarcina,F,,Senza posizione numerica,Finalista senza posizione,1º - 5 marzo,Teatro Ariston,Paolo Bonolis,32,Francesco Renga,Le Vibrazioni,2005.0,"3,69",37.0,Medio-bassa (21-40),https://i.scdn.co/image/ab67616d0000b2733b2ffe1b030875174928ebb0,0,18,No,No,Non valutabile,Affidabile,Sì,Sì
2005,2000,Anni 2000,Ragazza di periferia,Anna Tatangelo,"L. D'Alessio, A. Pennino e V. D'Agostino",F,,Senza posizione numerica,Finalista senza posizione,1º - 5 marzo,Teatro Ariston,Paolo Bonolis,32,Francesco Renga,Anna Tatangelo,2005.0,"4,27",36.0,Medio-bassa (21-40),https://i.scdn.co/image/ab67616d0000b273df99454e40ec6391018d30e0,0,18,No,No,Non valutabile,Affidabile,Sì,Sì
2005,2000,Anni 2000,Francesca,DJ Francesco Band,"A Rapetti, F. Facchinetti e D. Primiceri",NF (E4),,Senza posizione numerica,Non finalista,1º - 5 marzo,Teatro Ariston,Paolo Bonolis,32,Francesco Renga,Francesca Michielin,2016.0,"3,54",53.0,Media (41-60),https://i.scdn.co/image/ab67616d0000b273a0ddccd687d7e370317e3baf,11,18,No,Non valutabile,Non valutabile,Da verificare: artista differente,No,No
2005,2000,Anni 2000,Non capiva che l'amavo,Paolo Meneguzzi,"P. Meneguzzi, D. Melotti e R. Di Bella",NF (E4),,Senza posizione numerica,Non finalista,1º - 5 marzo,Teatro Ariston,Paolo Bonolis,32,Francesco Renga,Paolo Meneguzzi,2005.0,"3,46",37.0,Medio-bassa (21-40),https://i.scdn.co/image/ab67616d0000b2736a688ad79d6a36bb66ee2915,0,18,No,No,Non valutabile,Affidabile,Sì,Sì
2005,2000,Anni 2000,Fammi entrare,Marina Rei,"M. Rei, D. Sinigallia e R. Sinigallia",NF (E4),,Senza posizione numerica,Non finalista,1º - 5 marzo,Teatro Ariston,Paolo Bonolis,32,Francesco Renga,Marina Rei,2007.0,"5,20",15.0,Bassa (0-20),https://i.scdn.co/image/ab67616d0000b273777e5ef22d54bf0b5b5f725b,2,18,No,No,Non valutabile,Affidabile,Sì,Sì
2005,2000,Anni 2000,Colpevole,Nicola Arigliano,"F. Fasano, G. Grottoli e A. Vaschetti",NF (E4),,Senza posizione numerica,Non finalista,1º - 5 marzo,Teatro Ariston,Paolo Bonolis,32,Francesco Renga,Gemitaiz,2023.0,"2,97",64.0,Alta (61-100),https://i.scdn.co/image/ab67616d0000b2737bb1d98427ea70176ab401f2,18,18,No,Non valutabile,Non valutabile,Da verificare: artista differente,No,No
2005,2000,Anni 2000,Fammi respirare,Giovanna D'Angi,M. Pappalardo e G. Caruso,NF (E4),,Senza posizione numerica,Non finalista,1º - 5 marzo,Teatro Ariston,Paolo Bonolis,32,Francesco Renga,Noemi,2016.0,"4,17",23.0,Medio-bassa (21-40),https://i.scdn.co/image/ab67616d0000b273a31a28d145a0e27faa6ed08d,11,18,No,Non valutabile,Non valutabile,Da verificare: artista differente,No,No
2005,2000,Anni 2000,Sono qui per questo,Max De Angelis,"D. Calvetti, M. De Angelis e M. Ciappelli",NF (E4),,Senza posizione numerica,Non finalista,1º - 5 marzo,Teatro Ariston,Paolo Bonolis,32,Francesco Renga,Max De Angelis,2005.0,"3,07",12.0,Bassa (0-20),https://i.scdn.co/image/ab67616d0000b2731ea41ce5e53c8f361849c622,0,18,No,No,Non valutabile,Affidabile,Sì,Sì
2005,2000,Anni 2000,L'idea,Equ,"V. Crociani, D. Boscherini e G. Graziani",NF (E4),,Senza posizione numerica,Non finalista,1º - 5 marzo,Teatro Ariston,Paolo Bonolis,32,Francesco Renga,Bandadriatica,2018.0,"3,91",1.0,Bassa (0-20),https://i.scdn.co/image/ab67616d0000b273dd87fd9076c26c85fa3f695e,13,18,No,Non valutabile,Non valutabile,Da verificare: artista differente,No,No
2005,2000,Anni 2000,Non escludo il ritorno,Franco Califano,F. Zampaglione e F. Califano,NF (E3),,Senza posizione numerica,Non finalista,1º - 5 marzo,Teatro Ariston,Paolo Bonolis,32,Francesco Renga,Franco Califano,2005.0,"3,92",36.0,Medio-bassa (21-40),https://i.scdn.co/image/ab67616d0000b2731f626519cd57966dffb801d0,0,18,No,No,Non valutabile,Affidabile,Sì,Sì
2005,2000,Anni 2000,Dovevo dirti molte cose,Velvet,"A. Sgreccia, G. Cornetta, P. Ferrantini e P. Bazzoffi",NF (E3),,Senza posizione numerica,Non finalista,1º - 5 marzo,Teatro Ariston,Paolo Bonolis,32,Francesco Renga,Velvet,2005.0,"3,77",26.0,Medio-bassa (21-40),https://i.scdn.co/image/ab67616d0000b27309198e2fb32e18b93254c054,0,18,No,No,Non valutabile,Affidabile,Sì,Sì
2005,2000,Anni 2000,Segui il tuo cuore,Christian Lo Zito,G. Furnari,NF (E3),,Senza posizione numerica,Non finalista,1º - 5 marzo,Teatro Ariston,Paolo Bonolis,32,Francesco Renga,Gianni Togni,1985.0,"5,50",23.0,Medio-bassa (21-40),https://i.scdn.co/image/ab67616d0000b2736a84ca1520512fdd8e92f015,-20,18,No,Non valutabile,Non valutabile,Da escludere: rilascio precedente,No,No
2005,2000,Anni 2000,Vorrei,Sabrina Guida,"S. Guida, R. D'Aquino e W. Esposito",NF (E3),,Senza posizione numerica,Non finalista,1º - 5 marzo,Teatro Ariston,Paolo Bonolis,32,Francesco Renga,J-AX,2017.0,"3,76",55.0,Media (41-60),https://i.scdn.co/image/ab67616d0000b273c066028017a0adfedc4f0bc7,12,18,No,Non valutabile,Non valutabile,Da verificare: artista differente,No,No
2005,2000,Anni 2000,Riesci a innamorarmi,Modà,F. Silvestre,NF (E3),,Senza posizione numerica,Non finalista,1º - 5 marzo,Teatro Ariston,Paolo Bonolis,32,Francesco Renga,Modà,2005.0,"3,69",25.0,Medio-bassa (21-40),https://i.scdn.co/image/ab67616d0000b273f86879c8004b3588ed465474,0,18,No,No,Non valutabile,Affidabile,Sì,Sì
2005,2000,Anni 2000,A modo mio,Paola & Chiara,C. Iezzi e P. Iezzi,NF (E2),,Senza posizione numerica,Non finalista,1º - 5 marzo,Teatro Ariston,Paolo Bonolis,32,Francesco Renga,Patty Pravo,2018.0,"5,04",6.0,Bassa (0-20),https://i.scdn.co/image/ab67616d0000b2734c3cd14e10be23346a97ef43,13,18,No,Non valutabile,Non valutabile,Da verificare: artista differente,No,No
2005,2000,Anni 2000,Le parole,Umberto Tozzi,U. Tozzi e R. Ancillotti,NF (E2),,Senza posizione numerica,Non finalista,1º - 5 marzo,Teatro Ariston,Paolo Bonolis,32,Francesco Renga,Coez,2015.0,"3,75",48.0,Media (41-60),https://i.scdn.co/image/ab67616d0000b2737a3ac958bb7d53520cd8d798,10,18,No,Non valutabile,Non valutabile,Da verificare: artista differente,No,No
2005,2000,Anni 2000,Ci vuole k...,Concido,"A. Plebani, G. Costantini, M. Tarantelli",NF (E2),,Senza posizione numerica,Non finalista,1º - 5 marzo,Teatro Ariston,Paolo Bonolis,32,Francesco Renga,Michele Zarrillo,1997.0,"4,15",43.0,Media (41-60),https://i.scdn.co/image/ab67616d0000b273fb14edd7e3820814672698e0,-8,18,No,Non valutabile,Non valutabile,Da escludere: rilascio precedente,No,No
2005,2000,Anni 2000,Dov'è la terra capitano,Enrico Boccadoro,E. Boccadoro,NF (E2),,Senza posizione numerica,Non finalista,1º - 5 marzo,Teatro Ariston,Paolo Bonolis,32,Francesco Renga,DJ Francesco,2015.0,"3,67",45.0,Media (41-60),https://i.scdn.co/image/ab67616d0000b2738f10f2d5e9d116a645ff1151,10,18,No,Non valutabile,Non valutabile,Da verificare: artista differente,No,No
2005,2000,Anni 2000,Mentre tutto scorre,Negramaro,G. Sangiorgi,NF (E2),,Senza posizione numerica,Non finalista,1º - 5 marzo,Teatro Ariston,Paolo Bonolis,32,Francesco Renga,Negramaro,2006.0,"3,36",61.0,Alta (61-100),https://i.scdn.co/image/ab67616d0000b273acffaed1a44430667c933519,1,18,No,No,Non valutabile,Affidabile,Sì,Sì
2006,2000,Anni 2000,Vorrei avere il becco,Povia,G. Povia,1,1,1º posto,Vincitore,27 febbraio - 4 marzo,Teatro Ariston,Giorgio Panariello,30,Povia,,,,,Dati non disponibili,,,17,No,Non valutabile,Non valutabile,Senza dati Spotify,No,No
2006,2000,Anni 2000,Dove si va,Nomadi,"C. Cattini, D. Sacco, M. Vecchi e G. Carletti",2,2,2º-3º posto,Podio,27 febbraio - 4 marzo,Teatro Ariston,Giorgio Panariello,30,Povia,Nomadi,2006.0,"3,76",39.0,Medio-bassa (21-40),https://i.scdn.co/image/ab67616d0000b273cb87d660b19bfd4e67daf658,0,17,No,No,Non valutabile,Affidabile,Sì,Sì
2006,2000,Anni 2000,Essere una donna,Anna Tatangelo,Mogol e G. D'Alessio,3,3,2º-3º posto,Podio,27 febbraio - 4 marzo,Teatro Ariston,Giorgio Panariello,30,Povia,Anna Tatangelo,2006.0,"4,05",34.0,Medio-bassa (21-40),https://i.scdn.co/image/ab67616d0000b27300a08e36b200ce2ba79c795b,0,17,No,No,Non valutabile,Affidabile,Sì,Sì
2006,2000,Anni 2000,Sole negli occhi,Riccardo Maffoni,R. Maffoni,4,4,4º-10º posto,Altra posizione,27 febbraio - 4 marzo,Teatro Ariston,Giorgio Panariello,30,Povia,Riccardo Maffoni,2004.0,"3,48",6.0,Bassa (0-20),https://i.scdn.co/image/ab67616d0000b273cf6f0ac031b562ce89e352d6,-2,17,No,Non valutabile,Non valutabile,Da escludere: rilascio precedente,No,No
2006,2000,Anni 2000,Che bella gente,Simone Cristicchi,S. Cristicchi e S. Cipollone,F,,Senza posizione numerica,Finalista senza posizione,27 febbraio - 4 marzo,Teatro Ariston,Giorgio Panariello,30,Povia,Simone Cristicchi,2006.0,"3,17",26.0,Medio-bassa (21-40),https://i.scdn.co/image/ab67616d0000b27319663f26d0d4e3074392ebaa,0,17,No,No,Non valutabile,Affidabile,Sì,Sì
2006,2000,Anni 2000,Com'è straordinaria la vita,Dolcenera,"Dolcenera, L. Imerico e R. Pacco",F,,Senza posizione numerica,Finalista senza posizione,27 febbraio - 4 marzo,Teatro Ariston,Giorgio Panariello,30,Povia,Dolcenera,2009.0,"3,91",36.0,Medio-bassa (21-40),https://i.scdn.co/image/ab67616d0000b2733221c6ec6136666e926ae4c2,3,17,No,No,Non valutabile,Affidabile,Sì,Sì
2006,2000,Anni 2000,L'alfabeto degli amanti,Michele Zarrillo,V. Incenzo e M. Zarrillo,F,,Senza posizione numerica,Finalista senza posizione,27 febbraio - 4 marzo,Teatro Ariston,Giorgio Panariello,30,Povia,Michele Zarrillo,2006.0,"3,88",39.0,Medio-bassa (21-40),https://i.scdn.co/image/ab67616d0000b2733e941e65e58f94959dea6d8e,0,17,No,No,Non valutabile,Affidabile,Sì,Sì
2006,2000,Anni 2000,Svegliarsi la mattina,Zero Assoluto,"M. Maffucci, T. De Gasperi, D. Pao, E. Sognato",F,,Senza posizione numerica,Finalista senza posizione,27 febbraio - 4 marzo,Teatro Ariston,Giorgio Panariello,30,Povia,Zero Assoluto,2007.0,"3,72",59.0,Media (41-60),https://i.scdn.co/image/ab67616d0000b273d261a210fcab3f26adda16e2,1,17,No,No,Non valutabile,Affidabile,Sì,Sì
2006,2000,Anni 2000,Tempesta,Simona Bencini,S. Bencini ed E. Toffoli,NF (E4),,Senza posizione numerica,Non finalista,27 febbraio - 4 marzo,Teatro Ariston,Giorgio Panariello,30,Povia,Malika Ayane,2015.0,"3,61",37.0,Medio-bassa (21-40),https://i.scdn.co/image/ab67616d0000b273c8c07f1269d2bcd1bd8e83c7,9,17,No,Non valutabile,Non valutabile,Da verificare: artista differente,No,No
2006,2000,Anni 2000,Lei ha la notte,Nicky Nicolai,"T. Blu, N. Nicolai, M. Rinalduzzi e M. D'Angelo",NF (E4),,Senza posizione numerica,Non finalista,27 febbraio - 4 marzo,Teatro Ariston,Giorgio Panariello,30,Povia,Nicky Nicolai,2006.0,"4,36",6.0,Bassa (0-20),https://i.scdn.co/image/ab67616d0000b27315a0b4a3f67bf861970836ed,0,17,No,No,Non valutabile,Affidabile,Sì,Sì
2006,2000,Anni 2000,L'uomo delle stelle,Ron,Ron,NF (E4),,Senza posizione numerica,Non finalista,27 febbraio - 4 marzo,Teatro Ariston,Giorgio Panariello,30,Povia,Ennio Morricone,1995.0,"3,13",8.0,Bassa (0-20),https://i.scdn.co/image/ab67616d0000b273fd4f714899fbcd8a3ab9230e,-11,17,No,Non valutabile,Non valutabile,Da escludere: rilascio precedente,No,No
2006,2000,Anni 2000,Solo con te,Alex Britti,A. Britti,NF (E4),,Senza posizione numerica,Non finalista,27 febbraio - 4 marzo,Teatro Ariston,Giorgio Panariello,30,Povia,Aiden,2019.0,"3,36",31.0,Medio-bassa (21-40),https://i.scdn.co/image/ab67616d0000b273b9377f7c30805ecac8442cfe,13,17,No,Non valutabile,Non valutabile,Da verificare: artista differente,No,No
2006,2000,Anni 2000,Musica e speranza,I Ragazzi di Scampia con Gigi Finizio,Mogol e G. D'Alessio,NF (E4),,Senza posizione numerica,Non finalista,27 febbraio - 4 marzo,Teatro Ariston,Giorgio Panariello,30,Povia,Linea 77,2013.0,"3,40",23.0,Medio-bassa (21-40),https://i.scdn.co/image/ab67616d0000b273552fef24a1d6deccd0f69f93,7,17,No,Non valutabile,Non valutabile,Da verificare: artista differente,No,No
2006,2000,Anni 2000,Solo lei mi dà,Sugarfree,"F. Zampaglione, M. Amantia, G. Lo Iacono e M. Salom",NF (E4),,Senza posizione numerica,Non finalista,27 febbraio - 4 marzo,Teatro Ariston,Giorgio Panariello,30,Povia,Sugarfree,2005.0,"3,31",34.0,Medio-bassa (21-40),https://i.scdn.co/image/ab67616d0000b27356f5a5eaa342ecdd860ab4c8,-1,17,No,No,Non valutabile,Affidabile,Sì,Sì
2006,2000,Anni 2000,Un mondo senza parole,Monia Russo,B. Illiano,NF (E4),,Senza posizione numerica,Non finalista,27 febbraio - 4 marzo,Teatro Ariston,Giorgio Panariello,30,Povia,Rocco,2021.0,"3,77",1.0,Bassa (0-20),https://i.scdn.co/image/ab67616d0000b27358411b152b4dbcfc1ef689b1,15,17,No,Non valutabile,Non valutabile,Da verificare: artista differente,No,No
2006,2000,Anni 2000,Irraggiungibile,L'Aura,L'Aura,NF (E4),,Senza posizione numerica,Non finalista,27 febbraio - 4 marzo,Teatro Ariston,Giorgio Panariello,30,Povia,Lorenz Simonetti,2023.0,"2,60",42.0,Media (41-60),https://i.scdn.co/image/ab67616d0000b2732874deaa52b8bce77f943a18,17,17,No,Non valutabile,Non valutabile,Da verificare: artista differente,No,No
2006,2000,Anni 2000,Di luna morirei,Helena Hellwig,"C. De Bei, Mango e R. Petruzzi",NF (E4),,Senza posizione numerica,Non finalista,27 febbraio - 4 marzo,Teatro Ariston,Giorgio Panariello,30,Povia,Italian Hitmakers,2014.0,"3,57",0.0,Bassa (0-20),https://i.scdn.co/image/ab67616d0000b27330362cf865e86fb36643ebff,8,17,No,Non valutabile,Non valutabile,Da verificare: artista differente,No,No
2006,2000,Anni 2000,Preda innocente,Tiziano Orecchio,M. Di Franco e A. Zuppini,NF (E4),,Senza posizione numerica,Non finalista,27 febbraio - 4 marzo,Teatro Ariston,Giorgio Panariello,30,Povia,Tiziano Orecchio,2008.0,"5,43",1.0,Bassa (0-20),https://i.scdn.co/image/ab67616d0000b273e244a386cc9ec582bb895034,2,17,No,No,Non valutabile,Affidabile,Sì,Sì
2006,2000,Anni 2000,Un discorso in generale,"Noa, Carlo Fava & Solis String Quartet",C. Fava e G. Martinelli,NF (E3),,Senza posizione numerica,Non finalista,27 febbraio - 4 marzo,Teatro Ariston,Giorgio Panariello,30,Povia,Carlo Fava,2006.0,"3,99",8.0,Bassa (0-20),https://i.scdn.co/image/ab67616d0000b273a4eb7ddc71d34ce36e6d8dea,0,17,No,No,Non valutabile,Affidabile,Sì,Sì
2006,2000,Anni 2000,Noi non possiamo cambiare,Ivana Spagna,M. Morante,NF (E3),,Senza posizione numerica,Non finalista,27 febbraio - 4 marzo,Teatro Ariston,Giorgio Panariello,30,Povia,Ivana Spagna,2009.0,"4,00",3.0,Bassa (0-20),https://i.scdn.co/image/ab67616d0000b273c60d5410f6ac4ba310f26d89,3,17,No,No,Non valutabile,Affidabile,Sì,Sì
2006,2000,Anni 2000,Sparirò,Luca Dirisio,L. Dirisio,NF (E3),,Senza posizione numerica,Non finalista,27 febbraio - 4 marzo,Teatro Ariston,Giorgio Panariello,30,Povia,Luca Dirisio,2006.0,"3,77",38.0,Medio-bassa (21-40),https://i.scdn.co/image/ab67616d0000b27384e052f2fdf75ffcc88316c6,0,17,No,No,Non valutabile,Affidabile,Sì,Sì
2006,2000,Anni 2000,Nel tuo mare,Andrea Ori,"C. Ori, A. Ori e M. Vergnaghi",NF (E3),,Senza posizione numerica,Non finalista,27 febbraio - 4 marzo,Teatro Ariston,Giorgio Panariello,30,Povia,GIO FAL,2018.0,"2,45",0.0,Bassa (0-20),https://i.scdn.co/image/ab67616d0000b2737713cace1686437ac205606d,12,17,No,Non valutabile,Non valutabile,Da verificare: artista differente,No,No
2006,2000,Anni 2000,Rido... forse mi sbaglio,Ameba 4,F. Properzi,NF (E3),,Senza posizione numerica,Non finalista,27 febbraio - 4 marzo,Teatro Ariston,Giorgio Panariello,30,Povia,Ameba4,2006.0,"3,63",2.0,Bassa (0-20),https://i.scdn.co/image/ab67616d0000b273b548fdf3875af18625e3ca7b,0,17,No,No,Non valutabile,Affidabile,Sì,Sì
2006,2000,Anni 2000,Con un gesto,Ivan Segreto,I. Segreto,NF (E3),,Senza posizione numerica,Non finalista,27 febbraio - 4 marzo,Teatro Ariston,Giorgio Panariello,30,Povia,Ivan Segreto,2005.0,"3,72",10.0,Bassa (0-20),https://i.scdn.co/image/ab67616d0000b273320cc8cbbc9db61f17269329,-1,17,No,No,Non valutabile,Affidabile,Sì,Sì
2006,2000,Anni 2000,Processo a me stessa,Anna Oxa,"P. Panella, A. Oxa e A. Miori",NF (E2),,Senza posizione numerica,Non finalista,27 febbraio - 4 marzo,Teatro Ariston,Giorgio Panariello,30,Povia,Anna Oxa,2023.0,"4,28",17.0,Bassa (0-20),https://i.scdn.co/image/ab67616d0000b273386e63f9661e03ae6c90f2ce,17,17,No,No,Non valutabile,Affidabile,Sì,Sì
2006,2000,Anni 2000,Un altro posto nel mondo,Mario Venuti e Arancia Sonora,M. Venuti e Kaballà,NF (E2),,Senza posizione numerica,Non finalista,27 febbraio - 4 marzo,Teatro Ariston,Giorgio Panariello,30,Povia,Mario Venuti,2006.0,"4,17",29.0,Medio-bassa (21-40),https://i.scdn.co/image/ab67616d0000b273486c779ab377a70f5b23f5a6,0,17,No,No,Non valutabile,Affidabile,Sì,Sì
2006,2000,Anni 2000,Liberi di sognare,Gianluca Grignani,G. Grignani,NF (E2),,Senza posizione numerica,Non finalista,27 febbraio - 4 marzo,Teatro Ariston,Giorgio Panariello,30,Povia,Gianluca Grignani,2005.0,"3,96",32.0,Medio-bassa (21-40),https://i.scdn.co/image/ab67616d0000b273d90466a06a21ed91307d4792,-1,17,No,No,Non valutabile,Affidabile,Sì,Sì
2006,2000,Anni 2000,Capirò crescerai,Antonello,A. Carozza e S. Pietroluongo,NF (E2),,Senza posizione numerica,Non finalista,27 febbraio - 4 marzo,Teatro Ariston,Giorgio Panariello,30,Povia,Capo Plaza,2022.0,"3,33",69.0,Alta (61-100),https://i.scdn.co/image/ab67616d0000b273b67137ac4c300ce27f5f817d,16,17,No,Non valutabile,Non valutabile,Da verificare: artista differente,No,No
2006,2000,Anni 2000,Non dimentico più...,Deasonika,"M. Zanotti, W. Clemente, S. Facchi, M. Trentacoste e F. Tumminelli",NF (E2),,Senza posizione numerica,Non finalista,27 febbraio - 4 marzo,Teatro Ariston,Giorgio Panariello,30,Povia,Deasonika,2006.0,"4,08",8.0,Bassa (0-20),https://i.scdn.co/image/ab67616d0000b273e89858a644488febb4bf0fd9,0,17,No,No,Non valutabile,Affidabile,Sì,Sì
2006,2000,Anni 2000,Davvero,Virginio,V. Simonelli e P. Agosta,NF (E2),,Senza posizione numerica,Non finalista,27 febbraio - 4 marzo,Teatro Ariston,Giorgio Panariello,30,Povia,Emma,2010.0,"3,81",31.0,Medio-bassa (21-40),https://i.scdn.co/image/ab67616d0000b273672edb28188f4fe45527d770,4,17,No,Non valutabile,Non valutabile,Da verificare: artista differente,No,No
2007,2000,Anni 2000,Ti regalerò una rosa,Simone Cristicchi,S. Cristicchi,1º,1,1º posto,Vincitore,27 febbraio - 3 marzo,Teatro Ariston,Pippo Baudo,34,Simone Cristicchi,,,,,Dati non disponibili,,,16,No,Non valutabile,Non valutabile,Senza dati Spotify,No,No
2007,2000,Anni 2000,Nel perdono,Al Bano,"R. Zero, V. Incenzo, A. Paoletti e Y. Carrisi",2º,2,2º-3º posto,Podio,27 febbraio - 3 marzo,Teatro Ariston,Pippo Baudo,34,Simone Cristicchi,Tame Impala,2015.0,"6,05",82.0,Alta (61-100),https://i.scdn.co/image/ab67616d0000b2739e1cfc756886ac782e363d79,8,16,No,Non valutabile,Non valutabile,Da verificare: artista differente,No,No
2007,2000,Anni 2000,Schiavo d'amore,Piero Mazzocchetti,G. Morra e M. Fabrizio,3º,3,2º-3º posto,Podio,27 febbraio - 3 marzo,Teatro Ariston,Pippo Baudo,34,Simone Cristicchi,Piero Mazzocchetti,2015.0,"4,04",3.0,Bassa (0-20),https://i.scdn.co/image/ab67616d0000b27392010fe8be6a1fb9eb6ac5d1,8,16,No,No,Non valutabile,Affidabile,Sì,Sì
2007,2000,Anni 2000,La paranza,Daniele Silvestri,D. Silvestri,4º,4,4º-10º posto,Altra posizione,27 febbraio - 3 marzo,Teatro Ariston,Pippo Baudo,34,Simone Cristicchi,Daniele Silvestri,2007.0,"4,14",48.0,Media (41-60),https://i.scdn.co/image/ab67616d0000b273f584ee41ca975be8f6a48eb0,0,16,No,No,Non valutabile,Affidabile,Sì,Sì
2007,2000,Anni 2000,Chissà se nevica,Mango,G. Mango e C. De Bei,5º,5,4º-10º posto,Altra posizione,27 febbraio - 3 marzo,Teatro Ariston,Pippo Baudo,34,Simone Cristicchi,Mango,2007.0,"4,01",18.0,Bassa (0-20),https://i.scdn.co/image/ab67616d0000b2732280fe3211a338532284fb40,0,16,No,No,Non valutabile,Affidabile,Sì,Sì
2007,2000,Anni 2000,Musica,Paolo Meneguzzi,"P. Meneguzzi, R. Di Bella e D. Melotti",6º,6,4º-10º posto,Altra posizione,27 febbraio - 3 marzo,Teatro Ariston,Pippo Baudo,34,Simone Cristicchi,Colapesce,2021.0,"3,95",63.0,Alta (61-100),https://i.scdn.co/image/ab67616d0000b273b94d4938b5e09f77aa6e088e,14,16,No,Non valutabile,Non valutabile,Da verificare: artista differente,No,No
2007,2000,Anni 2000,Il terzo fuochista,Tosca,"R. Mascellino, M. Venturiello e Tosca",7º,7,4º-10º posto,Altra posizione,27 febbraio - 3 marzo,Teatro Ariston,Pippo Baudo,34,Simone Cristicchi,Tosca,2007.0,"4,03",30.0,Medio-bassa (21-40),https://i.scdn.co/image/ab67616d0000b27328763c998fb0a3a7d2a30902,0,16,No,No,Non valutabile,Affidabile,Sì,Sì
2007,2000,Anni 2000,Vivere normale,Francesco con Roby Facchinetti,"S. Bertolotti, D. Calvetti, M. Ciappelli e F. Facchinetti",8º,8,4º-10º posto,Altra posizione,27 febbraio - 3 marzo,Teatro Ariston,Pippo Baudo,34,Simone Cristicchi,Francesco Facchinetti,2007.0,"3,51",9.0,Bassa (0-20),https://i.scdn.co/image/ab67616d0000b2731d46f262c83815f53319f384,0,16,No,No,Non valutabile,Affidabile,Sì,Sì
2007,2000,Anni 2000,Appena prima di partire,Zero Assoluto,"M. Maffucci, T. De Gasperi, D. Pao ed E. Sognato",9º,9,4º-10º posto,Altra posizione,27 febbraio - 3 marzo,Teatro Ariston,Pippo Baudo,34,Simone Cristicchi,Zero Assoluto,2007.0,"3,36",41.0,Media (41-60),https://i.scdn.co/image/ab67616d0000b273d261a210fcab3f26adda16e2,0,16,No,No,Non valutabile,Affidabile,Sì,Sì
2007,2000,Anni 2000,Canzone fra le guerre,Antonella Ruggiero,C. Carrara e A. Ruggiero,10º,10,4º-10º posto,Altra posizione,27 febbraio - 3 marzo,Teatro Ariston,Pippo Baudo,34,Simone Cristicchi,C. Carrara,2007.0,"4,02",4.0,Bassa (0-20),https://i.scdn.co/image/ab67616d0000b27354ec106bc5b5ac78c542fe65,0,16,No,Non valutabile,Non valutabile,Da verificare: artista differente,No,No
2007,2000,Anni 2000,Amami per sempre,Amalia Gré,"A. Grezio, M. Ranauro e P. Palma",NC,,Senza posizione numerica,Non classificata,27 febbraio - 3 marzo,Teatro Ariston,Pippo Baudo,34,Simone Cristicchi,Amalia Gre',2007.0,"3,95",24.0,Medio-bassa (21-40),https://i.scdn.co/image/ab67616d0000b2735d8e4eddf56b1a1c1e743377,0,16,No,No,Non valutabile,Affidabile,Sì,Sì
2007,2000,Anni 2000,Forever per sempre,Marcella e Gianni Bella,Mogol e G. Bella,NC,,Senza posizione numerica,Non classificata,27 febbraio - 3 marzo,Teatro Ariston,Pippo Baudo,34,Simone Cristicchi,Gianni Bella,2007.0,"3,95",20.0,Bassa (0-20),https://i.scdn.co/image/ab67616d0000b2731f8ebff085d766c2ad148a1a,0,16,No,No,Non valutabile,Affidabile,Sì,Sì
2007,2000,Anni 2000,Guardami,Stadio,S. Grandi e G. Curreri,NC,,Senza posizione numerica,Non classificata,27 febbraio - 3 marzo,Teatro Ariston,Pippo Baudo,34,Simone Cristicchi,Gianluca Modanese,2017.0,"3,27",34.0,Medio-bassa (21-40),https://i.scdn.co/image/ab67616d0000b2739cfba0957e8379fdd0c90e38,10,16,No,Non valutabile,Non valutabile,Da verificare: artista differente,No,No
2007,2000,Anni 2000,In Italia si sta male (si sta bene anziché no),Paolo Rossi,R. Gaetano,NC,,Senza posizione numerica,Non classificata,27 febbraio - 3 marzo,Teatro Ariston,Pippo Baudo,34,Simone Cristicchi,Sfera Ebbasta,2021.0,"2,70",65.0,Alta (61-100),https://i.scdn.co/image/ab67616d0000b273affffa7ab8803fca453be456,14,16,No,Non valutabile,Non valutabile,Da verificare: artista differente,No,No
2007,2000,Anni 2000,Luna in piena,Nada,N. Malanima,NC,,Senza posizione numerica,Non classificata,27 febbraio - 3 marzo,Teatro Ariston,Pippo Baudo,34,Simone Cristicchi,Nada,2007.0,"3,79",30.0,Medio-bassa (21-40),https://i.scdn.co/image/ab67616d0000b27372e3cac1322318cc45748896,0,16,No,No,Non valutabile,Affidabile,Sì,Sì
2007,2000,Anni 2000,Meglio così,Johnny Dorelli,G. Calabrese e G. Ferrio,NC,,Senza posizione numerica,Non classificata,27 febbraio - 3 marzo,Teatro Ariston,Pippo Baudo,34,Simone Cristicchi,Gazzelle,2017.0,"4,02",49.0,Media (41-60),https://i.scdn.co/image/ab67616d0000b27349f06d12dcbd5bbf2f6ac02a,10,16,No,Non valutabile,Non valutabile,Da verificare: artista differente,No,No
2007,2000,Anni 2000,Oltre il giardino,Fabio Concato,F. Concato,NC,,Senza posizione numerica,Non classificata,27 febbraio - 3 marzo,Teatro Ariston,Pippo Baudo,34,Simone Cristicchi,Miele Band,2022.0,"3,74",7.0,Bassa (0-20),https://i.scdn.co/image/ab67616d0000b2737ef0522377e8282fbcdd11b1,15,16,No,Non valutabile,Non valutabile,Da verificare: artista differente,No,No
2007,2000,Anni 2000,Senza me ti pentirai,Leda Battisti,L. Battisti e A. Battaglia,NC,,Senza posizione numerica,Non classificata,27 febbraio - 3 marzo,Teatro Ariston,Pippo Baudo,34,Simone Cristicchi,Leda Battisti,2007.0,"3,64",6.0,Bassa (0-20),https://i.scdn.co/image/ab67616d0000b27302bc7ddd02948894a9332aa6,0,16,No,No,Non valutabile,Affidabile,Sì,Sì
2007,2000,Anni 2000,The Show Must Go On,Milva,G. Faletti,NC,,Senza posizione numerica,Non classificata,27 febbraio - 3 marzo,Teatro Ariston,Pippo Baudo,34,Simone Cristicchi,Queen,1991.0,"4,63",71.0,Alta (61-100),https://i.scdn.co/image/ab67616d0000b273024b36346101df444742cde2,-16,16,No,Non valutabile,Non valutabile,Da escludere: rilascio precedente,No,No
2007,2000,Anni 2000,Tutto da rifare,Velvet,"A. Sgreccia, G. Cornetta, P. Ferrantini e P. Bazzoffi",NC,,Senza posizione numerica,Non classificata,27 febbraio - 3 marzo,Teatro Ariston,Pippo Baudo,34,Simone Cristicchi,DJ Matrix,2023.0,"2,56",36.0,Medio-bassa (21-40),https://i.scdn.co/image/ab67616d0000b2738fcb0cf37aa92614bb6e63eb,16,16,No,Non valutabile,Non valutabile,Da verificare: artista differente,No,No
2008,2000,Anni 2000,Colpo di fulmine,Giò Di Tonno e Lola Ponce,G. Nannini,1º,1,1º posto,Vincitore,25 febbraio - 1º marzo,Teatro Ariston,Pippo Baudo,34,Giò Di Tonno,,,,,Dati non disponibili,,,15,No,Non valutabile,Non valutabile,Senza dati Spotify,No,No
2008,2000,Anni 2000,Il mio amico,Anna Tatangelo,L. D'Alessio,2º,2,2º-3º posto,Podio,25 febbraio - 1º marzo,Teatro Ariston,Pippo Baudo,34,Giò Di Tonno,Madame,2021.0,"3,48",47.0,Media (41-60),https://i.scdn.co/image/ab67616d0000b2731609a0ae525b5bc95850efe7,13,15,No,Non valutabile,Non valutabile,Da verificare: artista differente,No,No
2008,2000,Anni 2000,Eppure mi hai cambiato la vita,Fabrizio Moro,F. Moro,3º,3,2º-3º posto,Podio,25 febbraio - 1º marzo,Teatro Ariston,Pippo Baudo,34,Giò Di Tonno,Fabrizio Moro,2016.0,"3,44",40.0,Medio-bassa (21-40),https://i.scdn.co/image/ab67616d0000b273842e1308b26b2e9fa6e33b25,8,15,No,No,Non valutabile,Affidabile,Sì,Sì
2008,2000,Anni 2000,Un falco chiuso in gabbia,Toto Cutugno,S. Cutugno e D. De Marinis,4º,4,4º-10º posto,Altra posizione,25 febbraio - 1º marzo,Teatro Ariston,Pippo Baudo,34,Giò Di Tonno,Toto Cutugno,2008.0,"4,29",24.0,Medio-bassa (21-40),https://i.scdn.co/image/ab67616d0000b273a55b1d6c7f3a2492d1299def,0,15,No,No,Non valutabile,Affidabile,Sì,Sì
2008,2000,Anni 2000,Ricordi,Finley,"C. Ruggiero, D. Persoglio, M. Pedretti, S. Mantegazza e D. Calvio",5º,5,4º-10º posto,Altra posizione,25 febbraio - 1º marzo,Teatro Ariston,Pippo Baudo,34,Giò Di Tonno,Medy,2023.0,"3,08",73.0,Alta (61-100),https://i.scdn.co/image/ab67616d0000b27389d7596b1dbf1d87abc2421f,15,15,No,Non valutabile,Non valutabile,Da verificare: artista differente,No,No
2008,2000,Anni 2000,Grande,Paolo Meneguzzi,"L. Panceri, P. Meneguzzo e D. Melotti",6º,6,4º-10º posto,Altra posizione,25 febbraio - 1º marzo,Teatro Ariston,Pippo Baudo,34,Giò Di Tonno,Il Volo,2015.0,"3,75",60.0,Media (41-60),https://i.scdn.co/image/ab67616d0000b273e6ec2a341b6d0bfc9ee5ad28,7,15,No,Non valutabile,Non valutabile,Da verificare: artista differente,No,No
2008,2000,Anni 2000,L'amore non si spiega,Sergio Cammariere,R. Kunstler e S. Cammariere,7º,7,4º-10º posto,Altra posizione,25 febbraio - 1º marzo,Teatro Ariston,Pippo Baudo,34,Giò Di Tonno,Sergio Cammariere,2008.0,"3,90",45.0,Media (41-60),https://i.scdn.co/image/ab67616d0000b273b9fedc906f4598428568284a,0,15,No,No,Non valutabile,Affidabile,Sì,Sì
2008,2000,Anni 2000,Cammina nel sole,Gianluca Grignani,G. Grignani,8º,8,4º-10º posto,Altra posizione,25 febbraio - 1º marzo,Teatro Ariston,Pippo Baudo,34,Giò Di Tonno,Gianluca Grignani,2008.0,"4,43",50.0,Media (41-60),https://i.scdn.co/image/ab67616d0000b273c3c62df8e7d3a3bbc9ef7169,0,15,No,No,Non valutabile,Affidabile,Sì,Sì
2008,2000,Anni 2000,Non finisce qui,Little Tony,D. Amerio,9º,9,4º-10º posto,Altra posizione,25 febbraio - 1º marzo,Teatro Ariston,Pippo Baudo,34,Giò Di Tonno,Little Tony,2012.0,"3,51",41.0,Media (41-60),https://i.scdn.co/image/ab67616d0000b27379a681804ba37c8df73be66e,4,15,No,No,Non valutabile,Affidabile,Sì,Sì
2008,2000,Anni 2000,Grande sud,Eugenio Bennato,E. Bennato,10º,10,4º-10º posto,Altra posizione,25 febbraio - 1º marzo,Teatro Ariston,Pippo Baudo,34,Giò Di Tonno,Eugenio Bennato,2008.0,"3,47",27.0,Medio-bassa (21-40),https://i.scdn.co/image/ab67616d0000b2732a1a4762915fbc15b0819728,0,15,No,No,Non valutabile,Affidabile,Sì,Sì
2008,2000,Anni 2000,Baciami adesso,Mietta,P. Panella e D. Ronda,11º,11,Oltre il 10º posto,Altra posizione,25 febbraio - 1º marzo,Teatro Ariston,Pippo Baudo,34,Giò Di Tonno,Enrico Nigiotti,2020.0,"3,05",52.0,Media (41-60),https://i.scdn.co/image/ab67616d0000b273eeedd4dbf8d0c25b83cf0429,12,15,No,Non valutabile,Non valutabile,Da verificare: artista differente,No,No
2008,2000,Anni 2000,Il solito sesso,Max Gazzè,F. Gazzè e M. Gazzè,12º,12,Oltre il 10º posto,Altra posizione,25 febbraio - 1º marzo,Teatro Ariston,Pippo Baudo,34,Giò Di Tonno,Max Gazzè,2008.0,"3,38",65.0,Alta (61-100),https://i.scdn.co/image/ab67616d0000b273ecc4b8f1a5cf247b603d412f,0,15,No,No,Non valutabile,Affidabile,Sì,Sì
2008,2000,Anni 2000,Basta!,L'Aura,L. Abela,13º,13,Oltre il 10º posto,Altra posizione,25 febbraio - 1º marzo,Teatro Ariston,Pippo Baudo,34,Giò Di Tonno,L'Aura,2008.0,"3,76",14.0,Bassa (0-20),https://i.scdn.co/image/ab67616d0000b273d6e55dc8329b9497da432d99,0,15,No,No,Non valutabile,Affidabile,Sì,Sì
2008,2000,Anni 2000,Rivoluzione,Frankie hi-nrg mc,"F. Di Gesù, F. Bruni e C. Galbignani",14º,14,Oltre il 10º posto,Altra posizione,25 febbraio - 1º marzo,Teatro Ariston,Pippo Baudo,34,Giò Di Tonno,Renato Zero,2016.0,"4,26",21.0,Medio-bassa (21-40),https://i.scdn.co/image/ab67616d0000b273ff4d9b9cc1e2b16b95e111b2,8,15,No,Non valutabile,Non valutabile,Da verificare: artista differente,No,No
2008,2000,Anni 2000,L'ultimo film insieme,Michele Zarrillo,G. Artegiani e M. Zarrillo,15º,15,Oltre il 10º posto,Altra posizione,25 febbraio - 1º marzo,Teatro Ariston,Pippo Baudo,34,Giò Di Tonno,Michele Zarrillo,2008.0,"3,67",21.0,Medio-bassa (21-40),https://i.scdn.co/image/ab67616d0000b2739715029bebcf36f30659bde6,0,15,No,No,Non valutabile,Affidabile,Sì,Sì
2008,2000,Anni 2000,Vita tranquilla,Tricarico,F. Tricarico,16º,16,Oltre il 10º posto,Altra posizione,25 febbraio - 1º marzo,Teatro Ariston,Pippo Baudo,34,Giò Di Tonno,Tricarico,2008.0,"4,35",32.0,Medio-bassa (21-40),https://i.scdn.co/image/ab67616d0000b2732f1a7b866dbea1cb91d0ba05,0,15,No,No,Non valutabile,Affidabile,Sì,Sì
2008,2000,Anni 2000,Il rubacuori,Tiromancino,F. Zampaglione,17º,17,Oltre il 10º posto,Altra posizione,25 febbraio - 1º marzo,Teatro Ariston,Pippo Baudo,34,Giò Di Tonno,Tiromancino,2008.0,"3,61",5.0,Bassa (0-20),https://i.scdn.co/image/ab67616d0000b273fcfd12b810b958decbdd6f69,0,15,No,No,Non valutabile,Affidabile,Sì,Sì
2008,2000,Anni 2000,Cammina cammina,Amedeo Minghi,G. Marcucci e A. Minghi,18º,18,Oltre il 10º posto,Altra posizione,25 febbraio - 1º marzo,Teatro Ariston,Pippo Baudo,34,Giò Di Tonno,Paolo Serazzi,2018.0,"1,29",47.0,Media (41-60),https://i.scdn.co/image/ab67616d0000b2738e6cbfe446860a4db1a49c4d,10,15,No,Non valutabile,Non valutabile,Da verificare: artista differente,No,No
2008,2000,Anni 2000,A ferro e fuoco,Mario Venuti,M. Venuti e Kaballà,19º,19,Oltre il 10º posto,Altra posizione,25 febbraio - 1º marzo,Teatro Ariston,Pippo Baudo,34,Giò Di Tonno,Mario Venuti,2008.0,"3,83",19.0,Bassa (0-20),https://i.scdn.co/image/ab67616d0000b2734c5ebd5ac29dcd2c3133d920,0,15,No,No,Non valutabile,Affidabile,Sì,Sì
2008,2000,Anni 2000,Musica e parole,Loredana Bertè,"L. Bertè, A. Radius e O. Avogadro",Esclusa,,Senza posizione numerica,Esclusa/o,25 febbraio - 1º marzo,Teatro Ariston,Pippo Baudo,34,Giò Di Tonno,Ligabue,2023.0,"3,12",43.0,Media (41-60),https://i.scdn.co/image/ab67616d0000b27330a1e5d3aac7e1a3fc32b29c,15,15,No,Non valutabile,Non valutabile,Da verificare: artista differente,No,No
2009,2000,Anni 2000,La forza mia,Marco Carta,P. Carta,1º,1,1º posto,Vincitore,17 - 21 febbraio,Teatro Ariston,Paolo Bonolis,26,Marco Carta,,,,,Dati non disponibili,,,14,No,Non valutabile,Non valutabile,Senza dati Spotify,No,No
2009,2000,Anni 2000,Luca era gay,Povia,G. Povia,2º,2,2º-3º posto,Podio,17 - 21 febbraio,Teatro Ariston,Paolo Bonolis,26,Marco Carta,Povia,2009.0,"4,16",25.0,Medio-bassa (21-40),https://i.scdn.co/image/ab67616d0000b27358bbc189c4c36c697fed9721,0,14,No,No,Non valutabile,Affidabile,Sì,Sì
2009,2000,Anni 2000,Non riesco a farti innamorare,Sal Da Vinci,"V. D'Agostino, L. D'Alessio e S. M. Sorrentino",3º,3,2º-3º posto,Podio,17 - 21 febbraio,Teatro Ariston,Paolo Bonolis,26,Marco Carta,Sal Da Vinci,2009.0,"3,63",43.0,Media (41-60),https://i.scdn.co/image/ab67616d0000b273ee33dd4799ec5333b988847a,0,14,No,No,Non valutabile,Affidabile,Sì,Sì
2009,2000,Anni 2000,Uomo senza età,Francesco Renga,F. Renga e M. Zappatini,F,,Senza posizione numerica,Finalista senza posizione,17 - 21 febbraio,Teatro Ariston,Paolo Bonolis,26,Marco Carta,Francesco Renga,2009.0,"3,15",10.0,Bassa (0-20),https://i.scdn.co/image/ab67616d0000b273674e65eb389a4738c29c1213,0,14,No,No,Non valutabile,Affidabile,Sì,Sì
2009,2000,Anni 2000,Una piccola parte di te,Fausto Leali,G. Fasano e F. Berlincioni,F,,Senza posizione numerica,Finalista senza posizione,17 - 21 febbraio,Teatro Ariston,Paolo Bonolis,26,Marco Carta,Fausto Leali,2013.0,"3,73",17.0,Bassa (0-20),https://i.scdn.co/image/ab67616d0000b27388ba20cf1447a9a02316548a,4,14,No,No,Non valutabile,Affidabile,Sì,Sì
2009,2000,Anni 2000,L'Italia,Marco Masini,M. Masini e B. Dati,F,,Senza posizione numerica,Finalista senza posizione,17 - 21 febbraio,Teatro Ariston,Paolo Bonolis,26,Marco Carta,Brusco,2009.0,"3,10",10.0,Bassa (0-20),https://i.scdn.co/image/ab67616d0000b2734b8c369da759e7ffdc261745,0,14,No,Non valutabile,Non valutabile,Da verificare: artista differente,No,No
2009,2000,Anni 2000,E io verrò un giorno là,Patty Pravo,A. Cutri,F,,Senza posizione numerica,Finalista senza posizione,17 - 21 febbraio,Teatro Ariston,Paolo Bonolis,26,Marco Carta,Patty Pravo,2013.0,"4,03",19.0,Bassa (0-20),https://i.scdn.co/image/ab67616d0000b27320d85671245a195cd17b4637,4,14,No,No,Non valutabile,Affidabile,Sì,Sì
2009,2000,Anni 2000,Biancaneve,Alexia feat. Mario Lavezzi,Mogol e M. Lavezzi,F,,Senza posizione numerica,Finalista senza posizione,17 - 21 febbraio,Teatro Ariston,Paolo Bonolis,26,Marco Carta,The Pietro Carapellucci Choir,2022.0,"2,75",33.0,Medio-bassa (21-40),https://i.scdn.co/image/ab67616d0000b273c3fedb03c224bf5732567eac,13,14,No,Non valutabile,Non valutabile,Da verificare: artista differente,No,No
2009,2000,Anni 2000,L'amore è sempre amore,Al Bano,G. Morra e M. Fabrizio,F,,Senza posizione numerica,Finalista senza posizione,17 - 21 febbraio,Teatro Ariston,Paolo Bonolis,26,Marco Carta,Nina Zilli,2012.0,"3,43",45.0,Media (41-60),https://i.scdn.co/image/ab67616d0000b2739846f0e4f1a252daab6be89c,3,14,No,Non valutabile,Non valutabile,Da verificare: artista differente,No,No
2009,2000,Anni 2000,L'opportunità,"Pupo, Paolo Belli e Youssou N'Dour",Mogol e E. Ghinazzi,F,,Senza posizione numerica,Finalista senza posizione,17 - 21 febbraio,Teatro Ariston,Paolo Bonolis,26,Marco Carta,Jacques Dutronc,1969.0,"2,71",44.0,Media (41-60),https://i.scdn.co/image/ab67616d0000b2736467d410b7ae4424c6011ae2,-40,14,No,Non valutabile,Non valutabile,Da escludere: rilascio precedente,No,No
2009,2000,Anni 2000,Il mio amore unico,Dolcenera,"Dolcenera, S. Lanza, G. P. Ameli e O. Avogadro",NF,,Senza posizione numerica,Non finalista,17 - 21 febbraio,Teatro Ariston,Paolo Bonolis,26,Marco Carta,Dolcenera,2009.0,"3,76",22.0,Medio-bassa (21-40),https://i.scdn.co/image/ab67616d0000b273de48aabaa2af3005a472e70b,0,14,No,No,Non valutabile,Affidabile,Sì,Sì
2009,2000,Anni 2000,Vivi per un miracolo,Gemelli DiVersi,"L. Aleotti, A. Merli, E. Busnaghi e F. Stranges",NF,,Senza posizione numerica,Non finalista,17 - 21 febbraio,Teatro Ariston,Paolo Bonolis,26,Marco Carta,Gemelli Diversi,2009.0,"4,23",30.0,Medio-bassa (21-40),https://i.scdn.co/image/ab67616d0000b2735e0b779973af53877143e9ce,0,14,No,No,Non valutabile,Affidabile,Sì,Sì
2009,2000,Anni 2000,Più sole,Nicky Nicolai e Stefano Di Battista,L. Cherubini e S. Di Battista,NF,,Senza posizione numerica,Non finalista,17 - 21 febbraio,Teatro Ariston,Paolo Bonolis,26,Marco Carta,Nicky Nicolai,2009.0,"4,16",20.0,Bassa (0-20),https://i.scdn.co/image/ab67616d0000b273cf28eb6fc0f2eb8b63d0a788,0,14,No,No,Non valutabile,Affidabile,Sì,Sì
2009,2000,Anni 2000,Il paese è reale,Afterhours,"M. Agnelli, G. Ciccarelli, R. D'Erasmo, E. Gabrielli e G. Prette",NF,,Senza posizione numerica,Non finalista,17 - 21 febbraio,Teatro Ariston,Paolo Bonolis,26,Marco Carta,Afterhours,2009.0,"3,83",26.0,Medio-bassa (21-40),https://i.scdn.co/image/ab67616d0000b273f4931a461f3ca69ae5274de4,0,14,No,No,Non valutabile,Affidabile,Sì,Sì
2009,2000,Anni 2000,Il bosco delle fragole,Tricarico,F. Tricarico,NF,,Senza posizione numerica,Non finalista,17 - 21 febbraio,Teatro Ariston,Paolo Bonolis,26,Marco Carta,Tricarico,2009.0,"3,44",17.0,Bassa (0-20),https://i.scdn.co/image/ab67616d0000b273de9ba26e02d6848beb3b4052,0,14,No,No,Non valutabile,Affidabile,Sì,Sì
2009,2000,Anni 2000,Ti voglio senza amore,Iva Zanicchi,F. Berlincioni e G. Fasano,NF,,Senza posizione numerica,Non finalista,17 - 21 febbraio,Teatro Ariston,Paolo Bonolis,26,Marco Carta,Iva Zanicchi,2009.0,"4,14",5.0,Bassa (0-20),https://i.scdn.co/image/ab67616d0000b273fc5ccecfa5fea7dcc3e8889f,0,14,No,No,Non valutabile,Affidabile,Sì,Sì
2010,2010,Anni 2010,Per tutte le volte che...,Valerio Scanu,P. Carone,1º,1,1º posto,Vincitore,16 - 20 febbraio,Teatro Ariston,Antonella Clerici,25,Valerio Scanu,,,,,Dati non disponibili,,,13,No,Non valutabile,Non valutabile,Senza dati Spotify,No,No
2010,2010,Anni 2010,Italia amore mio,Pupo ed Emanuele Filiberto con Luca Canonici,E. Filiberto ed E. Ghinazzi,2º,2,2º-3º posto,Podio,16 - 20 febbraio,Teatro Ariston,Antonella Clerici,25,Valerio Scanu,Luca Canonici,2013.0,"3,63",30.0,Medio-bassa (21-40),https://i.scdn.co/image/ab67616d0000b273fbd6e3155d76433b6f675213,3,13,No,No,Non valutabile,Affidabile,Sì,Sì
2010,2010,Anni 2010,Credimi ancora,Marco Mengoni,"M. Mengoni, S. Fabiani, M. Calabrese e P. Calabrese",3º,3,2º-3º posto,Podio,16 - 20 febbraio,Teatro Ariston,Antonella Clerici,25,Valerio Scanu,Marco Mengoni,2010.0,"3,44",38.0,Medio-bassa (21-40),https://i.scdn.co/image/ab67616d0000b273bd6850bebf149e4330bd3d6c,0,13,No,No,Non valutabile,Affidabile,Sì,Sì
2010,2010,Anni 2010,Per tutta la vita,Noemi,D. Calvetti e M. Ciappelli,F (4º)[19],4,4º-10º posto,Altra posizione,16 - 20 febbraio,Teatro Ariston,Antonella Clerici,25,Valerio Scanu,Noemi,2009.0,"3,20",47.0,Media (41-60),https://i.scdn.co/image/ab67616d0000b273730baefde7ccff6c83bf8002,-1,13,No,No,Non valutabile,Affidabile,Sì,Sì
2010,2010,Anni 2010,Ricomincio da qui,Malika Ayane,"M. Ayane, Pacifico e F. Arnò",F (5º)[20],5,4º-10º posto,Altra posizione,16 - 20 febbraio,Teatro Ariston,Antonella Clerici,25,Valerio Scanu,Malika Ayane,2010.0,"3,37",38.0,Medio-bassa (21-40),https://i.scdn.co/image/ab67616d0000b27376785773d82f2fb63645c15b,0,13,No,No,Non valutabile,Affidabile,Sì,Sì
2010,2010,Anni 2010,Il mondo piange,Irene Fornaciari feat. Nomadi,"A. Fornaciari, D. Dattoli e I. Fornaciari",F (6º)[21],6,4º-10º posto,Altra posizione,16 - 20 febbraio,Teatro Ariston,Antonella Clerici,25,Valerio Scanu,Irene Fornaciari,2010.0,"3,81",27.0,Medio-bassa (21-40),https://i.scdn.co/image/ab67616d0000b2735cf9757a12b8c3cbb5c54ec1,0,13,No,No,Non valutabile,Affidabile,Sì,Sì
2010,2010,Anni 2010,Meno male,Simone Cristicchi,"S. Cristicchi, F. Di Gesù, E. Marcelli e A. Canini",F (7º)[22],7,4º-10º posto,Altra posizione,16 - 20 febbraio,Teatro Ariston,Antonella Clerici,25,Valerio Scanu,Andrea Vantini,2010.0,"3,21",33.0,Medio-bassa (21-40),https://i.scdn.co/image/ab67616d0000b273461eff3b59b6a7a7d721ef10,0,13,No,Non valutabile,Non valutabile,Da verificare: artista differente,No,No
2010,2010,Anni 2010,La cometa di Halley,Irene Grandi,F. Bianconi e I. Grandi,F (8º)[23],8,4º-10º posto,Altra posizione,16 - 20 febbraio,Teatro Ariston,Antonella Clerici,25,Valerio Scanu,Irene Grandi,2010.0,"3,87",34.0,Medio-bassa (21-40),https://i.scdn.co/image/ab67616d0000b273899841a83c3e7544dd156a6e,0,13,No,No,Non valutabile,Affidabile,Sì,Sì
2010,2010,Anni 2010,Malamorenò,Arisa,G. Anastasi,F (9º)[24],9,4º-10º posto,Altra posizione,16 - 20 febbraio,Teatro Ariston,Antonella Clerici,25,Valerio Scanu,Arisa,2010.0,"3,02",32.0,Medio-bassa (21-40),https://i.scdn.co/image/ab67616d0000b273b365b580edfc390da0e0f0d6,0,13,No,No,Non valutabile,Affidabile,Sì,Sì
2010,2010,Anni 2010,La verità,Povia,G. Povia,F (10º)[25],10,4º-10º posto,Altra posizione,16 - 20 febbraio,Teatro Ariston,Antonella Clerici,25,Valerio Scanu,Brunori Sas,2017.0,"5,04",55.0,Media (41-60),https://i.scdn.co/image/ab67616d0000b2738fa5929955ef6ac8a99499af,7,13,No,Non valutabile,Non valutabile,Da verificare: artista differente,No,No
2010,2010,Anni 2010,La notte delle fate,Enrico Ruggeri,E. Ruggeri,NF,,Senza posizione numerica,Non finalista,16 - 20 febbraio,Teatro Ariston,Antonella Clerici,25,Valerio Scanu,Enrico Ruggeri,2010.0,"3,70",14.0,Bassa (0-20),https://i.scdn.co/image/ab67616d0000b273e57c9cd034f94d2db568e88d,0,13,No,No,Non valutabile,Affidabile,Sì,Sì
2010,2010,Anni 2010,Non è una canzone,Fabrizio Moro,F. Mobrici,NF,,Senza posizione numerica,Non finalista,16 - 20 febbraio,Teatro Ariston,Antonella Clerici,25,Valerio Scanu,The Zen Circus,2018.0,"8,54",17.0,Bassa (0-20),https://i.scdn.co/image/ab67616d0000b273ae18adb0d0aa55f153ebf964,8,13,No,Non valutabile,Non valutabile,Da verificare: artista differente,No,No
2010,2010,Anni 2010,Jammo jà[26],Nino D'Angelo con Maria Nazionale,N. D'Angelo,NF,,Senza posizione numerica,Non finalista,16 - 20 febbraio,Teatro Ariston,Antonella Clerici,25,Valerio Scanu,Nino D'Angelo,2010.0,"3,85",44.0,Media (41-60),https://i.scdn.co/image/ab67616d0000b27329d00713b2efce29209716d6,0,13,No,No,Non valutabile,Affidabile,Sì,Sì
2010,2010,Anni 2010,Baby,Sonohra,R. Tini e D. Fainello,NF,,Senza posizione numerica,Non finalista,16 - 20 febbraio,Teatro Ariston,Antonella Clerici,25,Valerio Scanu,Don Pero,2022.0,"2,52",75.0,Alta (61-100),https://i.scdn.co/image/ab67616d0000b2731f5185de4c80542dc1d79e8e,12,13,No,Non valutabile,Non valutabile,Da verificare: artista differente,No,No
2010,2010,Anni 2010,Aeroplani,Toto Cutugno,"T. Cutugno, C. Romano e S. Iodice",NF,,Senza posizione numerica,Non finalista,16 - 20 febbraio,Teatro Ariston,Antonella Clerici,25,Valerio Scanu,Coez,2019.0,"3,83",39.0,Medio-bassa (21-40),https://i.scdn.co/image/ab67616d0000b2737e05a226a97cdbdcab2c5a21,9,13,No,Non valutabile,Non valutabile,Da verificare: artista differente,No,No
2011,2010,Anni 2010,Chiamami ancora amore,Roberto Vecchioni,R. Vecchioni,1º,1,1º posto,Vincitore,15 - 19 febbraio,Teatro Ariston,Gianni Morandi,22,Roberto Vecchioni,,,,,Dati non disponibili,,,12,No,Non valutabile,Non valutabile,Senza dati Spotify,No,No
2011,2010,Anni 2010,Arriverà,Modà con Emma,"F. Silvestre, E. Zapparoli e E. Palmosi",2º,2,2º-3º posto,Podio,15 - 19 febbraio,Teatro Ariston,Gianni Morandi,22,Roberto Vecchioni,Emma,2014.0,"3,76",29.0,Medio-bassa (21-40),https://i.scdn.co/image/ab67616d0000b2737f3e9490fe6fa2223ebb21db,3,12,No,No,Non valutabile,Affidabile,Sì,Sì
2011,2010,Anni 2010,Amanda è libera,Al Bano,"F. Berlincioni, A. Carrisi e A. Paoletti",3º,3,2º-3º posto,Podio,15 - 19 febbraio,Teatro Ariston,Gianni Morandi,22,Roberto Vecchioni,Al Bano,2017.0,"3,91",15.0,Bassa (0-20),https://i.scdn.co/image/ab67616d0000b27345b8557b0037caa31b959481,6,12,No,No,Non valutabile,Affidabile,Sì,Sì
2011,2010,Anni 2010,Yanez[22],Davide Van De Sfroos,D. Bernasconi,4º,4,4º-10º posto,Altra posizione,15 - 19 febbraio,Teatro Ariston,Gianni Morandi,22,Roberto Vecchioni,Relaxing Music by Finjus Yanez,2022.0,"2,15",0.0,Bassa (0-20),https://i.scdn.co/image/ab67616d0000b27300ef0fa7d846831aecb4ac18,11,12,No,Non valutabile,Non valutabile,Da verificare: artista differente,No,No
2011,2010,Anni 2010,L'alieno,Luca Madonia con Franco Battiato,L. Madonia,5º,5,4º-10º posto,Altra posizione,15 - 19 febbraio,Teatro Ariston,Gianni Morandi,22,Roberto Vecchioni,Aguirre,2023.0,"4,78",1.0,Bassa (0-20),https://i.scdn.co/image/ab67616d0000b273483430c0b9a0633f0355d1b7,12,12,No,Non valutabile,Non valutabile,Da verificare: artista differente,No,No
2011,2010,Anni 2010,Io confesso,La Crus,M. E. Giovanardi e M. Curallo,6º,6,4º-10º posto,Altra posizione,15 - 19 febbraio,Teatro Ariston,Gianni Morandi,22,Roberto Vecchioni,Mauro Ermanno Giovanardi,2013.0,"4,89",10.0,Bassa (0-20),https://i.scdn.co/image/ab67616d0000b273db2308c8b97c4d32d7c22040,2,12,No,Non valutabile,Non valutabile,Da verificare: artista differente,No,No
2011,2010,Anni 2010,Vivo sospesa,Nathalie,N. Giannitrapani,7º,7,4º-10º posto,Altra posizione,15 - 19 febbraio,Teatro Ariston,Gianni Morandi,22,Roberto Vecchioni,Nathalie,2011.0,"3,56",23.0,Medio-bassa (21-40),https://i.scdn.co/image/ab67616d0000b273c8c7aa207e8ac54b340750c0,0,12,No,No,Non valutabile,Affidabile,Sì,Sì
2011,2010,Anni 2010,Fino in fondo,Luca Barbarossa e Raquel del Rosario,L. Barbarossa,8º,8,4º-10º posto,Altra posizione,15 - 19 febbraio,Teatro Ariston,Gianni Morandi,22,Roberto Vecchioni,Luca Barbarossa,2011.0,"4,17",48.0,Media (41-60),https://i.scdn.co/image/ab67616d0000b27397ed44d864860cc104f4abee,0,12,No,No,Non valutabile,Affidabile,Sì,Sì
2011,2010,Anni 2010,Bastardo,Anna Tatangelo,"V. D'Agostino, A. Tatangelo e G. D'Alessio",9º,9,4º-10º posto,Altra posizione,15 - 19 febbraio,Teatro Ariston,Gianni Morandi,22,Roberto Vecchioni,Samurai Jay,2020.0,"2,63",45.0,Media (41-60),https://i.scdn.co/image/ab67616d0000b27394a96546b2f809b198b5f5f1,9,12,No,Non valutabile,Non valutabile,Da verificare: artista differente,No,No
2011,2010,Anni 2010,Il mare immenso,Giusy Ferreri,"Bungaro, G. Ferreri e M. Calò",10º,10,4º-10º posto,Altra posizione,15 - 19 febbraio,Teatro Ariston,Gianni Morandi,22,Roberto Vecchioni,Giusy Ferreri,2011.0,"3,76",35.0,Medio-bassa (21-40),https://i.scdn.co/image/ab67616d0000b273e3e3e1e84602cdc519039174,0,12,No,No,Non valutabile,Affidabile,Sì,Sì
2011,2010,Anni 2010,Il mio secondo tempo,Max Pezzali,M. Pezzali,NF (E4),,Senza posizione numerica,Non finalista,15 - 19 febbraio,Teatro Ariston,Gianni Morandi,22,Roberto Vecchioni,Max Pezzali,2011.0,"3,94",39.0,Medio-bassa (21-40),https://i.scdn.co/image/ab67616d0000b2738313224cc18f3b461379d3be,0,12,No,No,Non valutabile,Affidabile,Sì,Sì
2011,2010,Anni 2010,Tre colori,Tricarico,F. Mesolella,NF (E4),,Senza posizione numerica,Non finalista,15 - 19 febbraio,Teatro Ariston,Gianni Morandi,22,Roberto Vecchioni,Tricarico,2011.0,"3,38",18.0,Bassa (0-20),https://i.scdn.co/image/ab67616d0000b273c9ce934dfd40b792f9e7f9a1,0,12,No,No,Non valutabile,Affidabile,Sì,Sì
2011,2010,Anni 2010,La mia anima d'uomo,Anna Oxa,"L. Imerico, A. Oxa e R. Pacco",NF (E3),,Senza posizione numerica,Non finalista,15 - 19 febbraio,Teatro Ariston,Gianni Morandi,22,Roberto Vecchioni,Anna Oxa,2016.0,"3,66",16.0,Bassa (0-20),https://i.scdn.co/image/ab67616d0000b27367c78c3189c1f05914fb4f48,5,12,No,No,Non valutabile,Affidabile,Sì,Sì
2011,2010,Anni 2010,Il vento e le rose,Patty Pravo,D. Calvetti e M. Ciappelli,NF (E3),,Senza posizione numerica,Non finalista,15 - 19 febbraio,Teatro Ariston,Gianni Morandi,22,Roberto Vecchioni,Patty Pravo,2011.0,"3,78",22.0,Medio-bassa (21-40),https://i.scdn.co/image/ab67616d0000b27389f401134514e82db993d000,0,12,No,No,Non valutabile,Affidabile,Sì,Sì
2012,2010,Anni 2010,Non è l'inferno,Emma,"F. Silvestre, L. Sala e E. Palmosi",1º,1,1º posto,Vincitore,14 - 18 febbraio,Teatro Ariston,Gianni Morandi,22,Emma Marrone,,,,,Dati non disponibili,,,11,No,Non valutabile,Non valutabile,Senza dati Spotify,No,No
2012,2010,Anni 2010,La notte,Arisa,G. Anastasi,2º,2,2º-3º posto,Podio,14 - 18 febbraio,Teatro Ariston,Gianni Morandi,22,Emma Marrone,Modà,2011.0,"3,32",51.0,Media (41-60),https://i.scdn.co/image/ab67616d0000b273d8e5d724f3bab0ed2a7654ce,-1,11,No,Non valutabile,Non valutabile,Da verificare: artista differente,No,No
2012,2010,Anni 2010,Sono solo parole,Noemi,F. Moro,3º,3,2º-3º posto,Podio,14 - 18 febbraio,Teatro Ariston,Gianni Morandi,22,Emma Marrone,Noemi,2012.0,"3,63",57.0,Media (41-60),https://i.scdn.co/image/ab67616d0000b273fbb1c0ef91d13d99aaf3220a,0,11,No,No,Non valutabile,Affidabile,Sì,Sì
2012,2010,Anni 2010,Respirare,Gigi D'Alessio e Loredana Bertè,L. D'Alessio e V. D'Agostino,4º,4,4º-10º posto,Altra posizione,14 - 18 febbraio,Teatro Ariston,Gianni Morandi,22,Emma Marrone,Subsonica,2018.0,"3,79",32.0,Medio-bassa (21-40),https://i.scdn.co/image/ab67616d0000b273573566a63abf86fff188c381,6,11,No,Non valutabile,Non valutabile,Da verificare: artista differente,No,No
2012,2010,Anni 2010,Nanì,Pierdavide Carone e Lucio Dalla,P. Carone e L. Dalla,5º,5,4º-10º posto,Altra posizione,14 - 18 febbraio,Teatro Ariston,Gianni Morandi,22,Emma Marrone,Pierdavide Carone,2012.0,"3,39",30.0,Medio-bassa (21-40),https://i.scdn.co/image/ab67616d0000b27303a2255a6af4559c3e1bec22,0,11,No,No,Non valutabile,Affidabile,Sì,Sì
2012,2010,Anni 2010,Ci vediamo a casa,Dolcenera,Dolcenera,6º,6,4º-10º posto,Altra posizione,14 - 18 febbraio,Teatro Ariston,Gianni Morandi,22,Emma Marrone,Dolcenera,2012.0,"3,99",36.0,Medio-bassa (21-40),https://i.scdn.co/image/ab67616d0000b273fdfe70b27feddd8ec30498d2,0,11,No,No,Non valutabile,Affidabile,Sì,Sì
2012,2010,Anni 2010,Per sempre,Nina Zilli,R. Casalino e N. Zilli,7º,7,4º-10º posto,Altra posizione,14 - 18 febbraio,Teatro Ariston,Gianni Morandi,22,Emma Marrone,Nina Zilli,2012.0,"3,43",45.0,Media (41-60),https://i.scdn.co/image/ab67616d0000b2739846f0e4f1a252daab6be89c,0,11,No,No,Non valutabile,Affidabile,Sì,Sì
2012,2010,Anni 2010,La tua bellezza,Francesco Renga,"F. Renga, D. Mancino e D. Faini",8º,8,4º-10º posto,Altra posizione,14 - 18 febbraio,Teatro Ariston,Gianni Morandi,22,Emma Marrone,Francesco Renga,2012.0,"3,52",42.0,Media (41-60),https://i.scdn.co/image/ab67616d0000b273acb13d59244e8080aa5be147,0,11,No,No,Non valutabile,Affidabile,Sì,Sì
2012,2010,Anni 2010,Un pallone,Samuele Bersani,S. Bersani,9º,9,4º-10º posto,Altra posizione,14 - 18 febbraio,Teatro Ariston,Gianni Morandi,22,Emma Marrone,Enrico Ruggeri,2019.0,"4,40",26.0,Medio-bassa (21-40),https://i.scdn.co/image/ab67616d0000b273884cc01d2368725513d464dd,7,11,No,Non valutabile,Non valutabile,Da verificare: artista differente,No,No
2012,2010,Anni 2010,E tu lo chiami Dio,Eugenio Finardi,R. Di Lorenzo,10º,10,4º-10º posto,Altra posizione,14 - 18 febbraio,Teatro Ariston,Gianni Morandi,22,Emma Marrone,Eugenio Finardi,2013.0,"3,34",17.0,Bassa (0-20),https://i.scdn.co/image/ab67616d0000b2735d0cf76391e2c30b9cc75c67,1,11,No,No,Non valutabile,Affidabile,Sì,Sì
2012,2010,Anni 2010,Sei tu,Matia Bazar,"P. Cassano, G. Golzi e F. Perversi",NF (E4),,Senza posizione numerica,Non finalista,14 - 18 febbraio,Teatro Ariston,Gianni Morandi,22,Emma Marrone,Andrew Underberg,2024.0,"1,00",61.0,Alta (61-100),https://i.scdn.co/image/ab67616d0000b273058d85d25752a6701564ba06,12,11,No,Non valutabile,Non valutabile,Da verificare: artista differente,No,No
2012,2010,Anni 2010,Al posto del mondo,Chiara Civello,C. Civello e D. Tejera,NF (E4),,Senza posizione numerica,Non finalista,14 - 18 febbraio,Teatro Ariston,Gianni Morandi,22,Emma Marrone,Edgar Allan Pop,2023.0,"3,56",3.0,Bassa (0-20),https://i.scdn.co/image/ab67616d0000b273456f76b89e5b3cb0e066faf4,11,11,No,Non valutabile,Non valutabile,Da verificare: artista differente,No,No
2012,2010,Anni 2010,Grande mistero,Irene Fornaciari,D. Van De Sfroos,NF (E3),,Senza posizione numerica,Non finalista,14 - 18 febbraio,Teatro Ariston,Gianni Morandi,22,Emma Marrone,Paolo Buonvino,2000.0,"3,26",26.0,Medio-bassa (21-40),https://i.scdn.co/image/ab67616d0000b2730d3af7031b7db26f246fa184,-12,11,No,Non valutabile,Non valutabile,Da escludere: rilascio precedente,No,No
2012,2010,Anni 2010,Canzone per un figlio,Marlene Kuntz,"C. Godano, R. Tesio e L. Bergia",NF (E3),,Senza posizione numerica,Non finalista,14 - 18 febbraio,Teatro Ariston,Gianni Morandi,22,Emma Marrone,Marlene Kuntz,2012.0,"3,65",17.0,Bassa (0-20),https://i.scdn.co/image/ab67616d0000b273eef04681185f9e008a687220,0,11,No,No,Non valutabile,Affidabile,Sì,Sì
2013,2010,Anni 2010,L'essenziale,Marco Mengoni,"R. Casalino, M. Mengoni e F. De Benedittis",1º,1,1º posto,Vincitore,12 - 16 febbraio,Teatro Ariston,Fabio Fazio,22,Marco Mengoni,,,,,Dati non disponibili,,,10,No,Non valutabile,Non valutabile,Senza dati Spotify,No,No
2013,2010,Anni 2010,La canzone mononota,Elio e le Storie Tese,"S. Belisari, S. Conforti, D. L. Civaschi e N. Fasani",2º,2,2º-3º posto,Podio,12 - 16 febbraio,Teatro Ariston,Fabio Fazio,22,Marco Mengoni,Elio e le Storie Tese,2013.0,"4,98",35.0,Medio-bassa (21-40),https://i.scdn.co/image/ab67616d0000b2736f177eb26aaeb42c46ff8b61,0,10,No,No,Non valutabile,Affidabile,Sì,Sì
2013,2010,Anni 2010,Se si potesse non morire,Modà,F. Silvestre,3º,3,2º-3º posto,Podio,12 - 16 febbraio,Teatro Ariston,Fabio Fazio,22,Marco Mengoni,Modà,2014.0,"4,31",39.0,Medio-bassa (21-40),https://i.scdn.co/image/ab67616d0000b273dd4bb7cb046e7e79928b750b,1,10,No,No,Non valutabile,Affidabile,Sì,Sì
2013,2010,Anni 2010,E se poi,Malika Ayane,G. Sangiorgi,4º,4,4º-10º posto,Altra posizione,12 - 16 febbraio,Teatro Ariston,Fabio Fazio,22,Marco Mengoni,Mario Riccardi,2012.0,"3,32",1.0,Bassa (0-20),https://i.scdn.co/image/ab67616d0000b2737a597d0b802e3d32909fc36a,-1,10,No,Non valutabile,Non valutabile,Da verificare: artista differente,No,No
2013,2010,Anni 2010,Sai (ci basta un sogno),Raphael Gualazzi,R. Gualazzi,5º,5,4º-10º posto,Altra posizione,12 - 16 febbraio,Teatro Ariston,Fabio Fazio,22,Marco Mengoni,Raphael Gualazzi,2014.0,"4,06",26.0,Medio-bassa (21-40),https://i.scdn.co/image/ab67616d0000b273be17598430540368ee66e854,1,10,No,No,Non valutabile,Affidabile,Sì,Sì
2013,2010,Anni 2010,A bocca chiusa,Daniele Silvestri,D. Silvestri,6º,6,4º-10º posto,Altra posizione,12 - 16 febbraio,Teatro Ariston,Fabio Fazio,22,Marco Mengoni,Daniele Silvestri,2013.0,"3,91",49.0,Media (41-60),https://i.scdn.co/image/ab67616d0000b27333f9cbb33f1bb5311e2238d9,0,10,No,No,Non valutabile,Affidabile,Sì,Sì
2013,2010,Anni 2010,Sotto casa,Max Gazzè,"F. Gazzè, M. Gazzè e F. De Benedittis",7º,7,4º-10º posto,Altra posizione,12 - 16 febbraio,Teatro Ariston,Fabio Fazio,22,Marco Mengoni,Max Gazzè,2013.0,"3,97",54.0,Media (41-60),https://i.scdn.co/image/ab67616d0000b27381937d82ff9ad88eb51a1094,0,10,No,No,Non valutabile,Affidabile,Sì,Sì
2013,2010,Anni 2010,Il futuro che sarà,Chiara,"F. Bianconi, L. Chiaravalli e L. Gonzalez Alea",8º,8,4º-10º posto,Altra posizione,12 - 16 febbraio,Teatro Ariston,Fabio Fazio,22,Marco Mengoni,Chiara Galiazzo,2013.0,"3,50",27.0,Medio-bassa (21-40),https://i.scdn.co/image/ab67616d0000b273901793e81fc571bbcc67a966,0,10,No,No,Non valutabile,Affidabile,Sì,Sì
2013,2010,Anni 2010,Scintille,Annalisa,D. Faini e A. Galbiati,9º,9,4º-10º posto,Altra posizione,12 - 16 febbraio,Teatro Ariston,Fabio Fazio,22,Marco Mengoni,Gazzelle,2018.0,"3,20",58.0,Media (41-60),https://i.scdn.co/image/ab67616d0000b273492a28f37c847f3d13ba5a71,5,10,No,Non valutabile,Non valutabile,Da verificare: artista differente,No,No
2013,2010,Anni 2010,È colpa mia,Maria Nazionale,G. Servillo e F. Mesolella,10º,10,4º-10º posto,Altra posizione,12 - 16 febbraio,Teatro Ariston,Fabio Fazio,22,Marco Mengoni,Il Teatro Degli Orrori,2009.0,"5,47",30.0,Medio-bassa (21-40),https://i.scdn.co/image/ab67616d0000b27395c481fe3e29b0332099cb6f,-4,10,No,Non valutabile,Non valutabile,Da escludere: rilascio precedente,No,No
2013,2010,Anni 2010,La prima volta (che sono morto),Simone Cristicchi,S. Cristicchi e L. Pari,11º,11,Oltre il 10º posto,Altra posizione,12 - 16 febbraio,Teatro Ariston,Fabio Fazio,22,Marco Mengoni,Simone Cristicchi,2013.0,"3,20",27.0,Medio-bassa (21-40),https://i.scdn.co/image/ab67616d0000b2737d152249cf5a3a13a70ed478,0,10,No,No,Non valutabile,Affidabile,Sì,Sì
2013,2010,Anni 2010,Vorrei,Marta sui Tubi,"G. Gulino, M. Boschi, C. Pipitone, P. Pischedda e I. Paolini",12º,12,Oltre il 10º posto,Altra posizione,12 - 16 febbraio,Teatro Ariston,Fabio Fazio,22,Marco Mengoni,J-AX,2017.0,"3,76",55.0,Media (41-60),https://i.scdn.co/image/ab67616d0000b273c066028017a0adfedc4f0bc7,4,10,No,Non valutabile,Non valutabile,Da verificare: artista differente,No,No
2013,2010,Anni 2010,La felicità,Simona Molinari con Peter Cincotti,"S. Molinari, M. Vultaggio, P. Cincotti e C. Avarello",13º,13,Oltre il 10º posto,Altra posizione,12 - 16 febbraio,Teatro Ariston,Fabio Fazio,22,Marco Mengoni,Simona Molinari,2013.0,"2,95",40.0,Medio-bassa (21-40),https://i.scdn.co/image/ab67616d0000b273db28569553bdb6e86a058186,0,10,No,No,Non valutabile,Affidabile,Sì,Sì
2013,2010,Anni 2010,Mamma non lo sa,Almamegretta,"G. Della Volpe, P. Polcari e G. Tesone",14º,14,Oltre il 10º posto,Altra posizione,12 - 16 febbraio,Teatro Ariston,Fabio Fazio,22,Marco Mengoni,Almamegretta,2013.0,"3,22",24.0,Medio-bassa (21-40),https://i.scdn.co/image/ab67616d0000b2732678e68a0d847e444465b106,0,10,No,No,Non valutabile,Affidabile,Sì,Sì
2013,2010,Anni 2010,Bellissimo,Marco Mengoni,"G. Nannini, Pacifico e D. Tagliapietra",NF,,Senza posizione numerica,Non finalista,12 - 16 febbraio,Teatro Ariston,Fabio Fazio,22,Marco Mengoni,Alfa,2023.0,"2,62",75.0,Alta (61-100),https://i.scdn.co/image/ab67616d0000b2737f48df21dd62579dcfd712ad,10,10,No,Non valutabile,Non valutabile,Da verificare: artista differente,No,No
2013,2010,Anni 2010,Come l'acqua dentro il mare,Modà,F. Silvestre,NF,,Senza posizione numerica,Non finalista,12 - 16 febbraio,Teatro Ariston,Fabio Fazio,22,Marco Mengoni,Modà,2014.0,"3,42",31.0,Medio-bassa (21-40),https://i.scdn.co/image/ab67616d0000b273dd4bb7cb046e7e79928b750b,1,10,No,No,Non valutabile,Affidabile,Sì,Sì
2013,2010,Anni 2010,Dannati forever,Elio e le Storie Tese,"S. Belisari, S. Conforti, D. L. Civaschi e N. Fasani",NF,,Senza posizione numerica,Non finalista,12 - 16 febbraio,Teatro Ariston,Fabio Fazio,22,Marco Mengoni,Elio e le Storie Tese,2013.0,"3,97",26.0,Medio-bassa (21-40),https://i.scdn.co/image/ab67616d0000b2736f177eb26aaeb42c46ff8b61,0,10,No,No,Non valutabile,Affidabile,Sì,Sì
2013,2010,Anni 2010,Dispari,Marta sui Tubi,"G. Gulino, M. Boschi, C. Pipitone, P. Pischedda e I. Paolini",NF,,Senza posizione numerica,Non finalista,12 - 16 febbraio,Teatro Ariston,Fabio Fazio,22,Marco Mengoni,Marta Sui Tubi,2013.0,"3,68",34.0,Medio-bassa (21-40),https://i.scdn.co/image/ab67616d0000b27333450af5f829fb7cabd9da73,0,10,No,No,Non valutabile,Affidabile,Sì,Sì
2013,2010,Anni 2010,Dr. Jekyll Mr. Hyde,Simona Molinari con Peter Cincotti,L. Luttazzi e A. Zeppieri,NF,,Senza posizione numerica,Non finalista,12 - 16 febbraio,Teatro Ariston,Fabio Fazio,22,Marco Mengoni,Simona Molinari,2013.0,"3,07",32.0,Medio-bassa (21-40),https://i.scdn.co/image/ab67616d0000b273db28569553bdb6e86a058186,0,10,No,No,Non valutabile,Affidabile,Sì,Sì
2013,2010,Anni 2010,I tuoi maledettissimi impegni,Max Gazzè,"F. Gazzè, M. Gazzè, e M. Buzzanca",NF,,Senza posizione numerica,Non finalista,12 - 16 febbraio,Teatro Ariston,Fabio Fazio,22,Marco Mengoni,Max Gazzè,2013.0,"3,49",32.0,Medio-bassa (21-40),https://i.scdn.co/image/ab67616d0000b27381937d82ff9ad88eb51a1094,0,10,No,No,Non valutabile,Affidabile,Sì,Sì
2013,2010,Anni 2010,Il bisogno di te (ricatto d'onor),Daniele Silvestri,D. Silvestri,NF,,Senza posizione numerica,Non finalista,12 - 16 febbraio,Teatro Ariston,Fabio Fazio,22,Marco Mengoni,Emanuele Aloia,2021.0,"2,95",63.0,Alta (61-100),https://i.scdn.co/image/ab67616d0000b273c8472215715f80d262638921,8,10,No,Non valutabile,Non valutabile,Da verificare: artista differente,No,No
2013,2010,Anni 2010,L'esperienza dell'amore,Chiara,F. Zampaglione e D. Zampaglione,NF,,Senza posizione numerica,Non finalista,12 - 16 febbraio,Teatro Ariston,Fabio Fazio,22,Marco Mengoni,Chiara Galiazzo,2013.0,"3,28",8.0,Bassa (0-20),https://i.scdn.co/image/ab67616d0000b27355463f282fe7e5a9c8e4f31a,0,10,No,No,Non valutabile,Affidabile,Sì,Sì
2013,2010,Anni 2010,Mi manchi,Simone Cristicchi,"S. Cristicchi, F. Di Salvo e R. Pacco",NF,,Senza posizione numerica,Non finalista,12 - 16 febbraio,Teatro Ariston,Fabio Fazio,22,Marco Mengoni,Paky,2022.0,"3,10",62.0,Alta (61-100),https://i.scdn.co/image/ab67616d0000b273079d4ace79994f70725d5759,9,10,No,Non valutabile,Non valutabile,Da verificare: artista differente,No,No
2013,2010,Anni 2010,Niente,Malika Ayane,G. Sangiorgi,NF,,Senza posizione numerica,Non finalista,12 - 16 febbraio,Teatro Ariston,Fabio Fazio,22,Marco Mengoni,Marracash,2016.0,"3,78",64.0,Alta (61-100),https://i.scdn.co/image/ab67616d0000b273bfff1cc3a4f34f0b59445642,3,10,No,Non valutabile,Non valutabile,Da verificare: artista differente,No,No
2013,2010,Anni 2010,Non so ballare,Annalisa,E. Meta,NF,,Senza posizione numerica,Non finalista,12 - 16 febbraio,Teatro Ariston,Fabio Fazio,22,Marco Mengoni,Tommycassi,2018.0,"3,13",28.0,Medio-bassa (21-40),https://i.scdn.co/image/ab67616d0000b2734e17d1e1ae01e3b5642400c9,5,10,No,Non valutabile,Non valutabile,Da verificare: artista differente,No,No
2013,2010,Anni 2010,Onda che vai,Almamegretta,F. Zampaglione e D. Zampaglione,NF,,Senza posizione numerica,Non finalista,12 - 16 febbraio,Teatro Ariston,Fabio Fazio,22,Marco Mengoni,Tiromancino,2016.0,"3,37",10.0,Bassa (0-20),https://i.scdn.co/image/ab67616d0000b27382f371108ffff7921f2f7b14,3,10,No,Non valutabile,Non valutabile,Da verificare: artista differente,No,No
2013,2010,Anni 2010,Quando non parlo,Maria Nazionale,E. Gragnaniello,NF,,Senza posizione numerica,Non finalista,12 - 16 febbraio,Teatro Ariston,Fabio Fazio,22,Marco Mengoni,Postino,2018.0,"3,36",33.0,Medio-bassa (21-40),https://i.scdn.co/image/ab67616d0000b273c1a13482a9b0001d7b8ee49d,5,10,No,Non valutabile,Non valutabile,Da verificare: artista differente,No,No
2013,2010,Anni 2010,Senza ritegno,Raphael Gualazzi,R. Gualazzi,NF,,Senza posizione numerica,Non finalista,12 - 16 febbraio,Teatro Ariston,Fabio Fazio,22,Marco Mengoni,Raphael Gualazzi,2014.0,"3,65",25.0,Medio-bassa (21-40),https://i.scdn.co/image/ab67616d0000b273be17598430540368ee66e854,1,10,No,No,Non valutabile,Affidabile,Sì,Sì
2014,2010,Anni 2010,Controvento,Arisa,G. Anastasi,1º,1,1º posto,Vincitore,18 - 22 febbraio,Teatro Ariston,Fabio Fazio,22,Arisa,,,,,Dati non disponibili,,,9,No,Non valutabile,Non valutabile,Senza dati Spotify,No,No
2014,2010,Anni 2010,Liberi o no,Raphael Gualazzi & The Bloody Beetroots,"R. Gualazzi, B. Rifo, L. Beccafichi",2º,2,2º-3º posto,Podio,18 - 22 febbraio,Teatro Ariston,Fabio Fazio,22,Arisa,Raphael Gualazzi,2014.0,"3,63",21.0,Medio-bassa (21-40),https://i.scdn.co/image/ab67616d0000b273be17598430540368ee66e854,0,9,No,No,Non valutabile,Affidabile,Sì,Sì
2014,2010,Anni 2010,Ora,Renzo Rubino,"R. Rubino, A. Rodini",3º,3,2º-3º posto,Podio,18 - 22 febbraio,Teatro Ariston,Fabio Fazio,22,Arisa,Sfera Ebbasta,2023.0,"3,34",62.0,Alta (61-100),https://i.scdn.co/image/ab67616d0000b27315cc3d9c9ad7ee9ca91ccc10,9,9,No,Non valutabile,Non valutabile,Da verificare: artista differente,No,No
2014,2010,Anni 2010,Vivendo adesso,Francesco Renga,E. Toffoli,4º,4,4º-10º posto,Altra posizione,18 - 22 febbraio,Teatro Ariston,Fabio Fazio,22,Arisa,Francesco Renga,2014.0,"4,23",47.0,Media (41-60),https://i.scdn.co/image/ab67616d0000b2738d5b1ab2cd84664fbdb076c1,0,9,No,No,Non valutabile,Affidabile,Sì,Sì
2014,2010,Anni 2010,Bagnati dal sole,Noemi,"Noemi, C. Ailin, R. Frenneaux",5º,5,4º-10º posto,Altra posizione,18 - 22 febbraio,Teatro Ariston,Fabio Fazio,22,Arisa,Noemi,2014.0,"3,55",35.0,Medio-bassa (21-40),https://i.scdn.co/image/ab67616d0000b27355d047ea86e7bd09944245e2,0,9,No,No,Non valutabile,Affidabile,Sì,Sì
2014,2010,Anni 2010,L'unica,Perturbazione,"T. Cerasuolo, G. Giancursi, R. Lo Mele, A. Baracco, E. Diana, C. Lo Mele",6º,6,4º-10º posto,Altra posizione,18 - 22 febbraio,Teatro Ariston,Fabio Fazio,22,Arisa,Ultimo,2017.0,"4,05",57.0,Media (41-60),https://i.scdn.co/image/ab67616d0000b27368bf82a553744c54ee7a3efa,3,9,No,Non valutabile,Non valutabile,Da verificare: artista differente,No,No
2014,2010,Anni 2010,Il cielo è vuoto,Cristiano De André,"D. Mancino, C. De André, D. Faini",7º,7,4º-10º posto,Altra posizione,18 - 22 febbraio,Teatro Ariston,Fabio Fazio,22,Arisa,Ligabue,1995.0,"3,60",30.0,Medio-bassa (21-40),https://i.scdn.co/image/ab67616d0000b2736d6b8a01a80f084d6e35ccbb,-19,9,No,Non valutabile,Non valutabile,Da escludere: rilascio precedente,No,No
2014,2010,Anni 2010,Pedala,Frankie hi-nrg mc,"F. Di Gesú, C. Galbignani, L. Beccafichi",8º,8,4º-10º posto,Altra posizione,18 - 22 febbraio,Teatro Ariston,Fabio Fazio,22,Arisa,n.u.n.u.,2008.0,"3,50",2.0,Bassa (0-20),https://i.scdn.co/image/ab67616d0000b273587ca28e0bef7ddc13a6be64,-6,9,No,Non valutabile,Non valutabile,Da escludere: rilascio precedente,No,No
2014,2010,Anni 2010,Ti porto a cena con me,Giusy Ferreri,"R. Casalino, D. Faini",9º,9,4º-10º posto,Altra posizione,18 - 22 febbraio,Teatro Ariston,Fabio Fazio,22,Arisa,Giusy Ferreri,2014.0,"3,91",37.0,Medio-bassa (21-40),https://i.scdn.co/image/ab67616d0000b273578e70fed7dacaa76974ea89,0,9,No,No,Non valutabile,Affidabile,Sì,Sì
2014,2010,Anni 2010,Nel tuo sorriso,Francesco Sarcina,F. Sarcina,10º,10,4º-10º posto,Altra posizione,18 - 22 febbraio,Teatro Ariston,Fabio Fazio,22,Arisa,Andrea Mariani,2023.0,"3,54",16.0,Bassa (0-20),https://i.scdn.co/image/ab67616d0000b2733047f54045158b94b8ac4d5a,9,9,No,Non valutabile,Non valutabile,Da verificare: artista differente,No,No
2014,2010,Anni 2010,Così lontano,Giuliano Palma,"N. Zilli, M. Ciappelli, A. Flora",11º,11,Oltre il 10º posto,Altra posizione,18 - 22 febbraio,Teatro Ariston,Fabio Fazio,22,Arisa,Giuliano Palma,2014.0,"3,06",20.0,Bassa (0-20),https://i.scdn.co/image/ab67616d0000b2731df12562f71476f1b990e73b,0,9,No,No,Non valutabile,Affidabile,Sì,Sì
2014,2010,Anni 2010,Da lontano,Antonella Ruggiero,"A. Ruggiero, A. Graziano, A. Rossi, R. Colombo",12º,12,Oltre il 10º posto,Altra posizione,18 - 22 febbraio,Teatro Ariston,Fabio Fazio,22,Arisa,Antonella Ruggiero,2014.0,"3,99",12.0,Bassa (0-20),https://i.scdn.co/image/ab67616d0000b273d5e262dee5e8a7eed62ebafe,0,9,No,No,Non valutabile,Affidabile,Sì,Sì
2014,2010,Anni 2010,Sing in the rain,Ron,"Ron, M. Del Forno",13º,13,Oltre il 10º posto,Altra posizione,18 - 22 febbraio,Teatro Ariston,Fabio Fazio,22,Arisa,MORIAH,2012.0,"2,80",21.0,Medio-bassa (21-40),https://i.scdn.co/image/ab67616d0000b27309defab6303d805010f2a28f,-2,9,No,Non valutabile,Non valutabile,Da escludere: rilascio precedente,No,No
2014,2010,Anni 2010,Prima di andare via,Riccardo Sinigallia,"F. Gatti, R. Sinigallia",Escluso,,Senza posizione numerica,Esclusa/o,18 - 22 febbraio,Teatro Ariston,Fabio Fazio,22,Arisa,Neffa,2003.0,"3,85",53.0,Media (41-60),https://i.scdn.co/image/ab67616d0000b273905c3d1016c2288873fa9b4a,-11,9,No,Non valutabile,Non valutabile,Da escludere: rilascio precedente,No,No
2014,2010,Anni 2010,A un isolato da te,Francesco Renga,R. Casalino,NF,,Senza posizione numerica,Non finalista,18 - 22 febbraio,Teatro Ariston,Fabio Fazio,22,Arisa,Francesco Renga,2014.0,"3,43",37.0,Medio-bassa (21-40),https://i.scdn.co/image/ab67616d0000b2738d5b1ab2cd84664fbdb076c1,0,9,No,No,Non valutabile,Affidabile,Sì,Sì
2014,2010,Anni 2010,In questa città,Francesco Sarcina,F. Sarcina,NF,,Senza posizione numerica,Non finalista,18 - 22 febbraio,Teatro Ariston,Fabio Fazio,22,Arisa,Max Pezzali,2020.0,"3,40",38.0,Medio-bassa (21-40),https://i.scdn.co/image/ab67616d0000b273240f5fc1f07b9900c9fe7490,6,9,No,Non valutabile,Non valutabile,Da verificare: artista differente,No,No
2014,2010,Anni 2010,Invisibili,Cristiano De André,"F. Ferraboschi, C. De André",NF,,Senza posizione numerica,Non finalista,18 - 22 febbraio,Teatro Ariston,Fabio Fazio,22,Arisa,En?gma,2021.0,"2,84",30.0,Medio-bassa (21-40),https://i.scdn.co/image/ab67616d0000b273645bbcf71243262c6ea30bdc,7,9,No,Non valutabile,Non valutabile,Da verificare: artista differente,No,No
2014,2010,Anni 2010,L'amore possiede il bene,Giusy Ferreri,"R. Casalino, N. Verrienti",NF,,Senza posizione numerica,Non finalista,18 - 22 febbraio,Teatro Ariston,Fabio Fazio,22,Arisa,Giusy Ferreri,2014.0,"3,49",20.0,Bassa (0-20),https://i.scdn.co/image/ab67616d0000b273578e70fed7dacaa76974ea89,0,9,No,No,Non valutabile,Affidabile,Sì,Sì
2014,2010,Anni 2010,L'Italia vista dal bar,Perturbazione,"T. Cerasuolo, G. Giancursi, R. Lo Mele, A. Baracco, E. Diana, C. Lo Mele",NF,,Senza posizione numerica,Non finalista,18 - 22 febbraio,Teatro Ariston,Fabio Fazio,22,Arisa,Perturbazione,2014.0,"3,32",4.0,Bassa (0-20),https://i.scdn.co/image/ab67616d0000b27378b6c50e9cec337a08740b47,0,9,No,No,Non valutabile,Affidabile,Sì,Sì
2014,2010,Anni 2010,Lentamente (Il primo che passa),Arisa,"C. Donà, R. Pippa, S. Lanza",NF,,Senza posizione numerica,Non finalista,18 - 22 febbraio,Teatro Ariston,Fabio Fazio,22,Arisa,Arisa,2014.0,"3,89",12.0,Bassa (0-20),https://i.scdn.co/image/ab67616d0000b273dfcbab3e0ab01a37399e2e92,0,9,No,No,Non valutabile,Affidabile,Sì,Sì
2014,2010,Anni 2010,Per sempre e poi basta,Renzo Rubino,"R. Rubino, A. Rodini",NF,,Senza posizione numerica,Non finalista,18 - 22 febbraio,Teatro Ariston,Fabio Fazio,22,Arisa,Renzo Rubino,2024.0,"3,70",0.0,Bassa (0-20),https://i.scdn.co/image/ab67616d0000b2731ccd388d985c2d47a2a7967b,10,9,No,No,Non valutabile,Affidabile,Sì,Sì
2014,2010,Anni 2010,Quando balliamo,Antonella Ruggiero,"S. Lenzi, A. Ruggiero, R. Colombo",NF,,Senza posizione numerica,Non finalista,18 - 22 febbraio,Teatro Ariston,Fabio Fazio,22,Arisa,Antonella Ruggiero,2014.0,"3,58",3.0,Bassa (0-20),https://i.scdn.co/image/ab67616d0000b273d5e262dee5e8a7eed62ebafe,0,9,No,No,Non valutabile,Affidabile,Sì,Sì
2014,2010,Anni 2010,Tanto ci sei,Raphael Gualazzi & The Bloody Beetroots,"G. Sangiorgi, R. Gualazzi, B. Rifo",NF,,Senza posizione numerica,Non finalista,18 - 22 febbraio,Teatro Ariston,Fabio Fazio,22,Arisa,Raphael Gualazzi,2014.0,"3,79",12.0,Bassa (0-20),https://i.scdn.co/image/ab67616d0000b273be17598430540368ee66e854,0,9,No,No,Non valutabile,Affidabile,Sì,Sì
2014,2010,Anni 2010,Un bacio crudele,Giuliano Palma,"C. Valli, G. Palma, F. Merigo",NF,,Senza posizione numerica,Non finalista,18 - 22 febbraio,Teatro Ariston,Fabio Fazio,22,Arisa,Giuliano Palma,2014.0,"3,40",12.0,Bassa (0-20),https://i.scdn.co/image/ab67616d0000b2731df12562f71476f1b990e73b,0,9,No,No,Non valutabile,Affidabile,Sì,Sì
2014,2010,Anni 2010,Un uomo è un albero,Noemi,"Noemi, D. Mancino, D. Faini",NF,,Senza posizione numerica,Non finalista,18 - 22 febbraio,Teatro Ariston,Fabio Fazio,22,Arisa,Noemi,2014.0,"3,28",10.0,Bassa (0-20),https://i.scdn.co/image/ab67616d0000b27355d047ea86e7bd09944245e2,0,9,No,No,Non valutabile,Affidabile,Sì,Sì
2014,2010,Anni 2010,Un uomo è vivo,Frankie hi-nrg mc,"F. Di Gesú, C. Galbignani, L. Beccafichi",NF,,Senza posizione numerica,Non finalista,18 - 22 febbraio,Teatro Ariston,Fabio Fazio,22,Arisa,Frankie hi-nrg mc,2014.0,"3,84",18.0,Bassa (0-20),https://i.scdn.co/image/ab67616d0000b2735d8c42e9351d7d4c59fe4095,0,9,No,No,Non valutabile,Affidabile,Sì,Sì
2014,2010,Anni 2010,Un abbraccio unico,Ron,Ron,NF,,Senza posizione numerica,Non finalista,18 - 22 febbraio,Teatro Ariston,Fabio Fazio,22,Arisa,Ron,2023.0,"3,85",9.0,Bassa (0-20),https://i.scdn.co/image/ab67616d0000b273484f5dc3218c7d5a28093817,9,9,No,No,Non valutabile,Affidabile,Sì,Sì
2014,2010,Anni 2010,Una rigenerazione,Riccardo Sinigallia,"F. Gatti, R. Sinigallia",NF,,Senza posizione numerica,Non finalista,18 - 22 febbraio,Teatro Ariston,Fabio Fazio,22,Arisa,Riccardo Sinigallia,2014.0,"3,75",10.0,Bassa (0-20),https://i.scdn.co/image/ab67616d0000b273d57da70cdc83247add72aa75,0,9,No,No,Non valutabile,Affidabile,Sì,Sì
2015,2010,Anni 2010,Grande amore,Il Volo,F. Boccia e C. Esposito,1º,1,1º posto,Vincitore,10 - 14 febbraio,Teatro Ariston,Carlo Conti (conduttore televisivo),28,Il Volo (gruppo musicale anni 2010),,,,,Dati non disponibili,,,8,No,Non valutabile,Non valutabile,Senza dati Spotify,No,No
2015,2010,Anni 2010,Fatti avanti amore,Nek,"Nek, L. Chiaravalli, A. Bonomo e G. Fazio",2º,2,2º-3º posto,Podio,10 - 14 febbraio,Teatro Ariston,Carlo Conti (conduttore televisivo),28,Il Volo (gruppo musicale anni 2010),Nek,2015.0,"3,39",47.0,Media (41-60),https://i.scdn.co/image/ab67616d0000b273bb652f38e53230d122fcfe15,0,8,No,No,Non valutabile,Affidabile,Sì,Sì
2015,2010,Anni 2010,Adesso e qui (nostalgico presente),Malika Ayane,"M. Ayane, Pacifico, G. Caccamo e A. Flora",3º,3,2º-3º posto,Podio,10 - 14 febbraio,Teatro Ariston,Carlo Conti (conduttore televisivo),28,Il Volo (gruppo musicale anni 2010),Malika Ayane,2015.0,"3,85",42.0,Media (41-60),https://i.scdn.co/image/ab67616d0000b273c8c07f1269d2bcd1bd8e83c7,0,8,No,No,Non valutabile,Affidabile,Sì,Sì
2015,2010,Anni 2010,Una finestra tra le stelle,Annalisa,F. Silvestre,4º,4,4º-10º posto,Altra posizione,10 - 14 febbraio,Teatro Ariston,Carlo Conti (conduttore televisivo),28,Il Volo (gruppo musicale anni 2010),Annalisa,2015.0,"3,52",61.0,Alta (61-100),https://i.scdn.co/image/ab67616d0000b273ff9b8d24892544555f481985,0,8,No,No,Non valutabile,Affidabile,Sì,Sì
2015,2010,Anni 2010,Straordinario,Chiara,E. Meta e G. Pollex,5º,5,4º-10º posto,Altra posizione,10 - 14 febbraio,Teatro Ariston,Carlo Conti (conduttore televisivo),28,Il Volo (gruppo musicale anni 2010),Chiara Galiazzo,2015.0,"3,18",55.0,Media (41-60),https://i.scdn.co/image/ab67616d0000b2735b954ec601a76fdff5f7b97a,0,8,No,No,Non valutabile,Affidabile,Sì,Sì
2015,2010,Anni 2010,Che giorno è,Marco Masini,"M. Masini, F. Camba e D. Coro",6º,6,4º-10º posto,Altra posizione,10 - 14 febbraio,Teatro Ariston,Carlo Conti (conduttore televisivo),28,Il Volo (gruppo musicale anni 2010),Marco Masini,2020.0,"3,63",28.0,Medio-bassa (21-40),https://i.scdn.co/image/ab67616d0000b273e441a7e5112ae18e67bac559,5,8,No,No,Non valutabile,Affidabile,Sì,Sì
2015,2010,Anni 2010,Il mondo esplode tranne noi,Dear Jack,P. Romitelli e D. Simonetta,7º,7,4º-10º posto,Altra posizione,10 - 14 febbraio,Teatro Ariston,Carlo Conti (conduttore televisivo),28,Il Volo (gruppo musicale anni 2010),Dear Jack,2015.0,"3,60",17.0,Bassa (0-20),https://i.scdn.co/image/ab67616d0000b273d7f64ac0ec671938557a31b1,0,8,No,No,Non valutabile,Affidabile,Sì,Sì
2015,2010,Anni 2010,Sogni infranti,Gianluca Grignani,G. Grignani,8º,8,4º-10º posto,Altra posizione,10 - 14 febbraio,Teatro Ariston,Carlo Conti (conduttore televisivo),28,Il Volo (gruppo musicale anni 2010),Gianluca Grignani,2015.0,"3,99",26.0,Medio-bassa (21-40),https://i.scdn.co/image/ab67616d0000b2735b51bfabba62de5eae3f62c6,0,8,No,No,Non valutabile,Affidabile,Sì,Sì
2015,2010,Anni 2010,Sola,Nina Zilli,N. Zilli,9º,9,4º-10º posto,Altra posizione,10 - 14 febbraio,Teatro Ariston,Carlo Conti (conduttore televisivo),28,Il Volo (gruppo musicale anni 2010),Annalisa,2023.0,"3,33",65.0,Alta (61-100),https://i.scdn.co/image/ab67616d0000b273bbde6ec81689bd388638cf9d,8,8,No,Non valutabile,Non valutabile,Da verificare: artista differente,No,No
2015,2010,Anni 2010,Siamo uguali,Lorenzo Fragola,"L. Fragola, Fedez e F. Cogliati",10º,10,4º-10º posto,Altra posizione,10 - 14 febbraio,Teatro Ariston,Carlo Conti (conduttore televisivo),28,Il Volo (gruppo musicale anni 2010),Lorenzo Fragola,2015.0,"4,17",49.0,Media (41-60),https://i.scdn.co/image/ab67616d0000b2738a3fe852f2fa7ec47ce3db21,0,8,No,No,Non valutabile,Affidabile,Sì,Sì
2015,2010,Anni 2010,Un attimo importante,Alex Britti,A. Britti,11º,11,Oltre il 10º posto,Altra posizione,10 - 14 febbraio,Teatro Ariston,Carlo Conti (conduttore televisivo),28,Il Volo (gruppo musicale anni 2010),Alex Britti,2015.0,"3,30",35.0,Medio-bassa (21-40),https://i.scdn.co/image/ab67616d0000b27389ef350905f841c44ed70642,0,8,No,No,Non valutabile,Affidabile,Sì,Sì
2015,2010,Anni 2010,Un vento senza nome,Irene Grandi,I. Grandi e S. Lanza,12º,12,Oltre il 10º posto,Altra posizione,10 - 14 febbraio,Teatro Ariston,Carlo Conti (conduttore televisivo),28,Il Volo (gruppo musicale anni 2010),Irene Grandi,2015.0,"3,65",23.0,Medio-bassa (21-40),https://i.scdn.co/image/ab67616d0000b27393e6fdd3eebfc22358fe6238,0,8,No,No,Non valutabile,Affidabile,Sì,Sì
2015,2010,Anni 2010,Buona fortuna amore,Nesli,Nesli e Brando,13º,13,Oltre il 10º posto,Altra posizione,10 - 14 febbraio,Teatro Ariston,Carlo Conti (conduttore televisivo),28,Il Volo (gruppo musicale anni 2010),Nesli,2015.0,"3,26",32.0,Medio-bassa (21-40),https://i.scdn.co/image/ab67616d0000b273bbac6cf2ffc046022cd275dd,0,8,No,No,Non valutabile,Affidabile,Sì,Sì
2015,2010,Anni 2010,Il solo al mondo,Bianca Atzei,F. Silvestre,14º,14,Oltre il 10º posto,Altra posizione,10 - 14 febbraio,Teatro Ariston,Carlo Conti (conduttore televisivo),28,Il Volo (gruppo musicale anni 2010),Bianca Atzei,2015.0,"3,68",24.0,Medio-bassa (21-40),https://i.scdn.co/image/ab67616d0000b273827ff3e98c7c2733aa2ad839,0,8,No,No,Non valutabile,Affidabile,Sì,Sì
2015,2010,Anni 2010,Oggi ti parlo così,Moreno,"M. Donadoni, R. Casalino, M. Dagani, A. Erba e M. Zangirolami",15º,15,Oltre il 10º posto,Altra posizione,10 - 14 febbraio,Teatro Ariston,Carlo Conti (conduttore televisivo),28,Il Volo (gruppo musicale anni 2010),Moreno,2015.0,"3,09",16.0,Bassa (0-20),https://i.scdn.co/image/ab67616d0000b273dc971d4f27822648e966fbe6,0,8,No,No,Non valutabile,Affidabile,Sì,Sì
2015,2010,Anni 2010,Io sono una finestra,Grazia Di Michele e Mauro Coruzzi,G. Di Michele e R. Petrangeli,16º,16,Oltre il 10º posto,Altra posizione,10 - 14 febbraio,Teatro Ariston,Carlo Conti (conduttore televisivo),28,Il Volo (gruppo musicale anni 2010),"Grazia Di Michele, Mauro Coruzzi",2015.0,"3,41",9.0,Bassa (0-20),https://i.scdn.co/image/ab67616d0000b27380fc41e249887512919a7227,0,8,No,No,Non valutabile,Affidabile,Sì,Sì
2015,2010,Anni 2010,Libera,Anna Tatangelo,F. Silvestre ed E. Palmosi,NF,,Senza posizione numerica,Non finalista,10 - 14 febbraio,Teatro Ariston,Carlo Conti (conduttore televisivo),28,Il Volo (gruppo musicale anni 2010),LIBERATO,2019.0,"5,10",65.0,Alta (61-100),https://i.scdn.co/image/ab67616d0000b273d78b16eb47deefcfac65a3b7,4,8,No,Non valutabile,Non valutabile,Da verificare: artista differente,No,No
2015,2010,Anni 2010,Come una favola,Raf,"R. Riefoli, S. Grandi e E. Cecere",NF,,Senza posizione numerica,Non finalista,10 - 14 febbraio,Teatro Ariston,Carlo Conti (conduttore televisivo),28,Il Volo (gruppo musicale anni 2010),Raf,2015.0,"3,62",40.0,Medio-bassa (21-40),https://i.scdn.co/image/ab67616d0000b2735104d41232838e38799c07a7,0,8,No,No,Non valutabile,Affidabile,Sì,Sì
2015,2010,Anni 2010,Vita d'inferno,Biggio e Mandelli,"F. Biggio, M. Ferro e F. Mandelli",NF,,Senza posizione numerica,Non finalista,10 - 14 febbraio,Teatro Ariston,Carlo Conti (conduttore televisivo),28,Il Volo (gruppo musicale anni 2010),Gianluca Marino,2024.0,"3,94",0.0,Bassa (0-20),https://i.scdn.co/image/ab67616d0000b273a52fc2dddd5389db3470c47b,9,8,No,Non valutabile,Non valutabile,Da verificare: artista differente,No,No
2015,2010,Anni 2010,Voce,Lara Fabian,"C. Cremonini, L. Fabian e F. Zanotti",NF,,Senza posizione numerica,Non finalista,10 - 14 febbraio,Teatro Ariston,Carlo Conti (conduttore televisivo),28,Il Volo (gruppo musicale anni 2010),Madame,2021.0,"3,52",56.0,Media (41-60),https://i.scdn.co/image/ab67616d0000b2733ccb55cd765166e424ca0540,6,8,No,Non valutabile,Non valutabile,Da verificare: artista differente,No,No
2016,2010,Anni 2010,Un giorno mi dirai,Stadio,"S. Grandi, G. Curreri e L. Chiaravalli",1º,1,1º posto,Vincitore,9 - 13 febbraio,Teatro Ariston,Carlo Conti (conduttore televisivo),28,Stadio (gruppo musicale),,,,,Dati non disponibili,,,7,No,Non valutabile,Non valutabile,Senza dati Spotify,No,No
2016,2010,Anni 2010,Nessun grado di separazione,Francesca Michielin,"F. Michielin, F. Abbate, Cheope e F. Gargiulo",2º,2,2º-3º posto,Podio,9 - 13 febbraio,Teatro Ariston,Carlo Conti (conduttore televisivo),28,Stadio (gruppo musicale),Francesca Michielin,2016.0,"3,67",53.0,Media (41-60),https://i.scdn.co/image/ab67616d0000b273a0ddccd687d7e370317e3baf,0,7,No,No,Non valutabile,Affidabile,Sì,Sì
2016,2010,Anni 2010,Via da qui,Giovanni Caccamo e Deborah Iurato,G. Sangiorgi,3º,3,2º-3º posto,Podio,9 - 13 febbraio,Teatro Ariston,Carlo Conti (conduttore televisivo),28,Stadio (gruppo musicale),Fineconfine,2024.0,"3,75",33.0,Medio-bassa (21-40),https://i.scdn.co/image/ab67616d0000b2730aa1c6212d70f56cc2d2d492,8,7,No,Non valutabile,Non valutabile,Da verificare: artista differente,No,No
2016,2010,Anni 2010,Il primo amore non si scorda mai,Enrico Ruggeri,E. Ruggeri,4º,4,4º-10º posto,Altra posizione,9 - 13 febbraio,Teatro Ariston,Carlo Conti (conduttore televisivo),28,Stadio (gruppo musicale),Gigi D'Alessio,2001.0,"4,10",24.0,Medio-bassa (21-40),https://i.scdn.co/image/ab67616d0000b2730bf7aa0ad3a1312256aba775,-15,7,No,Non valutabile,Non valutabile,Da escludere: rilascio precedente,No,No
2016,2010,Anni 2010,Infinite volte,Lorenzo Fragola,"L. Fragola, A. Filippelli, F. Ferraguzzo, R. L. Di Benedetto e R. Canale",5º,5,4º-10º posto,Altra posizione,9 - 13 febbraio,Teatro Ariston,Carlo Conti (conduttore televisivo),28,Stadio (gruppo musicale),Lorenzo Fragola,2016.0,"3,47",41.0,Media (41-60),https://i.scdn.co/image/ab67616d0000b273896fb5976afbd8a7a4419dad,0,7,No,No,Non valutabile,Affidabile,Sì,Sì
2016,2010,Anni 2010,Cieli immensi,Patty Pravo,F. Zampaglione,6º,6,4º-10º posto,Altra posizione,9 - 13 febbraio,Teatro Ariston,Carlo Conti (conduttore televisivo),28,Stadio (gruppo musicale),Patty Pravo,2016.0,"4,25",38.0,Medio-bassa (21-40),https://i.scdn.co/image/ab67616d0000b273640ecf063909fbc046a3ab73,0,7,No,No,Non valutabile,Affidabile,Sì,Sì
2016,2010,Anni 2010,Quando sono lontano,Clementino,"C. Maccaro, K. Scherer e V. Stein",7º,7,4º-10º posto,Altra posizione,9 - 13 febbraio,Teatro Ariston,Carlo Conti (conduttore televisivo),28,Stadio (gruppo musicale),Clementino,2016.0,"3,48",45.0,Media (41-60),https://i.scdn.co/image/ab67616d0000b273d8dfc4bc8a16438eb5ec07a7,0,7,No,No,Non valutabile,Affidabile,Sì,Sì
2016,2010,Anni 2010,La borsa di una donna,Noemi,"M. Masini, M. Adami e A. Iammarino",8º,8,4º-10º posto,Altra posizione,9 - 13 febbraio,Teatro Ariston,Carlo Conti (conduttore televisivo),28,Stadio (gruppo musicale),Noemi,2016.0,"3,84",28.0,Medio-bassa (21-40),https://i.scdn.co/image/ab67616d0000b273a31a28d145a0e27faa6ed08d,0,7,No,No,Non valutabile,Affidabile,Sì,Sì
2016,2010,Anni 2010,Wake Up,Rocco Hunt,"R. Pagliarulo, S. Benussi e V. Catanzaro",9º,9,4º-10º posto,Altra posizione,9 - 13 febbraio,Teatro Ariston,Carlo Conti (conduttore televisivo),28,Stadio (gruppo musicale),MoonDeity,2022.0,"2,38",78.0,Alta (61-100),https://i.scdn.co/image/ab67616d0000b273a3a0d9665cc88b29b1d69f8f,6,7,No,Non valutabile,Non valutabile,Da verificare: artista differente,No,No
2016,2010,Anni 2010,Guardando il cielo,Arisa,G. Anastasi,10º,10,4º-10º posto,Altra posizione,9 - 13 febbraio,Teatro Ariston,Carlo Conti (conduttore televisivo),28,Stadio (gruppo musicale),Arisa,2016.0,"3,74",34.0,Medio-bassa (21-40),https://i.scdn.co/image/ab67616d0000b2731576e8395faeb929eb962a05,0,7,No,No,Non valutabile,Affidabile,Sì,Sì
2016,2010,Anni 2010,Il diluvio universale,Annalisa,D. Calvetti e A. Scarrone,11º,11,Oltre il 10º posto,Altra posizione,9 - 13 febbraio,Teatro Ariston,Carlo Conti (conduttore televisivo),28,Stadio (gruppo musicale),Annalisa,2024.0,"3,41",0.0,Bassa (0-20),https://i.scdn.co/image/ab67616d0000b27309f2a0774cc2ffbd1860f9eb,8,7,No,No,Non valutabile,Affidabile,Sì,Sì
2016,2010,Anni 2010,Vincere l'odio,Elio e le Storie Tese,"S. Belisari, S. Conforti, D. Civaschi e N. Fasani",12º,12,Oltre il 10º posto,Altra posizione,9 - 13 febbraio,Teatro Ariston,Carlo Conti (conduttore televisivo),28,Stadio (gruppo musicale),Elio e le Storie Tese,2016.0,"3,87",27.0,Medio-bassa (21-40),https://i.scdn.co/image/ab67616d0000b273c6e859c2e8e406bd7a6ada43,0,7,No,No,Non valutabile,Affidabile,Sì,Sì
2016,2010,Anni 2010,Finalmente piove,Valerio Scanu,F. Moro,13º,13,Oltre il 10º posto,Altra posizione,9 - 13 febbraio,Teatro Ariston,Carlo Conti (conduttore televisivo),28,Stadio (gruppo musicale),Valerio Scanu,2016.0,"3,17",33.0,Medio-bassa (21-40),https://i.scdn.co/image/ab67616d0000b273abfdebe598c4239db7d55a7b,0,7,No,No,Non valutabile,Affidabile,Sì,Sì
2016,2010,Anni 2010,Noi siamo infinito,Alessio Bernabei,"R. Casalino, I. Amatucci, e D. Faini",14º,14,Oltre il 10º posto,Altra posizione,9 - 13 febbraio,Teatro Ariston,Carlo Conti (conduttore televisivo),28,Stadio (gruppo musicale),Alessio Bernabei,2016.0,"3,72",36.0,Medio-bassa (21-40),https://i.scdn.co/image/ab67616d0000b273ce819425c2f6afb5fe5d245d,0,7,No,No,Non valutabile,Affidabile,Sì,Sì
2016,2010,Anni 2010,Ora o mai più (le cose cambiano),Dolcenera,Dolcenera e Finaz,15º,15,Oltre il 10º posto,Altra posizione,9 - 13 febbraio,Teatro Ariston,Carlo Conti (conduttore televisivo),28,Stadio (gruppo musicale),Dolcenera,2016.0,"4,00",21.0,Medio-bassa (21-40),https://i.scdn.co/image/ab67616d0000b2732dc27f89ccc70f428c641fb2,0,7,No,No,Non valutabile,Affidabile,Sì,Sì
2016,2010,Anni 2010,Blu,Irene Fornaciari,"G. Dati, I. Fornaciari, M. Fontana e D. Calvetti",16º,16,Oltre il 10º posto,Altra posizione,9 - 13 febbraio,Teatro Ariston,Carlo Conti (conduttore televisivo),28,Stadio (gruppo musicale),Eiffel 65,1999.0,"4,73",79.0,Alta (61-100),https://i.scdn.co/image/ab67616d0000b27329cced2f38d87456e0b5c398,-17,7,No,Non valutabile,Non valutabile,Da escludere: rilascio precedente,No,No
2016,2010,Anni 2010,Semplicemente,Bluvertigo,M. Castoldi,NF,,Senza posizione numerica,Non finalista,9 - 13 febbraio,Teatro Ariston,Carlo Conti (conduttore televisivo),28,Stadio (gruppo musicale),Zero Assoluto,2007.0,"3,59",52.0,Media (41-60),https://i.scdn.co/image/ab67616d0000b273d261a210fcab3f26adda16e2,-9,7,No,Non valutabile,Non valutabile,Da escludere: rilascio precedente,No,No
2016,2010,Anni 2010,Mezzo respiro,Dear Jack,"R. Balbo, S. Paviani, L. Riflessi e C. Corradini",NF,,Senza posizione numerica,Non finalista,9 - 13 febbraio,Teatro Ariston,Carlo Conti (conduttore televisivo),28,Stadio (gruppo musicale),Dear Jack,2016.0,"3,33",19.0,Bassa (0-20),https://i.scdn.co/image/ab67616d0000b2736343932c3a8476aad18534fa,0,7,No,No,Non valutabile,Affidabile,Sì,Sì
2016,2010,Anni 2010,Sogni e nostalgia,Neffa,G. Pellino,NF,,Senza posizione numerica,Non finalista,9 - 13 febbraio,Teatro Ariston,Carlo Conti (conduttore televisivo),28,Stadio (gruppo musicale),Neffa,2016.0,"3,08",29.0,Medio-bassa (21-40),https://i.scdn.co/image/ab67616d0000b273a9bd02fbd6969855a4ea97b7,0,7,No,No,Non valutabile,Affidabile,Sì,Sì
2016,2010,Anni 2010,Di me e di te,Zero Assoluto,"T. De Gasperi, A. Filippelli, M. Maffucci e L. Vicini",NF,,Senza posizione numerica,Non finalista,9 - 13 febbraio,Teatro Ariston,Carlo Conti (conduttore televisivo),28,Stadio (gruppo musicale),Zero Assoluto,2016.0,"3,26",42.0,Media (41-60),https://i.scdn.co/image/ab67616d0000b273727e4db5f7e5a63fedb3fbd5,0,7,No,No,Non valutabile,Affidabile,Sì,Sì
2017,2010,Anni 2010,Occidentali's Karma,Francesco Gabbani,"F. Ilacqua, F. Gabbani e L. Chiaravalli",1º,1,1º posto,Vincitore,7 - 11 febbraio,Teatro Ariston,Carlo Conti (conduttore televisivo),30,Francesco Gabbani,,,,,Dati non disponibili,,,6,No,Non valutabile,Non valutabile,Senza dati Spotify,No,No
2017,2010,Anni 2010,Che sia benedetta,Fiorella Mannoia,Amara e S. Mineo,2º,2,2º-3º posto,Podio,7 - 11 febbraio,Teatro Ariston,Carlo Conti (conduttore televisivo),30,Francesco Gabbani,Fiorella Mannoia,2017.0,"3,22",51.0,Media (41-60),https://i.scdn.co/image/ab67616d0000b27337e3ce04d1ffd6754a147bf7,0,6,No,No,Non valutabile,Affidabile,Sì,Sì
2017,2010,Anni 2010,Vietato morire,Ermal Meta,E. Meta,3º,3,2º-3º posto,Podio,7 - 11 febbraio,Teatro Ariston,Carlo Conti (conduttore televisivo),30,Francesco Gabbani,Ermal Meta,2017.0,"3,53",53.0,Media (41-60),https://i.scdn.co/image/ab67616d0000b273eb5590b17bc668f61f20dd21,0,6,No,No,Non valutabile,Affidabile,Sì,Sì
2017,2010,Anni 2010,Il diario degli errori,Michele Bravi,"Cheope, F. Abbate e G. Anastasi",4º,4,4º-10º posto,Altra posizione,7 - 11 febbraio,Teatro Ariston,Carlo Conti (conduttore televisivo),30,Francesco Gabbani,Michele Bravi,2017.0,"3,45",57.0,Media (41-60),https://i.scdn.co/image/ab67616d0000b273f2921fb8e08c931334e4adc7,0,6,No,No,Non valutabile,Affidabile,Sì,Sì
2017,2010,Anni 2010,Fatti bella per te,Paola Turci,"G. Anania, L. Chiaravalli, D. Simonetta e P. Turci",5º,5,4º-10º posto,Altra posizione,7 - 11 febbraio,Teatro Ariston,Carlo Conti (conduttore televisivo),30,Francesco Gabbani,Paola Turci,2017.0,"3,54",35.0,Medio-bassa (21-40),https://i.scdn.co/image/ab67616d0000b2738f7fca731245df3c10b06cde,0,6,No,No,Non valutabile,Affidabile,Sì,Sì
2017,2010,Anni 2010,Con te,Sergio Sylvestre,"Giorgia Todrani, S. Sylvestre e S. Maiuolo",6º,6,4º-10º posto,Altra posizione,7 - 11 febbraio,Teatro Ariston,Carlo Conti (conduttore televisivo),30,Francesco Gabbani,Andrea Bocelli,1995.0,"4,18",50.0,Media (41-60),https://i.scdn.co/image/ab67616d0000b27331c411687c7c027c95fc34f0,-22,6,No,Non valutabile,Non valutabile,Da escludere: rilascio precedente,No,No
2017,2010,Anni 2010,Portami via,Fabrizio Moro,F. Mobrici e R. Cardelli,7º,7,4º-10º posto,Altra posizione,7 - 11 febbraio,Teatro Ariston,Carlo Conti (conduttore televisivo),30,Francesco Gabbani,Fabrizio Moro,2017.0,"3,24",56.0,Media (41-60),https://i.scdn.co/image/ab67616d0000b273163814701f6027e7fa5770fd,0,6,No,No,Non valutabile,Affidabile,Sì,Sì
2017,2010,Anni 2010,Tutta colpa mia,Elodie,"E. Marrone, O. Angiuli, G. Pollex e F. Cianciola",8º,8,4º-10º posto,Altra posizione,7 - 11 febbraio,Teatro Ariston,Carlo Conti (conduttore televisivo),30,Francesco Gabbani,Elodie,2017.0,"3,32",55.0,Media (41-60),https://i.scdn.co/image/ab67616d0000b27313040206e0a80802db7e5029,0,6,No,No,Non valutabile,Affidabile,Sì,Sì
2017,2010,Anni 2010,Ora esisti solo tu,Bianca Atzei,F. Silvestre,9º,9,4º-10º posto,Altra posizione,7 - 11 febbraio,Teatro Ariston,Carlo Conti (conduttore televisivo),30,Francesco Gabbani,Bianca Atzei,2017.0,"3,66",41.0,Media (41-60),https://i.scdn.co/image/ab67616d0000b273cf7b6ee0d820ebfabaa53d1e,0,6,No,No,Non valutabile,Affidabile,Sì,Sì
2017,2010,Anni 2010,Vedrai,Samuel,"Samuel, C. Rigano e R. Onori",10º,10,4º-10º posto,Altra posizione,7 - 11 febbraio,Teatro Ariston,Carlo Conti (conduttore televisivo),30,Francesco Gabbani,Nino D'Angelo,2018.0,"4,31",38.0,Medio-bassa (21-40),https://i.scdn.co/image/ab67616d0000b27305b3111439f55b3d5ca72017,1,6,No,Non valutabile,Non valutabile,Da verificare: artista differente,No,No
2017,2010,Anni 2010,Mani nelle mani,Michele Zarrillo,M. Zarrillo e G. Artegiani,11º,11,Oltre il 10º posto,Altra posizione,7 - 11 febbraio,Teatro Ariston,Carlo Conti (conduttore televisivo),30,Francesco Gabbani,Michele Zarrillo,2017.0,"3,92",35.0,Medio-bassa (21-40),https://i.scdn.co/image/ab67616d0000b2738e81ac2b014e38e0548cf2f2,0,6,No,No,Non valutabile,Affidabile,Sì,Sì
2017,2010,Anni 2010,Il cielo non mi basta,Lodovica Comello,"A. Di Martino, F. Abbate, D. Faini e F. Ferraguzzo",12º,12,Oltre il 10º posto,Altra posizione,7 - 11 febbraio,Teatro Ariston,Carlo Conti (conduttore televisivo),30,Francesco Gabbani,Lodovica Comello,2017.0,"3,10",26.0,Medio-bassa (21-40),https://i.scdn.co/image/ab67616d0000b273d4a6bc02794e7ae03ff38c79,0,6,No,No,Non valutabile,Affidabile,Sì,Sì
2017,2010,Anni 2010,Spostato di un secondo,Marco Masini,"M. Masini, Zibba e D. Calvetti",13º,13,Oltre il 10º posto,Altra posizione,7 - 11 febbraio,Teatro Ariston,Carlo Conti (conduttore televisivo),30,Francesco Gabbani,Marco Masini,2017.0,"3,61",33.0,Medio-bassa (21-40),https://i.scdn.co/image/ab67616d0000b273c0f0091b7cb6e3496941023b,0,6,No,No,Non valutabile,Affidabile,Sì,Sì
2017,2010,Anni 2010,Nessun posto è casa mia,Chiara,N. Verrienti e C. Verrienti,14º,14,Oltre il 10º posto,Altra posizione,7 - 11 febbraio,Teatro Ariston,Carlo Conti (conduttore televisivo),30,Francesco Gabbani,Chiara Galiazzo,2017.0,"3,75",40.0,Medio-bassa (21-40),https://i.scdn.co/image/ab67616d0000b273eb29a3a5104ef573141d67f1,0,6,No,No,Non valutabile,Affidabile,Sì,Sì
2017,2010,Anni 2010,Nel mezzo di un applauso,Alessio Bernabei,"R. Casalino, Dardust e V. Casagrande",15º,15,Oltre il 10º posto,Altra posizione,7 - 11 febbraio,Teatro Ariston,Carlo Conti (conduttore televisivo),30,Francesco Gabbani,Alessio Bernabei,2017.0,"3,45",29.0,Medio-bassa (21-40),https://i.scdn.co/image/ab67616d0000b273cd7d659fa6eb3d5af495a1eb,0,6,No,No,Non valutabile,Affidabile,Sì,Sì
2017,2010,Anni 2010,Ragazzi fuori,Clementino,"C. Maccaro, F. Rizzo, P. M. Lombroni Capalbo e S. Tognini",16º,16,Oltre il 10º posto,Altra posizione,7 - 11 febbraio,Teatro Ariston,Carlo Conti (conduttore televisivo),30,Francesco Gabbani,RATA,2024.0,"2,60",24.0,Medio-bassa (21-40),https://i.scdn.co/image/ab67616d0000b2738e3ce1719bb7403ab22c92d8,7,6,No,Non valutabile,Non valutabile,Da verificare: artista differente,No,No
2017,2010,Anni 2010,Di rose e di spine,Al Bano,"M. Fabrizio, A. Carrisi e K. Astarita",NF,,Senza posizione numerica,Non finalista,7 - 11 febbraio,Teatro Ariston,Carlo Conti (conduttore televisivo),30,Francesco Gabbani,Al Bano,2017.0,"3,57",22.0,Medio-bassa (21-40),https://i.scdn.co/image/ab67616d0000b27345b8557b0037caa31b959481,0,6,No,No,Non valutabile,Affidabile,Sì,Sì
2017,2010,Anni 2010,La prima stella,Gigi D'Alessio,G. D'Alessio,NF,,Senza posizione numerica,Non finalista,7 - 11 febbraio,Teatro Ariston,Carlo Conti (conduttore televisivo),30,Francesco Gabbani,Gigi D'Alessio,2017.0,"4,14",26.0,Medio-bassa (21-40),https://i.scdn.co/image/ab67616d0000b273297e0aa952d4298df96bf9a2,0,6,No,No,Non valutabile,Affidabile,Sì,Sì
2017,2010,Anni 2010,Fa talmente male,Giusy Ferreri,"R. Casalino, Takagi, Ketra e P. Catalano",NF,,Senza posizione numerica,Non finalista,7 - 11 febbraio,Teatro Ariston,Carlo Conti (conduttore televisivo),30,Francesco Gabbani,Giusy Ferreri,2017.0,"2,99",30.0,Medio-bassa (21-40),https://i.scdn.co/image/ab67616d0000b2738370e93c78d691c1fbb6ff98,0,6,No,No,Non valutabile,Affidabile,Sì,Sì
2017,2010,Anni 2010,L'ottava meraviglia,Ron,"M. Del Forno, Ron, E. Mangia e F. Caprara",NF,,Senza posizione numerica,Non finalista,7 - 11 febbraio,Teatro Ariston,Carlo Conti (conduttore televisivo),30,Francesco Gabbani,Mostro,2015.0,"3,48",43.0,Media (41-60),https://i.scdn.co/image/ab67616d0000b27360cfd3e0a02b36fdf9d2fbac,-2,6,No,Non valutabile,Non valutabile,Da escludere: rilascio precedente,No,No
2017,2010,Anni 2010,Do retta a te,Nesli & Alice Paba,Nesli e Brando,NF,,Senza posizione numerica,Non finalista,7 - 11 febbraio,Teatro Ariston,Carlo Conti (conduttore televisivo),30,Francesco Gabbani,Nesli,2017.0,"3,53",20.0,Bassa (0-20),https://i.scdn.co/image/ab67616d0000b2737e7c0aa7202b787f0e080f2d,0,6,No,No,Non valutabile,Affidabile,Sì,Sì
2017,2010,Anni 2010,Togliamoci la voglia,Raige e Giulia Luzi,"L. Chiaravalli, A. Iammarino, A. Vella e Zibba",NF,,Senza posizione numerica,Non finalista,7 - 11 febbraio,Teatro Ariston,Carlo Conti (conduttore televisivo),30,Francesco Gabbani,Raige,2024.0,"3,55",0.0,Bassa (0-20),https://i.scdn.co/image/ab67616d0000b27370698ae45fa734e12845b598,7,6,No,No,Non valutabile,Affidabile,Sì,Sì
2018,2010,Anni 2010,Non mi avete fatto niente,Ermal Meta e Fabrizio Moro,"E. Meta, F. Mobrici e A. Febo",1º,1,1º posto,Vincitore,6 - 10 febbraio,Teatro Ariston,Claudio Baglioni,28,Ermal Meta,,,,,Dati non disponibili,,,5,No,Non valutabile,Non valutabile,Senza dati Spotify,No,No
2018,2010,Anni 2010,Una vita in vacanza,Lo Stato Sociale,"A. Cazzola, F. Draicchio, L. Guenzi, A. Guidetti, E. Roberto e M. Romagnoli",2º,2,2º-3º posto,Podio,6 - 10 febbraio,Teatro Ariston,Claudio Baglioni,28,Ermal Meta,Lo Stato Sociale,2018.0,"3,90",55.0,Media (41-60),https://i.scdn.co/image/ab67616d0000b273b94f544584a7371e03341a3a,0,5,No,No,Non valutabile,Affidabile,Sì,Sì
2018,2010,Anni 2010,Il mondo prima di te,Annalisa,"Annalisa, D. Simonetta e A. Raina",3º,3,2º-3º posto,Podio,6 - 10 febbraio,Teatro Ariston,Claudio Baglioni,28,Ermal Meta,Annalisa,2018.0,"3,63",53.0,Media (41-60),https://i.scdn.co/image/ab67616d0000b273d533ec79c19b99a20827b1a8,0,5,No,No,Non valutabile,Affidabile,Sì,Sì
2018,2010,Anni 2010,Almeno pensami,Ron,L. Dalla,4º,4,4º-10º posto,Altra posizione,6 - 10 febbraio,Teatro Ariston,Claudio Baglioni,28,Ermal Meta,Ron,2018.0,"3,49",27.0,Medio-bassa (21-40),https://i.scdn.co/image/ab67616d0000b2739faad8aa88a8112963f5f354,0,5,No,No,Non valutabile,Affidabile,Sì,Sì
2018,2010,Anni 2010,Imparare ad amarsi,Ornella Vanoni con Bungaro e Pacifico,"Bungaro, Pacifico, C. Chiodo e A. Fresa",5º,5,4º-10º posto,Altra posizione,6 - 10 febbraio,Teatro Ariston,Claudio Baglioni,28,Ermal Meta,"Ornella Vanoni, Bungaro, Pacifico",2018.0,"3,47",35.0,Medio-bassa (21-40),https://i.scdn.co/image/ab67616d0000b2730131ddda5176b17b27d0e7c5,0,5,No,No,Non valutabile,Affidabile,Sì,Sì
2018,2010,Anni 2010,La leggenda di Cristalda e Pizzomunno,Max Gazzè,"F. Gazzè, M. Gazzè e F. De Benedittis",6°,6,4º-10º posto,Altra posizione,6 - 10 febbraio,Teatro Ariston,Claudio Baglioni,28,Ermal Meta,Max Gazzè,2018.0,"3,84",40.0,Medio-bassa (21-40),https://i.scdn.co/image/ab67616d0000b273a63f4388efda6976f95b6086,0,5,No,No,Non valutabile,Affidabile,Sì,Sì
2018,2010,Anni 2010,Passame er sale,Luca Barbarossa,L. Barbarossa,7º,7,4º-10º posto,Altra posizione,6 - 10 febbraio,Teatro Ariston,Claudio Baglioni,28,Ermal Meta,Luca Barbarossa,2018.0,"3,92",29.0,Medio-bassa (21-40),https://i.scdn.co/image/ab67616d0000b273a1c0ca0cd1e92dea85ab3bfc,0,5,No,No,Non valutabile,Affidabile,Sì,Sì
2018,2010,Anni 2010,Adesso,Diodato e Roy Paci,A. Diodato,8º,8,4º-10º posto,Altra posizione,6 - 10 febbraio,Teatro Ariston,Claudio Baglioni,28,Ermal Meta,Gemitaiz,2022.0,"3,37",55.0,Media (41-60),https://i.scdn.co/image/ab67616d0000b2739bc0f2396a3033896410b63c,4,5,No,Non valutabile,Non valutabile,Da verificare: artista differente,No,No
2018,2010,Anni 2010,"Frida (mai, mai, mai)",The Kolors,"D. Petrella, Dardust, A. Raina e Stash",9º,9,4º-10º posto,Altra posizione,6 - 10 febbraio,Teatro Ariston,Claudio Baglioni,28,Ermal Meta,The Kolors,2018.0,"3,52",42.0,Media (41-60),https://i.scdn.co/image/ab67616d0000b273d7dd4400f80f9f1d9637e288,0,5,No,No,Non valutabile,Affidabile,Sì,Sì
2018,2010,Anni 2010,Eterno,Giovanni Caccamo,G. Caccamo e Cheope,10º,10,4º-10º posto,Altra posizione,6 - 10 febbraio,Teatro Ariston,Claudio Baglioni,28,Ermal Meta,Giovanni Caccamo,2018.0,"3,73",35.0,Medio-bassa (21-40),https://i.scdn.co/image/ab67616d0000b273b08dbbae85ad64b247ebd373,0,5,No,No,Non valutabile,Affidabile,Sì,Sì
2018,2010,Anni 2010,Così sbagliato,Le Vibrazioni,"F. Sarcina, L. Chiaravalli, A. Bonomo e D. Simonetta",11º,11,Oltre il 10º posto,Altra posizione,6 - 10 febbraio,Teatro Ariston,Claudio Baglioni,28,Ermal Meta,Le Vibrazioni,2018.0,"3,47",46.0,Media (41-60),https://i.scdn.co/image/ab67616d0000b2733761016d693159ce95e5461d,0,5,No,No,Non valutabile,Affidabile,Sì,Sì
2018,2010,Anni 2010,Il coraggio di ogni giorno,Enzo Avitabile con Peppe Servillo,V. Avitabile e Pacifico,12º,12,Oltre il 10º posto,Altra posizione,6 - 10 febbraio,Teatro Ariston,Claudio Baglioni,28,Ermal Meta,Ellie Cottino,2022.0,"3,81",5.0,Bassa (0-20),https://i.scdn.co/image/ab67616d0000b273a6acece53c492daff616ec49,4,5,No,Non valutabile,Non valutabile,Da verificare: artista differente,No,No
2018,2010,Anni 2010,Custodire,Renzo Rubino,R. Rubino,13º,13,Oltre il 10º posto,Altra posizione,6 - 10 febbraio,Teatro Ariston,Claudio Baglioni,28,Ermal Meta,Renzo Rubino,2017.0,"3,56",14.0,Bassa (0-20),https://i.scdn.co/image/ab67616d0000b2730fa0f9273528f45d87071642,-1,5,No,No,Non valutabile,Affidabile,Sì,Sì
2018,2010,Anni 2010,Non smettere mai di cercarmi,Noemi,"M. Pelan, Noemi, D. Calvetti e F. De Martino",14º,14,Oltre il 10º posto,Altra posizione,6 - 10 febbraio,Teatro Ariston,Claudio Baglioni,28,Ermal Meta,Noemi,2018.0,"3,16",32.0,Medio-bassa (21-40),https://i.scdn.co/image/ab67616d0000b27315f846c23719919b887fcef0,0,5,No,No,Non valutabile,Affidabile,Sì,Sì
2018,2010,Anni 2010,Ognuno ha il suo racconto,Red Canzian,M. Porru e R. Canzian,15º,15,Oltre il 10º posto,Altra posizione,6 - 10 febbraio,Teatro Ariston,Claudio Baglioni,28,Ermal Meta,Red Canzian,2018.0,"3,98",16.0,Bassa (0-20),https://i.scdn.co/image/ab67616d0000b2735d682e1128c45c9e43964fe0,0,5,No,No,Non valutabile,Affidabile,Sì,Sì
2018,2010,Anni 2010,Lettera dal Duca,Decibel,"E. Ruggeri, F. Muzio e S. Capeccia",16º,16,Oltre il 10º posto,Altra posizione,6 - 10 febbraio,Teatro Ariston,Claudio Baglioni,28,Ermal Meta,Decibel,2018.0,"3,63",17.0,Bassa (0-20),https://i.scdn.co/image/ab67616d0000b273533a7e82d0e976efed8a90e0,0,5,No,No,Non valutabile,Affidabile,Sì,Sì
2018,2010,Anni 2010,Senza appartenere,Nina Zilli,"G. Angi, A. Iammarino e N. Zilli",17º,17,Oltre il 10º posto,Altra posizione,6 - 10 febbraio,Teatro Ariston,Claudio Baglioni,28,Ermal Meta,Nina Zilli,2018.0,"3,29",24.0,Medio-bassa (21-40),https://i.scdn.co/image/ab67616d0000b2732855f522e747e796f80ea14e,0,5,No,No,Non valutabile,Affidabile,Sì,Sì
2018,2010,Anni 2010,Il segreto del tempo,Roby Facchinetti e Riccardo Fogli,Pacifico e R. Facchinetti,18º,18,Oltre il 10º posto,Altra posizione,6 - 10 febbraio,Teatro Ariston,Claudio Baglioni,28,Ermal Meta,Roby Facchinetti,2018.0,"3,93",17.0,Bassa (0-20),https://i.scdn.co/image/ab67616d0000b273ddd7c4f630606b736d8f8187,0,5,No,No,Non valutabile,Affidabile,Sì,Sì
2018,2010,Anni 2010,Rivederti,Mario Biondi,"M. Biondi, G. Furnari e D. Fisicaro",19º,19,Oltre il 10º posto,Altra posizione,6 - 10 febbraio,Teatro Ariston,Claudio Baglioni,28,Ermal Meta,Claudio Villa,2021.0,"3,36",0.0,Bassa (0-20),https://i.scdn.co/image/ab67616d0000b273578fcfaeeabdb6c258fe4f95,3,5,No,Non valutabile,Non valutabile,Da verificare: artista differente,No,No
2018,2010,Anni 2010,Arrivedorci,Elio e le Storie Tese,"S. Belisari, S. Conforti, D. Civaschi e N. Fasani",20º,20,Oltre il 10º posto,Altra posizione,6 - 10 febbraio,Teatro Ariston,Claudio Baglioni,28,Ermal Meta,Elio e le Storie Tese,2018.0,"4,10",26.0,Medio-bassa (21-40),https://i.scdn.co/image/ab67616d0000b2739413634eceff035f43a60ba6,0,5,No,No,Non valutabile,Affidabile,Sì,Sì
2019,2010,Anni 2010,Soldi,Mahmood,Mahmood,1º,1,1º posto,Vincitore,5 - 9 febbraio,Teatro Ariston,Claudio Baglioni,24,Mahmood,,,,,Dati non disponibili,,,4,No,Non valutabile,Non valutabile,Senza dati Spotify,No,No
2019,2010,Anni 2010,I tuoi particolari,Ultimo,Ultimo,2º,2,2º-3º posto,Podio,5 - 9 febbraio,Teatro Ariston,Claudio Baglioni,24,Mahmood,Ultimo,2019.0,"3,67",64.0,Alta (61-100),https://i.scdn.co/image/ab67616d0000b273887308d96d2d0191771dd3aa,0,4,No,No,Non valutabile,Affidabile,Sì,Sì
2019,2010,Anni 2010,Musica che resta,Il Volo,"G. Nannini, E. Munda, P. Romitelli, P. Mammaro e A. Carozza",3º,3,2º-3º posto,Podio,5 - 9 febbraio,Teatro Ariston,Claudio Baglioni,24,Mahmood,Il Volo,2019.0,"3,39",33.0,Medio-bassa (21-40),https://i.scdn.co/image/ab67616d0000b273ceb6d4d4ac8f8b0c8eb1afdc,0,4,No,No,Non valutabile,Affidabile,Sì,Sì
2019,2010,Anni 2010,Cosa ti aspetti da me,Loredana Bertè,"G. Curreri, G. Pulli e P. Romitelli",4º,4,4º-10º posto,Altra posizione,5 - 9 febbraio,Teatro Ariston,Claudio Baglioni,24,Mahmood,Loredana Bertè,2019.0,"3,74",46.0,Media (41-60),https://i.scdn.co/image/ab67616d0000b2730d93ed415bec01196b0ec02c,0,4,No,No,Non valutabile,Affidabile,Sì,Sì
2019,2010,Anni 2010,Abbi cura di me,Simone Cristicchi,"S. Cristicchi, N. Brunialti e G. Ortenzi",5º,5,4º-10º posto,Altra posizione,5 - 9 febbraio,Teatro Ariston,Claudio Baglioni,24,Mahmood,Simone Cristicchi,2019.0,"4,02",36.0,Medio-bassa (21-40),https://i.scdn.co/image/ab67616d0000b273d48601b034fc8b09f0978e5d,0,4,No,No,Non valutabile,Affidabile,Sì,Sì
2019,2010,Anni 2010,Argentovivo,Daniele Silvestri,"D. Silvestri, T. Iurcich, F. Rondanini e M. Agnelli",6º,6,4º-10º posto,Altra posizione,5 - 9 febbraio,Teatro Ariston,Claudio Baglioni,24,Mahmood,Daniele Silvestri,2019.0,"4,28",35.0,Medio-bassa (21-40),https://i.scdn.co/image/ab67616d0000b2738f1a7729968816d75c742bb2,0,4,No,No,Non valutabile,Affidabile,Sì,Sì
2019,2010,Anni 2010,La ragazza con il cuore di latta,Irama,"Irama, G. Colonnelli, A. Debernardi e G. Nenna",7º,7,4º-10º posto,Altra posizione,5 - 9 febbraio,Teatro Ariston,Claudio Baglioni,24,Mahmood,Irama,2019.0,"3,70",55.0,Media (41-60),https://i.scdn.co/image/ab67616d0000b273096a351dcac111864ac57f9f,0,4,No,No,Non valutabile,Affidabile,Sì,Sì
2019,2010,Anni 2010,Mi sento bene,Arisa,"M. Buzzanca, L. Vizzini, R. Pippa e A. Flora",8º,8,4º-10º posto,Altra posizione,5 - 9 febbraio,Teatro Ariston,Claudio Baglioni,24,Mahmood,Salmo,2021.0,"3,05",48.0,Media (41-60),https://i.scdn.co/image/ab67616d0000b273a42e0e7cc54d408b719d6c79,2,4,No,Non valutabile,Non valutabile,Da verificare: artista differente,No,No
2019,2010,Anni 2010,Rolls Royce,Achille Lauro,"A. Lauro, D. Petrella, D. Dezi, D. Mungai e Boss Doms",9º,9,4º-10º posto,Altra posizione,5 - 9 febbraio,Teatro Ariston,Claudio Baglioni,24,Mahmood,Achille Lauro,2020.0,"2,89",53.0,Media (41-60),https://i.scdn.co/image/ab67616d0000b273d7d1c841048a5776dd5405c4,1,4,No,No,Non valutabile,Affidabile,Sì,Sì
2019,2010,Anni 2010,Nonno Hollywood,Enrico Nigiotti,E. Nigiotti,10º,10,4º-10º posto,Altra posizione,5 - 9 febbraio,Teatro Ariston,Claudio Baglioni,24,Mahmood,Enrico Nigiotti,2019.0,"3,78",54.0,Media (41-60),https://i.scdn.co/image/ab67616d0000b27371e4315e2c8cccab424ce1d7,0,4,No,No,Non valutabile,Affidabile,Sì,Sì
2019,2010,Anni 2010,Per un milione,Boomdabash,"F. Abbate, R. Pagliarulo, A. Rapetti, A. Cisternino, A. Merli e F. Clemente",11º,11,Oltre il 10º posto,Altra posizione,5 - 9 febbraio,Teatro Ariston,Claudio Baglioni,24,Mahmood,Boomdabash,2019.0,"2,91",62.0,Alta (61-100),https://i.scdn.co/image/ab67616d0000b2736b9d552174352504e4ebc4cd,0,4,No,No,Non valutabile,Affidabile,Sì,Sì
2019,2010,Anni 2010,Rose viola,Ghemon,Ghemon e Zef,12º,12,Oltre il 10º posto,Altra posizione,5 - 9 febbraio,Teatro Ariston,Claudio Baglioni,24,Mahmood,Ghemon,2019.0,"3,22",41.0,Media (41-60),https://i.scdn.co/image/ab67616d0000b2735738d43e34d65994a8a33e9b,0,4,No,No,Non valutabile,Affidabile,Sì,Sì
2019,2010,Anni 2010,Solo una canzone,Ex-Otago,"M. Carucci, S. Bertuccini, F. Bacci, O. Martellacci e R. Bouchabla",13º,13,Oltre il 10º posto,Altra posizione,5 - 9 febbraio,Teatro Ariston,Claudio Baglioni,24,Mahmood,Ex-Otago,2019.0,"3,79",44.0,Media (41-60),https://i.scdn.co/image/ab67616d0000b2738a549012931580bbeb20e11c,0,4,No,No,Non valutabile,Affidabile,Sì,Sì
2019,2010,Anni 2010,Dov'è l'Italia,Motta,F. Motta,14º,14,Oltre il 10º posto,Altra posizione,5 - 9 febbraio,Teatro Ariston,Claudio Baglioni,24,Mahmood,Motta,2019.0,"2,97",27.0,Medio-bassa (21-40),https://i.scdn.co/image/ab67616d0000b27396db6112c8e360aa72e474a9,0,4,No,No,Non valutabile,Affidabile,Sì,Sì
2019,2010,Anni 2010,Aspetto che torni,Francesco Renga,"Bungaro, F. Renga, C. Chiodo, Rakele e G. Runco",15º,15,Oltre il 10º posto,Altra posizione,5 - 9 febbraio,Teatro Ariston,Claudio Baglioni,24,Mahmood,Francesco Renga,2019.0,"3,23",26.0,Medio-bassa (21-40),https://i.scdn.co/image/ab67616d0000b27309bdb16a372d5d29c958cee5,0,4,No,No,Non valutabile,Affidabile,Sì,Sì
2019,2010,Anni 2010,L'ultimo ostacolo,Paola Turci,"P. Turci, L. Chiaravalli, S. Marletta ed E. Roberts",16º,16,Oltre il 10º posto,Altra posizione,5 - 9 febbraio,Teatro Ariston,Claudio Baglioni,24,Mahmood,Paola Turci,2019.0,"3,45",26.0,Medio-bassa (21-40),https://i.scdn.co/image/ab67616d0000b27351d9830ec2711347ab917720,0,4,No,No,Non valutabile,Affidabile,Sì,Sì
2019,2010,Anni 2010,L'amore è una dittatura,The Zen Circus,"A. Appino, G. P. Cuccuru e M. Schiavelli",17º,17,Oltre il 10º posto,Altra posizione,5 - 9 febbraio,Teatro Ariston,Claudio Baglioni,24,Mahmood,The Zen Circus,2019.0,"3,84",33.0,Medio-bassa (21-40),https://i.scdn.co/image/ab67616d0000b273e3213b0e1748b411a0457dba,0,4,No,No,Non valutabile,Affidabile,Sì,Sì
2019,2010,Anni 2010,Senza farlo apposta,Federica Carta e Shade,"Shade, J. Ettorre, Jaro",18º,18,Oltre il 10º posto,Altra posizione,5 - 9 febbraio,Teatro Ariston,Claudio Baglioni,24,Mahmood,Shade,2019.0,"3,59",48.0,Media (41-60),https://i.scdn.co/image/ab67616d0000b2731005fe8ef2fb35043b854d75,0,4,No,No,Non valutabile,Affidabile,Sì,Sì
2019,2010,Anni 2010,Mi farò trovare pronto,Nek,"Nek, P. Antonacci e L. Chiaravalli",19º,19,Oltre il 10º posto,Altra posizione,5 - 9 febbraio,Teatro Ariston,Claudio Baglioni,24,Mahmood,Nek,2019.0,"3,02",24.0,Medio-bassa (21-40),https://i.scdn.co/image/ab67616d0000b27357dd51a2da4ec9c5ca08574f,0,4,No,No,Non valutabile,Affidabile,Sì,Sì
2019,2010,Anni 2010,I ragazzi stanno bene,Negrita,"P. Bruni, C. Petricich, E. Salvi, F. Barbacci, L. Cilembrini e G. Gagliano",20º,20,Oltre il 10º posto,Altra posizione,5 - 9 febbraio,Teatro Ariston,Claudio Baglioni,24,Mahmood,Negrita,2019.0,"4,09",31.0,Medio-bassa (21-40),https://i.scdn.co/image/ab67616d0000b273889231e02c7d37c2c8e63c6c,0,4,No,No,Non valutabile,Affidabile,Sì,Sì
2019,2010,Anni 2010,Un po' come la vita,Patty Pravo con Briga,"M. Rettani, D. Calvetti, Zibba, Briga e L. Leonori",21º,21,Oltre il 10º posto,Altra posizione,5 - 9 febbraio,Teatro Ariston,Claudio Baglioni,24,Mahmood,Patty Pravo,2019.0,"3,41",23.0,Medio-bassa (21-40),https://i.scdn.co/image/ab67616d0000b2733808cfd795cdd5ae71f17cbb,0,4,No,No,Non valutabile,Affidabile,Sì,Sì
2019,2010,Anni 2010,Le nostre anime di notte,Anna Tatangelo,L. Vizzini,22º,22,Oltre il 10º posto,Altra posizione,5 - 9 febbraio,Teatro Ariston,Claudio Baglioni,24,Mahmood,Anna Tatangelo,2019.0,"3,18",22.0,Medio-bassa (21-40),https://i.scdn.co/image/ab67616d0000b273738e7f58c16bec26724c08c4,0,4,No,No,Non valutabile,Affidabile,Sì,Sì
2019,2010,Anni 2010,Parole nuove,Einar,"A. Maiello, E. Palmosi e N. Marotta",23º,23,Oltre il 10º posto,Altra posizione,5 - 9 febbraio,Teatro Ariston,Claudio Baglioni,24,Mahmood,Matteo Branciamore,2010.0,"3,27",39.0,Medio-bassa (21-40),https://i.scdn.co/image/ab67616d0000b27392d523d34d9fa62d85f95f09,-9,4,No,Non valutabile,Non valutabile,Da escludere: rilascio precedente,No,No
2019,2010,Anni 2010,Un'altra luce,Nino D'Angelo e Livio Cori,"L. Cori, N. D'Angelo, F. Fogliano, M. Dagani, G. Fracchiolla",24º,24,Oltre il 10º posto,Altra posizione,5 - 9 febbraio,Teatro Ariston,Claudio Baglioni,24,Mahmood,Nino D'Angelo,2019.0,"4,08",26.0,Medio-bassa (21-40),https://i.scdn.co/image/ab67616d0000b2734f32f8d192e5a25864d13c6e,0,4,No,No,Non valutabile,Affidabile,Sì,Sì
2020,2020,Anni 2020,Fai rumore,Diodato,Diodato e E. Roberts,1º,1,1º posto,Vincitore,4 - 8 febbraio,Teatro Ariston,Amadeus (conduttore televisivo),32,Diodato (cantante),,,,,Dati non disponibili,,,3,No,Non valutabile,Non valutabile,Senza dati Spotify,No,No
2020,2020,Anni 2020,Viceversa,Francesco Gabbani,F. Gabbani e Pacifico,2º,2,2º-3º posto,Podio,4 - 8 febbraio,Teatro Ariston,Amadeus (conduttore televisivo),32,Diodato (cantante),Francesco Gabbani,2020.0,"3,59",62.0,Alta (61-100),https://i.scdn.co/image/ab67616d0000b2737a315843e9ac5bf15d3a6480,0,3,No,No,Non valutabile,Affidabile,Sì,Sì
2020,2020,Anni 2020,Ringo Starr,Pinguini Tattici Nucleari,R. Zanotti,3º,3,2º-3º posto,Podio,4 - 8 febbraio,Teatro Ariston,Amadeus (conduttore televisivo),32,Diodato (cantante),Pinguini Tattici Nucleari,2020.0,"3,06",65.0,Alta (61-100),https://i.scdn.co/image/ab67616d0000b2739d4cb13f84ae3a5fd0a93890,0,3,No,No,Non valutabile,Affidabile,Sì,Sì
2020,2020,Anni 2020,Dov'è,Le Vibrazioni,"R. Casalino, D. Simonetta e F. Sarcina",4º,4,4º-10º posto,Altra posizione,4 - 8 febbraio,Teatro Ariston,Amadeus (conduttore televisivo),32,Diodato (cantante),Le Vibrazioni,2020.0,"3,06",54.0,Media (41-60),https://i.scdn.co/image/ab67616d0000b27330a96137a67591ae7d5ec788,0,3,No,No,Non valutabile,Affidabile,Sì,Sì
2020,2020,Anni 2020,Gigante,Piero Pelù,P. Pelù e L. Chiaravalli,5º,5,4º-10º posto,Altra posizione,4 - 8 febbraio,Teatro Ariston,Amadeus (conduttore televisivo),32,Diodato (cantante),Piero Pelù,2020.0,"3,68",39.0,Medio-bassa (21-40),https://i.scdn.co/image/ab67616d0000b273b29861744d35ee7674db2b2f,0,3,No,No,Non valutabile,Affidabile,Sì,Sì
2020,2020,Anni 2020,Ho amato tutto,Tosca,P. Cantarelli,6º,6,4º-10º posto,Altra posizione,4 - 8 febbraio,Teatro Ariston,Amadeus (conduttore televisivo),32,Diodato (cantante),Tosca,2020.0,"3,74",33.0,Medio-bassa (21-40),https://i.scdn.co/image/ab67616d0000b273681b173ce5e2eca8eddd57b7,0,3,No,No,Non valutabile,Affidabile,Sì,Sì
2020,2020,Anni 2020,Andromeda,Elodie,Mahmood e Dardust,7º,7,4º-10º posto,Altra posizione,4 - 8 febbraio,Teatro Ariston,Amadeus (conduttore televisivo),32,Diodato (cantante),Elodie,2020.0,"3,37",51.0,Media (41-60),https://i.scdn.co/image/ab67616d0000b273bad09f776b795f1adeac2744,0,3,No,No,Non valutabile,Affidabile,Sì,Sì
2020,2020,Anni 2020,Me ne frego,Achille Lauro,"A. Lauro, D. Petrella, D. Dezi, D. Mungai, M. Ciceroni ed E. Manozzi",8º,8,4º-10º posto,Altra posizione,4 - 8 febbraio,Teatro Ariston,Amadeus (conduttore televisivo),32,Diodato (cantante),Achille Lauro,2020.0,"3,69",51.0,Media (41-60),https://i.scdn.co/image/ab67616d0000b273d7d1c841048a5776dd5405c4,0,3,No,No,Non valutabile,Affidabile,Sì,Sì
2020,2020,Anni 2020,Finalmente io,Irene Grandi,"V. Rossi, R. Casini, A. Righi e G. Curreri",9º,9,4º-10º posto,Altra posizione,4 - 8 febbraio,Teatro Ariston,Amadeus (conduttore televisivo),32,Diodato (cantante),Irene Grandi,2020.0,"4,09",34.0,Medio-bassa (21-40),https://i.scdn.co/image/ab67616d0000b2734517019ccaf98105a6cf2bff,0,3,No,No,Non valutabile,Affidabile,Sì,Sì
2020,2020,Anni 2020,Eden,Rancore,Rancore e Dardust,10º,10,4º-10º posto,Altra posizione,4 - 8 febbraio,Teatro Ariston,Amadeus (conduttore televisivo),32,Diodato (cantante),Rancore,2022.0,"3,52",41.0,Media (41-60),https://i.scdn.co/image/ab67616d0000b2736ce8adc612fa5a802e63b340,2,3,No,No,Non valutabile,Affidabile,Sì,Sì
2020,2020,Anni 2020,Carioca,Raphael Gualazzi,"R. Gualazzi, D. Petrella e D. Pavanello",11º,11,Oltre il 10º posto,Altra posizione,4 - 8 febbraio,Teatro Ariston,Amadeus (conduttore televisivo),32,Diodato (cantante),Izi,2019.0,"3,34",43.0,Media (41-60),https://i.scdn.co/image/ab67616d0000b27302785be7da43dd6e62ebcb49,-1,3,No,Non valutabile,Non valutabile,Da verificare: artista differente,No,No
2020,2020,Anni 2020,Tikibombom,Levante,Levante,12º,12,Oltre il 10º posto,Altra posizione,4 - 8 febbraio,Teatro Ariston,Amadeus (conduttore televisivo),32,Diodato (cantante),Levante,2020.0,"3,39",50.0,Media (41-60),https://i.scdn.co/image/ab67616d0000b2739b64443f24494caee0d7c9d4,0,3,No,No,Non valutabile,Affidabile,Sì,Sì
2020,2020,Anni 2020,Rosso di rabbia,Anastasio,"Anastasio, L. Serventi, M. Azara e S. Tartaglini",13º,13,Oltre il 10º posto,Altra posizione,4 - 8 febbraio,Teatro Ariston,Amadeus (conduttore televisivo),32,Diodato (cantante),Anastasio,2020.0,"3,22",33.0,Medio-bassa (21-40),https://i.scdn.co/image/ab67616d0000b2737c278607679dc6389d1602a1,0,3,No,No,Non valutabile,Affidabile,Sì,Sì
2020,2020,Anni 2020,Il sole ad est,Alberto Urso,P. Romitelli e G. Pulli,14º,14,Oltre il 10º posto,Altra posizione,4 - 8 febbraio,Teatro Ariston,Amadeus (conduttore televisivo),32,Diodato (cantante),Alberto Urso,2020.0,"3,42",29.0,Medio-bassa (21-40),https://i.scdn.co/image/ab67616d0000b273b011d9badadf61e0ae5f34ae,0,3,No,No,Non valutabile,Affidabile,Sì,Sì
2020,2020,Anni 2020,Il confronto,Marco Masini,"M. Masini, F. Camba e D. Coro",15º,15,Oltre il 10º posto,Altra posizione,4 - 8 febbraio,Teatro Ariston,Amadeus (conduttore televisivo),32,Diodato (cantante),Marco Masini,2020.0,"3,31",39.0,Medio-bassa (21-40),https://i.scdn.co/image/ab67616d0000b273e441a7e5112ae18e67bac559,0,3,No,No,Non valutabile,Affidabile,Sì,Sì
2020,2020,Anni 2020,Voglio parlarti adesso,Paolo Jannacci,"A. Bonomo, P. Jannacci, E. Bassi e M. Bassi",16º,16,Oltre il 10º posto,Altra posizione,4 - 8 febbraio,Teatro Ariston,Amadeus (conduttore televisivo),32,Diodato (cantante),Paolo Jannacci,2020.0,"3,72",20.0,Bassa (0-20),https://i.scdn.co/image/ab67616d0000b27304694caa47aa83c8af781d41,0,3,No,No,Non valutabile,Affidabile,Sì,Sì
2020,2020,Anni 2020,Niente (Resilienza 74),Rita Pavone,G. Merk,17º,17,Oltre il 10º posto,Altra posizione,4 - 8 febbraio,Teatro Ariston,Amadeus (conduttore televisivo),32,Diodato (cantante),Rita Pavone,2020.0,"3,29",24.0,Medio-bassa (21-40),https://i.scdn.co/image/ab67616d0000b273682bbba0307af9b5a34bac03,0,3,No,No,Non valutabile,Affidabile,Sì,Sì
2020,2020,Anni 2020,Nell'estasi o nel fango,Michele Zarrillo,V. Parisse e M. Zarrillo,18º,18,Oltre il 10º posto,Altra posizione,4 - 8 febbraio,Teatro Ariston,Amadeus (conduttore televisivo),32,Diodato (cantante),Michele Zarrillo,2020.0,"3,76",26.0,Medio-bassa (21-40),https://i.scdn.co/image/ab67616d0000b273e274d3dd443b250af0e04508,0,3,No,No,Non valutabile,Affidabile,Sì,Sì
2020,2020,Anni 2020,Baciami adesso,Enrico Nigiotti,E. Nigiotti,19º,19,Oltre il 10º posto,Altra posizione,4 - 8 febbraio,Teatro Ariston,Amadeus (conduttore televisivo),32,Diodato (cantante),Enrico Nigiotti,2020.0,"3,05",52.0,Media (41-60),https://i.scdn.co/image/ab67616d0000b273eeedd4dbf8d0c25b83cf0429,0,3,No,No,Non valutabile,Affidabile,Sì,Sì
2020,2020,Anni 2020,Come mia madre,Giordana Angi,G. Angi e M. Finotti,20º,20,Oltre il 10º posto,Altra posizione,4 - 8 febbraio,Teatro Ariston,Amadeus (conduttore televisivo),32,Diodato (cantante),Giordana Angi,2020.0,"2,89",25.0,Medio-bassa (21-40),https://i.scdn.co/image/ab67616d0000b273dc777269417e0211eaf9224c,0,3,No,No,Non valutabile,Affidabile,Sì,Sì
2020,2020,Anni 2020,Musica (e il resto scompare),Elettra Lamborghini,M. Canova Iorfida e D. Petrella,21º,21,Oltre il 10º posto,Altra posizione,4 - 8 febbraio,Teatro Ariston,Amadeus (conduttore televisivo),32,Diodato (cantante),Elettra Lamborghini,2020.0,"3,24",48.0,Media (41-60),https://i.scdn.co/image/ab67616d0000b2733b87e60161fb6595e30acb88,0,3,No,No,Non valutabile,Affidabile,Sì,Sì
2020,2020,Anni 2020,No grazie,Junior Cally,"J. Cally, J. Ettorre, F. Mercuri, G. Cremona, E. Maimone e L. Grillotti",22º,22,Oltre il 10º posto,Altra posizione,4 - 8 febbraio,Teatro Ariston,Amadeus (conduttore televisivo),32,Diodato (cantante),Pacman XII,2018.0,"3,77",6.0,Bassa (0-20),https://i.scdn.co/image/ab67616d0000b273e8fed68f3c05855dee9dd22e,-2,3,No,Non valutabile,Non valutabile,Da escludere: rilascio precedente,No,No
2020,2020,Anni 2020,Lo sappiamo entrambi,Riki,R. Marcuzzo e R. Scirè,23º,23,Oltre il 10º posto,Altra posizione,4 - 8 febbraio,Teatro Ariston,Amadeus (conduttore televisivo),32,Diodato (cantante),RIKI,2020.0,"3,29",29.0,Medio-bassa (21-40),https://i.scdn.co/image/ab67616d0000b27350fd717956316458f68fabb0,0,3,No,No,Non valutabile,Affidabile,Sì,Sì
2020,2020,Anni 2020,Sincero,Bugo e Morgan,"Bugo, Morgan, A. Bonomo e S. Bertolotti",Esclusi,,Senza posizione numerica,Esclusa/o,4 - 8 febbraio,Teatro Ariston,Amadeus (conduttore televisivo),32,Diodato (cantante),Tony Boy,2019.0,"2,91",35.0,Medio-bassa (21-40),https://i.scdn.co/image/ab67616d0000b273c688ef0ffbebaddaee2781c6,-1,3,No,Non valutabile,Non valutabile,Da verificare: artista differente,No,No
2021,2020,Anni 2020,Zitti e buoni,Måneskin,"D. David, T. Raggi, V. De Angelis e E. Torchio",1º,1,1º posto,Vincitore,2 - 6 marzo,Teatro Ariston,Amadeus (conduttore televisivo),34,Måneskin,,,,,Dati non disponibili,,,2,No,Non valutabile,Non valutabile,Senza dati Spotify,No,No
2021,2020,Anni 2020,Chiamami per nome,Francesca Michielin e Fedez,"F. Michielin, Fedez, J. D'Amico, A. Mahmoud, A. Raina e D. Simonetta",2º,2,2º-3º posto,Podio,2 - 6 marzo,Teatro Ariston,Amadeus (conduttore televisivo),34,Måneskin,Francesca Michielin,2021.0,"3,71",55.0,Media (41-60),https://i.scdn.co/image/ab67616d0000b273d6b725434a6904c6de444c36,0,2,No,No,Non valutabile,Affidabile,Sì,Sì
2021,2020,Anni 2020,Un milione di cose da dirti,Ermal Meta,E. Meta e R. Cardelli,3º,3,2º-3º posto,Podio,2 - 6 marzo,Teatro Ariston,Amadeus (conduttore televisivo),34,Måneskin,Ermal Meta,2021.0,"3,53",47.0,Media (41-60),https://i.scdn.co/image/ab67616d0000b273d24e8c5dd4b014a7ae411f3e,0,2,No,No,Non valutabile,Affidabile,Sì,Sì
2021,2020,Anni 2020,Musica leggerissima,Colapesce Dimartino,Colapesce e DiMartino,4º,4,4º-10º posto,Altra posizione,2 - 6 marzo,Teatro Ariston,Amadeus (conduttore televisivo),34,Måneskin,Colapesce,2021.0,"3,95",63.0,Alta (61-100),https://i.scdn.co/image/ab67616d0000b273b94d4938b5e09f77aa6e088e,0,2,No,No,Non valutabile,Affidabile,Sì,Sì
2021,2020,Anni 2020,La genesi del tuo colore,Irama[20],"Irama, Dardust e G. Nenna",5º,5,4º-10º posto,Altra posizione,2 - 6 marzo,Teatro Ariston,Amadeus (conduttore televisivo),34,Måneskin,Irama,2021.0,"3,82",57.0,Media (41-60),https://i.scdn.co/image/ab67616d0000b2732ee15194eed8c6d0d6876ec8,0,2,No,No,Non valutabile,Affidabile,Sì,Sì
2021,2020,Anni 2020,Mai dire mai (la locura),Willie Peyote,"W. Peyote, C. Cavalieri D'Oro, D. Bestonzo e G. Petrelli",6º,6,4º-10º posto,Altra posizione,2 - 6 marzo,Teatro Ariston,Amadeus (conduttore televisivo),34,Måneskin,Willie Peyote,2021.0,"3,48",51.0,Media (41-60),https://i.scdn.co/image/ab67616d0000b27307489a52dad91c848684a8bb,0,2,No,No,Non valutabile,Affidabile,Sì,Sì
2021,2020,Anni 2020,Dieci,Annalisa,"Annalisa, D. Simonetta, P. Antonacci e J. D'Amico",7º,7,4º-10º posto,Altra posizione,2 - 6 marzo,Teatro Ariston,Amadeus (conduttore televisivo),34,Måneskin,Annalisa,2021.0,"3,31",54.0,Media (41-60),https://i.scdn.co/image/ab67616d0000b2731bddc7778bd7890e729267d8,0,2,No,No,Non valutabile,Affidabile,Sì,Sì
2021,2020,Anni 2020,Voce,Madame,"Madame, Dardust e E. Botta",8º,8,4º-10º posto,Altra posizione,2 - 6 marzo,Teatro Ariston,Amadeus (conduttore televisivo),34,Måneskin,Madame,2021.0,"3,52",56.0,Media (41-60),https://i.scdn.co/image/ab67616d0000b2733ccb55cd765166e424ca0540,0,2,No,No,Non valutabile,Affidabile,Sì,Sì
2021,2020,Anni 2020,Quando ti sei innamorato,Orietta Berti,"F. Boccia, C. Esposito e M. Rettani",9º,9,4º-10º posto,Altra posizione,2 - 6 marzo,Teatro Ariston,Amadeus (conduttore televisivo),34,Måneskin,Orietta Berti,2021.0,"3,67",29.0,Medio-bassa (21-40),https://i.scdn.co/image/ab67616d0000b273db44d60f9bf56d4f3b149f2d,0,2,No,No,Non valutabile,Affidabile,Sì,Sì
2021,2020,Anni 2020,Potevi fare di più,Arisa,G. D'Alessio,10º,10,4º-10º posto,Altra posizione,2 - 6 marzo,Teatro Ariston,Amadeus (conduttore televisivo),34,Måneskin,Arisa,2021.0,"4,07",42.0,Media (41-60),https://i.scdn.co/image/ab67616d0000b27313bddb1d0c03837ffe6cfba2,0,2,No,No,Non valutabile,Affidabile,Sì,Sì
2021,2020,Anni 2020,Amare,La Rappresentante di Lista,"V. Lucchesi, D. Mangiaracina, Dardust e R. Cammarata",11º,11,Oltre il 10º posto,Altra posizione,2 - 6 marzo,Teatro Ariston,Amadeus (conduttore televisivo),34,Måneskin,Ultimo,2023.0,"3,30",53.0,Media (41-60),https://i.scdn.co/image/ab67616d0000b273fc6fdba6d214d1baa823935b,2,2,No,Non valutabile,Non valutabile,Da verificare: artista differente,No,No
2021,2020,Anni 2020,Bianca luce nera,Extraliscio feat. Davide Toffolo,"M. Mariani, Pacifico e E. Sgarbi",12º,12,Oltre il 10º posto,Altra posizione,2 - 6 marzo,Teatro Ariston,Amadeus (conduttore televisivo),34,Måneskin,EXTRALISCIO,2021.0,"3,40",25.0,Medio-bassa (21-40),https://i.scdn.co/image/ab67616d0000b273748e3527358824086dcb90de,0,2,No,No,Non valutabile,Affidabile,Sì,Sì
2021,2020,Anni 2020,Combat pop,Lo Stato Sociale,"A. Cazzola, F. Draicchio, J. Ettorre, L. Guenzi, A. Guidetti, E. Roberto e M. Romagnoli",13º,13,Oltre il 10º posto,Altra posizione,2 - 6 marzo,Teatro Ariston,Amadeus (conduttore televisivo),34,Måneskin,Gabriele Felici,2021.0,"3,91",0.0,Bassa (0-20),https://i.scdn.co/image/ab67616d0000b27331067704118a3d7a7f25ec33,0,2,No,Non valutabile,Non valutabile,Da verificare: artista differente,No,No
2021,2020,Anni 2020,Glicine,Noemi,"Tattroli[22], G. Lubrano, D. Faini e F. Fugazza",14º,14,Oltre il 10º posto,Altra posizione,2 - 6 marzo,Teatro Ariston,Amadeus (conduttore televisivo),34,Måneskin,Noemi,2021.0,"3,62",46.0,Media (41-60),https://i.scdn.co/image/ab67616d0000b27368d587176e2c287d93354801,0,2,No,No,Non valutabile,Affidabile,Sì,Sì
2021,2020,Anni 2020,Ti piaci così,Malika Ayane,"M. Ayane, Pacifico, A. Flora e R. Rampino",15º,15,Oltre il 10º posto,Altra posizione,2 - 6 marzo,Teatro Ariston,Amadeus (conduttore televisivo),34,Måneskin,Malika Ayane,2021.0,"3,61",32.0,Medio-bassa (21-40),https://i.scdn.co/image/ab67616d0000b273325db849948a2129eb208f3f,0,2,No,No,Non valutabile,Affidabile,Sì,Sì
2021,2020,Anni 2020,Santa Marinella,Fulminacci,Fulminacci,16º,16,Oltre il 10º posto,Altra posizione,2 - 6 marzo,Teatro Ariston,Amadeus (conduttore televisivo),34,Måneskin,Fulminacci,2021.0,"3,68",52.0,Media (41-60),https://i.scdn.co/image/ab67616d0000b273f3e8591f23a3d3668de2b560,0,2,No,No,Non valutabile,Affidabile,Sì,Sì
2021,2020,Anni 2020,Il farmacista,Max Gazzè,"F. Gazzè, M. Gazzè e F. De Benedittis",17º,17,Oltre il 10º posto,Altra posizione,2 - 6 marzo,Teatro Ariston,Amadeus (conduttore televisivo),34,Måneskin,Max Gazzè,2021.0,"4,19",32.0,Medio-bassa (21-40),https://i.scdn.co/image/ab67616d0000b2739c2a6d0bc022c8812e55d631,0,2,No,No,Non valutabile,Affidabile,Sì,Sì
2021,2020,Anni 2020,Parlami,Fasma,Fasma e L. Zammarano,18º,18,Oltre il 10º posto,Altra posizione,2 - 6 marzo,Teatro Ariston,Amadeus (conduttore televisivo),34,Måneskin,Fasma,2021.0,"2,82",60.0,Media (41-60),https://i.scdn.co/image/ab67616d0000b2739b7f3d5963a55c9ef527e115,0,2,No,No,Non valutabile,Affidabile,Sì,Sì
2021,2020,Anni 2020,Cuore amaro,Gaia,"Gaia, J. Ettorre, G. Spedicato e D. Dezi",19º,19,Oltre il 10º posto,Altra posizione,2 - 6 marzo,Teatro Ariston,Amadeus (conduttore televisivo),34,Måneskin,Gaia,2021.0,"2,55",37.0,Medio-bassa (21-40),https://i.scdn.co/image/ab67616d0000b273d49b662d9cf9428fdc5d7ee8,0,2,No,No,Non valutabile,Affidabile,Sì,Sì
2021,2020,Anni 2020,Fiamme negli occhi,Coma_Cose,"F. Zanardelli, F. Mesiano, F. Dalè e C. Frigerio",20º,20,Oltre il 10º posto,Altra posizione,2 - 6 marzo,Teatro Ariston,Amadeus (conduttore televisivo),34,Måneskin,Coma_Cose,2021.0,"3,44",58.0,Media (41-60),https://i.scdn.co/image/ab67616d0000b27381872b41fa9303024d341aec,0,2,No,No,Non valutabile,Affidabile,Sì,Sì
2021,2020,Anni 2020,Momento perfetto,Ghemon,"Ghemon, S. Privitera, G. Seccia e D. Raciti",21º,21,Oltre il 10º posto,Altra posizione,2 - 6 marzo,Teatro Ariston,Amadeus (conduttore televisivo),34,Måneskin,Ghemon,2021.0,"3,19",35.0,Medio-bassa (21-40),https://i.scdn.co/image/ab67616d0000b2731c901fdf923901dfa0d6d808,0,2,No,No,Non valutabile,Affidabile,Sì,Sì
2021,2020,Anni 2020,Quando trovo te,Francesco Renga,"F. Renga, R. Casalino e Dardust",22º,22,Oltre il 10º posto,Altra posizione,2 - 6 marzo,Teatro Ariston,Amadeus (conduttore televisivo),34,Måneskin,Francesco Renga,2021.0,"3,83",32.0,Medio-bassa (21-40),https://i.scdn.co/image/ab67616d0000b2734f79cebc8fc5dd611cff3f24,0,2,No,No,Non valutabile,Affidabile,Sì,Sì
2021,2020,Anni 2020,Arnica,Gio Evan,G. Evan e F. Catitti,23º,23,Oltre il 10º posto,Altra posizione,2 - 6 marzo,Teatro Ariston,Amadeus (conduttore televisivo),34,Måneskin,Gio Evan,2021.0,"3,07",38.0,Medio-bassa (21-40),https://i.scdn.co/image/ab67616d0000b2732528ba226d0b843e7e70bb09,0,2,No,No,Non valutabile,Affidabile,Sì,Sì
2021,2020,Anni 2020,E invece sì,Bugo,"Bugo, A. Bonomo e S. Bertolotti",24º,24,Oltre il 10º posto,Altra posizione,2 - 6 marzo,Teatro Ariston,Amadeus (conduttore televisivo),34,Måneskin,Bugo,2021.0,"3,87",26.0,Medio-bassa (21-40),https://i.scdn.co/image/ab67616d0000b2736e8866337dd02561b07c0c1a,0,2,No,No,Non valutabile,Affidabile,Sì,Sì
2021,2020,Anni 2020,Ora,Aiello,Aiello,25º,25,Oltre il 10º posto,Altra posizione,2 - 6 marzo,Teatro Ariston,Amadeus (conduttore televisivo),34,Måneskin,Sfera Ebbasta,2023.0,"3,34",62.0,Alta (61-100),https://i.scdn.co/image/ab67616d0000b27315cc3d9c9ad7ee9ca91ccc10,2,2,No,Non valutabile,Non valutabile,Da verificare: artista differente,No,No
2021,2020,Anni 2020,Torno a te,Random,Random e Zenit,26º,26,Oltre il 10º posto,Altra posizione,2 - 6 marzo,Teatro Ariston,Amadeus (conduttore televisivo),34,Måneskin,Random,2021.0,"3,45",31.0,Medio-bassa (21-40),https://i.scdn.co/image/ab67616d0000b273117d589e12fbce6d17b2bc81,0,2,No,No,Non valutabile,Affidabile,Sì,Sì
2022,2020,Anni 2020,Brividi,Mahmood e Blanco,"Mahmood, Blanco e Michelangelo",1º,1,1º posto,Vincitore,1º-5 febbraio,Teatro Ariston,Amadeus (conduttore televisivo),25,Mahmood,Mahmood,2022.0,"3,32",65.0,Alta (61-100),https://i.scdn.co/image/ab67616d0000b27340c172c54696d8e6028c019f,0,1,No,No,Non valutabile,Affidabile,Sì,Sì
2022,2020,Anni 2020,O forse sei tu,Elisa,Elisa e D. Petrella,2º,2,2º-3º posto,Podio,1º-5 febbraio,Teatro Ariston,Amadeus (conduttore televisivo),25,Mahmood,Elisa,2022.0,"3,89",59.0,Media (41-60),https://i.scdn.co/image/ab67616d0000b273a043d83836d044f101d7cfb1,0,1,No,No,Non valutabile,Affidabile,Sì,Sì
2022,2020,Anni 2020,Apri tutte le porte,Gianni Morandi,L. Jovanotti e R. Onori,3º,3,2º-3º posto,Podio,1º-5 febbraio,Teatro Ariston,Amadeus (conduttore televisivo),25,Mahmood,Gianni Morandi,2022.0,"3,72",44.0,Media (41-60),https://i.scdn.co/image/ab67616d0000b2738d4c90b2ad8522ea07ebda75,0,1,No,No,Non valutabile,Affidabile,Sì,Sì
2022,2020,Anni 2020,Ovunque sarai,Irama,"Irama, G. Nenna, Shablo, V. L. Faraone e G. Colonnelli",4º,4,4º-10º posto,Altra posizione,1º-5 febbraio,Teatro Ariston,Amadeus (conduttore televisivo),25,Mahmood,Irama,2022.0,"3,34",58.0,Media (41-60),https://i.scdn.co/image/ab67616d0000b273b8707fbb799433ced6efdf92,0,1,No,No,Non valutabile,Affidabile,Sì,Sì
2022,2020,Anni 2020,Farfalle,Sangiovanni,"Sangiovanni, A. La Cava e S. Tognini",5º,5,4º-10º posto,Altra posizione,1º-5 febbraio,Teatro Ariston,Amadeus (conduttore televisivo),25,Mahmood,sangiovanni,2022.0,"2,73",58.0,Media (41-60),https://i.scdn.co/image/ab67616d0000b273760c37576f01b38fdd1ae7b5,0,1,No,No,Non valutabile,Affidabile,Sì,Sì
2022,2020,Anni 2020,Ogni volta è così,Emma,"D. Petrella, Emma e D. Faini",6º,6,4º-10º posto,Altra posizione,1º-5 febbraio,Teatro Ariston,Amadeus (conduttore televisivo),25,Mahmood,Emma,2022.0,"3,45",48.0,Media (41-60),https://i.scdn.co/image/ab67616d0000b273ad7ac02730b19d6675b1210b,0,1,No,No,Non valutabile,Affidabile,Sì,Sì
2022,2020,Anni 2020,Ciao ciao,La Rappresentante di Lista,"V. Lucchesi, D. Mangiaracina, R. Calabrese, R. Cammarata, C. Drago e S. Privitera",7º,7,4º-10º posto,Altra posizione,1º-5 febbraio,Teatro Ariston,Amadeus (conduttore televisivo),25,Mahmood,La rappresentante di lista,2022.0,"3,07",57.0,Media (41-60),https://i.scdn.co/image/ab67616d0000b2730f1c471dae67e1626c9fd385,0,1,No,No,Non valutabile,Affidabile,Sì,Sì
2022,2020,Anni 2020,Lettera di là dal mare,Massimo Ranieri,F. Ilacqua,8º,8,4º-10º posto,Altra posizione,1º-5 febbraio,Teatro Ariston,Amadeus (conduttore televisivo),25,Mahmood,Massimo Ranieri,2022.0,"3,64",35.0,Medio-bassa (21-40),https://i.scdn.co/image/ab67616d0000b2738a9e1680ca8ac8fd49ae8f62,0,1,No,No,Non valutabile,Affidabile,Sì,Sì
2022,2020,Anni 2020,Dove si balla,Dargen D'Amico,"D. D'Amico, E. Roberts, G. Fazio e A. Bonomo",9º,9,4º-10º posto,Altra posizione,1º-5 febbraio,Teatro Ariston,Amadeus (conduttore televisivo),25,Mahmood,Dargen D'Amico,2022.0,"3,30",60.0,Media (41-60),https://i.scdn.co/image/ab67616d0000b273bc7a69dc59ab4e53d2b8c511,0,1,No,No,Non valutabile,Affidabile,Sì,Sì
2022,2020,Anni 2020,Inverno dei fiori,Michele Bravi,"A. A. Vella, M. Bravi, Cheope, F. Catitti e F. Abbate",10º,10,4º-10º posto,Altra posizione,1º-5 febbraio,Teatro Ariston,Amadeus (conduttore televisivo),25,Mahmood,Michele Bravi,2022.0,"2,94",49.0,Media (41-60),https://i.scdn.co/image/ab67616d0000b273bac4168abe75ba01211ec452,0,1,No,No,Non valutabile,Affidabile,Sì,Sì
2022,2020,Anni 2020,Virale,Matteo Romano,"M. Romano, A. La Cava, F. Rossi e D. Faini",11º,11,Oltre il 10º posto,Altra posizione,1º-5 febbraio,Teatro Ariston,Amadeus (conduttore televisivo),25,Mahmood,Matteo Romano,2022.0,"3,08",53.0,Media (41-60),https://i.scdn.co/image/ab67616d0000b2735e9b2c319f73ee8ea25d130f,0,1,No,No,Non valutabile,Affidabile,Sì,Sì
2022,2020,Anni 2020,Sei tu,Fabrizio Moro,F. Mobrici e R. Cardelli,12º,12,Oltre il 10º posto,Altra posizione,1º-5 febbraio,Teatro Ariston,Amadeus (conduttore televisivo),25,Mahmood,Andrew Underberg,2024.0,"1,00",61.0,Alta (61-100),https://i.scdn.co/image/ab67616d0000b273058d85d25752a6701564ba06,2,1,No,Non valutabile,Non valutabile,Da verificare: artista differente,No,No
2022,2020,Anni 2020,Perfetta così,AKA 7even,"AKA 7even, V. Colella, M. E. Kleinschmidt, G. Vizzi e R. L. Patriarca",13º,13,Oltre il 10º posto,Altra posizione,1º-5 febbraio,Teatro Ariston,Amadeus (conduttore televisivo),25,Mahmood,Aka 7even,2022.0,"2,83",48.0,Media (41-60),https://i.scdn.co/image/ab67616d0000b273d202e568365b8b99fe69f7e2,0,1,No,No,Non valutabile,Affidabile,Sì,Sì
2022,2020,Anni 2020,Domenica,Achille Lauro con Harlem Gospel Choir,"A. Lauro, S. P. Manzari, D. Petrella, M. Ciceroni, M. Cutolo e G. Calculli",14º,14,Oltre il 10º posto,Altra posizione,1º-5 febbraio,Teatro Ariston,Amadeus (conduttore televisivo),25,Mahmood,Coez,2019.0,"3,36",62.0,Alta (61-100),https://i.scdn.co/image/ab67616d0000b2737e05a226a97cdbdcab2c5a21,-3,1,No,Non valutabile,Non valutabile,Da escludere: rilascio precedente,No,No
2022,2020,Anni 2020,Ti amo non lo so dire,Noemi,"A. La Cava, Mahmood e D. Faini",15º,15,Oltre il 10º posto,Altra posizione,1º-5 febbraio,Teatro Ariston,Amadeus (conduttore televisivo),25,Mahmood,Noemi,2022.0,"3,62",45.0,Media (41-60),https://i.scdn.co/image/ab67616d0000b273bfb219b7756f7bfb869f6309,0,1,No,No,Non valutabile,Affidabile,Sì,Sì
2022,2020,Anni 2020,Chimica,Ditonellapiaga e Rettore,"Ditonellapiaga, Rettore, A. Casagni, B. Ventura, E. Castroni e V. Smordoni",16º,16,Oltre il 10º posto,Altra posizione,1º-5 febbraio,Teatro Ariston,Amadeus (conduttore televisivo),25,Mahmood,Donatella Rettore,2022.0,"3,02",32.0,Medio-bassa (21-40),https://i.scdn.co/image/ab67616d0000b2734082309ef169867c043bfdaf,0,1,No,No,Non valutabile,Affidabile,Sì,Sì
2022,2020,Anni 2020,Insuperabile,Rkomi,"Rkomi, A. La Cava e F. Catitti",17º,17,Oltre il 10º posto,Altra posizione,1º-5 febbraio,Teatro Ariston,Amadeus (conduttore televisivo),25,Mahmood,Rkomi,2022.0,"2,87",60.0,Media (41-60),https://i.scdn.co/image/ab67616d0000b2737801dd18b44e258fe6f2f636,0,1,No,No,Non valutabile,Affidabile,Sì,Sì
2022,2020,Anni 2020,Voglio amarti,Iva Zanicchi,"E. Di Stefano, V. Mercurio, I. Ianne e C. Valli",18º,18,Oltre il 10º posto,Altra posizione,1º-5 febbraio,Teatro Ariston,Amadeus (conduttore televisivo),25,Mahmood,,,,,Dati non disponibili,,,1,No,Non valutabile,Non valutabile,Senza dati Spotify,No,No
2022,2020,Anni 2020,"Tuo padre, mia madre, Lucia",Giovanni Truppi,"G. Truppi, N. Contessa, Pacifico, M. Buccelli e G. Pallotti",19º,19,Oltre il 10º posto,Altra posizione,1º-5 febbraio,Teatro Ariston,Amadeus (conduttore televisivo),25,Mahmood,Giovanni Truppi,2022.0,"3,80",28.0,Medio-bassa (21-40),https://i.scdn.co/image/ab67616d0000b273bc026275e7a2a07c3dd3f19e,0,1,No,No,Non valutabile,Affidabile,Sì,Sì
2022,2020,Anni 2020,Abbi cura di te,Highsnob e Hu,"Highsnob, Hu, A. Moroni, F. De Marco e F. Musumeci",20º,20,Oltre il 10º posto,Altra posizione,1º-5 febbraio,Teatro Ariston,Amadeus (conduttore televisivo),25,Mahmood,Highsnob,2022.0,"3,33",47.0,Media (41-60),https://i.scdn.co/image/ab67616d0000b273345e9cc59489e7e148fccb53,0,1,No,No,Non valutabile,Affidabile,Sì,Sì
2022,2020,Anni 2020,Ora e qui,Yuman,"T. Di Giulio, F. Cataldo e Yuman",21º,21,Oltre il 10º posto,Altra posizione,1º-5 febbraio,Teatro Ariston,Amadeus (conduttore televisivo),25,Mahmood,Gruppo Palude,2021.0,"3,72",0.0,Bassa (0-20),https://i.scdn.co/image/ab67616d0000b27360149a7c413ea53ea8316a0a,-1,1,No,Non valutabile,Non valutabile,Da verificare: artista differente,No,No
2022,2020,Anni 2020,Tantissimo,Le Vibrazioni,"R. Casalino, F. Sarcina e N. Verrienti",22º,22,Oltre il 10º posto,Altra posizione,1º-5 febbraio,Teatro Ariston,Amadeus (conduttore televisivo),25,Mahmood,Le Vibrazioni,2022.0,"3,12",43.0,Media (41-60),https://i.scdn.co/image/ab67616d0000b2738ca7af5a3baf7238aa4e224b,0,1,No,No,Non valutabile,Affidabile,Sì,Sì
2022,2020,Anni 2020,Miele,Giusy Ferreri,"D. Petrella, F. Abbate, F. Clemente e A. Merli",23º,23,Oltre il 10º posto,Altra posizione,1º-5 febbraio,Teatro Ariston,Amadeus (conduttore televisivo),25,Mahmood,Gigi D'Alessio,2002.0,"3,97",49.0,Media (41-60),https://i.scdn.co/image/ab67616d0000b273b3f07e73aaaa464c13ea7747,-20,1,No,Non valutabile,Non valutabile,Da escludere: rilascio precedente,No,No
2022,2020,Anni 2020,Duecentomila ore,Ana Mena,"R. Hunt, F. Abbate e S. Tognini",24º,24,Oltre il 10º posto,Altra posizione,1º-5 febbraio,Teatro Ariston,Amadeus (conduttore televisivo),25,Mahmood,Ana Mena,2022.0,"3,00",49.0,Media (41-60),https://i.scdn.co/image/ab67616d0000b273b83b551f9610143b86a276cd,0,1,No,No,Non valutabile,Affidabile,Sì,Sì
2022,2020,Anni 2020,Sesso occasionale,Tananai,"Tananai, D. Simonetta, P. Antonacci e A. Raina",25º,25,Oltre il 10º posto,Altra posizione,1º-5 febbraio,Teatro Ariston,Amadeus (conduttore televisivo),25,Mahmood,Tananai,2022.0,"3,27",60.0,Media (41-60),https://i.scdn.co/image/ab67616d0000b27374dfe2b9efecc249aa0b2a55,0,1,No,No,Non valutabile,Affidabile,Sì,Sì
2023,2020,Anni 2020,Due vite,Marco Mengoni,"M. Mengoni, D. Petrella e D. Simonetta",1º,1,1º posto,Vincitore,7-11 febbraio,Teatro Ariston,Amadeus (conduttore televisivo),28,Marco Mengoni,,,,,Dati non disponibili,,,0,No,Non valutabile,Non valutabile,Senza dati Spotify,No,No
2023,2020,Anni 2020,Cenere,Lazza,"Lazza, D. Petrella e Dardust",2º,2,2º-3º posto,Podio,7-11 febbraio,Teatro Ariston,Amadeus (conduttore televisivo),28,Marco Mengoni,Lazza,2022.0,"3,47",70.0,Alta (61-100),https://i.scdn.co/image/ab67616d0000b273279a772ce72afcc068718423,-1,0,No,No,Non valutabile,Affidabile,Sì,Sì
2023,2020,Anni 2020,Supereroi,Mr. Rain,"Mr. Rain, F. Abbate e L. Vizzini",3º,3,2º-3º posto,Podio,7-11 febbraio,Teatro Ariston,Amadeus (conduttore televisivo),28,Marco Mengoni,Mr.Rain,2023.0,"3,25",70.0,Alta (61-100),https://i.scdn.co/image/ab67616d0000b273b6f87af8918ce1d7988c4712,0,0,No,No,Non valutabile,Affidabile,Sì,Sì
2023,2020,Anni 2020,Alba,Ultimo,Ultimo,4º,4,4º-10º posto,Altra posizione,7-11 febbraio,Teatro Ariston,Amadeus (conduttore televisivo),28,Marco Mengoni,Vasco Rossi,1984.0,"4,09",56.0,Media (41-60),https://i.scdn.co/image/ab67616d0000b2735dcb1e46fea521d78c81e4ee,-39,0,No,Non valutabile,Non valutabile,Da escludere: rilascio precedente,No,No
2023,2020,Anni 2020,Tango,Tananai,"Tananai, P. Antonacci, A. Raina e D. Simonetta",5º,5,4º-10º posto,Altra posizione,7-11 febbraio,Teatro Ariston,Amadeus (conduttore televisivo),28,Marco Mengoni,Tananai,2022.0,"3,48",68.0,Alta (61-100),https://i.scdn.co/image/ab67616d0000b27374dfe2b9efecc249aa0b2a55,-1,0,No,No,Non valutabile,Affidabile,Sì,Sì
2023,2020,Anni 2020,Parole dette male,Giorgia,"A. Bianco, F. Roccati, M. Dagani e M. M. G. Fracchiolla",6º,6,4º-10º posto,Altra posizione,7-11 febbraio,Teatro Ariston,Amadeus (conduttore televisivo),28,Marco Mengoni,Giorgia,2023.0,"3,11",47.0,Media (41-60),https://i.scdn.co/image/ab67616d0000b273826f6bdb93168cccc07daea1,0,0,No,No,Non valutabile,Affidabile,Sì,Sì
2023,2020,Anni 2020,Il bene nel male,Madame,"Madame, N. Biasin e I. Sinigaglia",7º,7,4º-10º posto,Altra posizione,7-11 febbraio,Teatro Ariston,Amadeus (conduttore televisivo),28,Marco Mengoni,Madame,2023.0,"3,55",62.0,Alta (61-100),https://i.scdn.co/image/ab67616d0000b2738196e46b3a3eb982ab02e46a,0,0,No,No,Non valutabile,Affidabile,Sì,Sì
2023,2020,Anni 2020,Made in Italy,Rosa Chemical,"Rosa Chemical, P. Antonacci, O. Inglese e D. Simonetta",8º,8,4º-10º posto,Altra posizione,7-11 febbraio,Teatro Ariston,Amadeus (conduttore televisivo),28,Marco Mengoni,Rosa Chemical,2023.0,"2,97",62.0,Alta (61-100),https://i.scdn.co/image/ab67616d0000b273e30c970e8abb7c9906ab7c0c,0,0,No,No,Non valutabile,Affidabile,Sì,Sì
2023,2020,Anni 2020,Due,Elodie,"Elodie, F. Abbate, J. Ettorre e F. Catitti",9º,9,4º-10º posto,Altra posizione,7-11 febbraio,Teatro Ariston,Amadeus (conduttore televisivo),28,Marco Mengoni,Marco Mengoni,2023.0,"3,76",67.0,Alta (61-100),https://i.scdn.co/image/ab67616d0000b273af52389b02efac2ab6b994be,0,0,No,Non valutabile,Non valutabile,Da verificare: artista differente,No,No
2023,2020,Anni 2020,Splash,Colapesce Dimartino,Colapesce e Dimartino,10º,10,4º-10º posto,Altra posizione,7-11 febbraio,Teatro Ariston,Amadeus (conduttore televisivo),28,Marco Mengoni,MV Killa,2020.0,"2,88",56.0,Media (41-60),https://i.scdn.co/image/ab67616d0000b2736d231682bf84aa5eea13c460,-3,0,No,Non valutabile,Non valutabile,Da escludere: rilascio precedente,No,No
2023,2020,Anni 2020,Lasciami,Modà,F. Silvestre e E. Palmosi,11º,11,Oltre il 10º posto,Altra posizione,7-11 febbraio,Teatro Ariston,Amadeus (conduttore televisivo),28,Marco Mengoni,Modà,2023.0,"3,65",52.0,Media (41-60),https://i.scdn.co/image/ab67616d0000b273c88fa01c6838987cf424fb5f,0,0,No,No,Non valutabile,Affidabile,Sì,Sì
2023,2020,Anni 2020,Quando ti manca il fiato,Gianluca Grignani,G. Grignani ed E. Melozzi,12º,12,Oltre il 10º posto,Altra posizione,7-11 febbraio,Teatro Ariston,Amadeus (conduttore televisivo),28,Marco Mengoni,Gianluca Grignani,2023.0,"4,22",45.0,Media (41-60),https://i.scdn.co/image/ab67616d0000b273c08c9acf30794a30306e5cab,0,0,No,No,Non valutabile,Affidabile,Sì,Sì
2023,2020,Anni 2020,L'addio,Coma_Cose,"F. Zanardelli, F. Mesiano, F. Dalè e C. Frigerio",13º,13,Oltre il 10º posto,Altra posizione,7-11 febbraio,Teatro Ariston,Amadeus (conduttore televisivo),28,Marco Mengoni,Giuni Russo,1981.0,"4,85",30.0,Medio-bassa (21-40),https://i.scdn.co/image/ab67616d0000b27394530af68ba66a12073a9ceb,-42,0,No,Non valutabile,Non valutabile,Da escludere: rilascio precedente,No,No
2023,2020,Anni 2020,Mare di guai,Ariete,"Ariete, Calcutta, Dardust e V. Centrella",14º,14,Oltre il 10º posto,Altra posizione,7-11 febbraio,Teatro Ariston,Amadeus (conduttore televisivo),28,Marco Mengoni,ARIETE,2023.0,"3,41",55.0,Media (41-60),https://i.scdn.co/image/ab67616d0000b27316d549c35623aefa14a02b73,0,0,No,No,Non valutabile,Affidabile,Sì,Sì
2023,2020,Anni 2020,Se poi domani,LDA,"LDA, F. D'Alessio e A. Caiazza",15º,15,Oltre il 10º posto,Altra posizione,7-11 febbraio,Teatro Ariston,Amadeus (conduttore televisivo),28,Marco Mengoni,LDA,2023.0,"3,48",50.0,Media (41-60),https://i.scdn.co/image/ab67616d0000b273fe4e0f690ed45c732e0635a8,0,0,No,No,Non valutabile,Affidabile,Sì,Sì
2023,2020,Anni 2020,Un bel viaggio,Articolo 31,"J-Ax, Grido, F. Abbate, DJ Jad, Wlady, A. Colangelo e D. Silvestri",16º,16,Oltre il 10º posto,Altra posizione,7-11 febbraio,Teatro Ariston,Amadeus (conduttore televisivo),28,Marco Mengoni,Articolo 31,2023.0,"3,64",54.0,Media (41-60),https://i.scdn.co/image/ab67616d0000b27341dfa81192b73c2baf6dc1ce,0,0,No,No,Non valutabile,Affidabile,Sì,Sì
2023,2020,Anni 2020,Furore,Paola & Chiara,"J. Ettorre, A. La Cava, P. Iezzi, C. Iezzi, F. Mercuri, G. Cremona, L. Grillotti ed E. Maimone",17º,17,Oltre il 10º posto,Altra posizione,7-11 febbraio,Teatro Ariston,Amadeus (conduttore televisivo),28,Marco Mengoni,Paola & Chiara,2023.0,"2,95",55.0,Media (41-60),https://i.scdn.co/image/ab67616d0000b273e33f929210074a0db015629f,0,0,No,No,Non valutabile,Affidabile,Sì,Sì
2023,2020,Anni 2020,Terzo cuore,Leo Gassmann,"R. Zanotti, L. Gassmann, G. Pesenti e M. Paganelli",18º,18,Oltre il 10º posto,Altra posizione,7-11 febbraio,Teatro Ariston,Amadeus (conduttore televisivo),28,Marco Mengoni,Leo Gassmann,2023.0,"3,63",49.0,Media (41-60),https://i.scdn.co/image/ab67616d0000b273f74fa0264cffea420cd42659,0,0,No,No,Non valutabile,Affidabile,Sì,Sì
2023,2020,Anni 2020,Duemilaminuti,Mara Sattei,"D. David, D. Mattei ed E. Brun",19º,19,Oltre il 10º posto,Altra posizione,7-11 febbraio,Teatro Ariston,Amadeus (conduttore televisivo),28,Marco Mengoni,Mara Sattei,2023.0,"3,75",62.0,Alta (61-100),https://i.scdn.co/image/ab67616d0000b2736316eaa898bf1f15b066af43,0,0,No,No,Non valutabile,Affidabile,Sì,Sì
2023,2020,Anni 2020,Non mi va,Colla Zio,"T. Bernasconi, T. Manzoni, A. Arminio, A. Malatesta, F. Lamperti e G. Pesenti",20º,20,Oltre il 10º posto,Altra posizione,7-11 febbraio,Teatro Ariston,Amadeus (conduttore televisivo),28,Marco Mengoni,Colla Zio,2023.0,"2,45",46.0,Media (41-60),https://i.scdn.co/image/ab67616d0000b273ccf841ca5e8ee1f86b1be497,0,0,No,No,Non valutabile,Affidabile,Sì,Sì
2023,2020,Anni 2020,Lettera 22,Cugini di Campagna,"V. Lucchesi, D. Mangiaracina e F. Gargiulo",21º,21,Oltre il 10º posto,Altra posizione,7-11 febbraio,Teatro Ariston,Amadeus (conduttore televisivo),28,Marco Mengoni,Cugini Di Campagna,2023.0,"3,60",45.0,Media (41-60),https://i.scdn.co/image/ab67616d0000b2732df9233464212e478483b0d8,0,0,No,No,Non valutabile,Affidabile,Sì,Sì
2023,2020,Anni 2020,Mostro,Gianmaria,"Gianmaria, G. Manilardi, V. Petrozzino, A. Filippelli e V. Centrella",22º,22,Oltre il 10º posto,Altra posizione,7-11 febbraio,Teatro Ariston,Amadeus (conduttore televisivo),28,Marco Mengoni,Mostro,2017.0,"1,18",60.0,Media (41-60),https://i.scdn.co/image/ab67616d0000b2733d3a1d440043f2350d6df6cc,-6,0,No,Non valutabile,Non valutabile,Da escludere: rilascio precedente,No,No
2023,2020,Anni 2020,Vivo,Levante,Levante,23º,23,Oltre il 10º posto,Altra posizione,7-11 febbraio,Teatro Ariston,Amadeus (conduttore televisivo),28,Marco Mengoni,Andrea Bocelli,1995.0,"4,43",54.0,Media (41-60),https://i.scdn.co/image/ab67616d0000b27331c411687c7c027c95fc34f0,-28,0,No,Non valutabile,Non valutabile,Da escludere: rilascio precedente,No,No
2023,2020,Anni 2020,Polvere,Olly,"Olly, E. Lovito e J. Boverod",24º,24,Oltre il 10º posto,Altra posizione,7-11 febbraio,Teatro Ariston,Amadeus (conduttore televisivo),28,Marco Mengoni,Tedua,2020.0,"4,22",63.0,Alta (61-100),https://i.scdn.co/image/ab67616d0000b273773f822a939890caf984f51a,-3,0,No,Non valutabile,Non valutabile,Da escludere: rilascio precedente,No,No
2023,2020,Anni 2020,Sali (canto dell'anima),Anna Oxa,"A. Oxa, F. Bianconi, Kaballà e F. Zanotti",25º,25,Oltre il 10º posto,Altra posizione,7-11 febbraio,Teatro Ariston,Amadeus (conduttore televisivo),28,Marco Mengoni,Anna Oxa,2023.0,"4,22",42.0,Media (41-60),https://i.scdn.co/image/ab67616d0000b2739d992da6429a7bda0a3af8fd,0,0,No,No,Non valutabile,Affidabile,Sì,Sì
2023,2020,Anni 2020,Stupido,Will,"Will, S. Cremonini e A. Pugliese",26º,26,Oltre il 10º posto,Altra posizione,7-11 febbraio,Teatro Ariston,Amadeus (conduttore televisivo),28,Marco Mengoni,Massimo Pericolo,2021.0,"3,12",67.0,Alta (61-100),https://i.scdn.co/image/ab67616d0000b2734cc0a98b340788f236b65918,-2,0,No,Non valutabile,Non valutabile,Da escludere: rilascio precedente,No,No
2023,2020,Anni 2020,Egoista,Shari,"Shari, M. Pisciottu, L. Fenudi e R. Puddu",27º,27,Oltre il 10º posto,Altra posizione,7-11 febbraio,Teatro Ariston,Amadeus (conduttore televisivo),28,Marco Mengoni,Shari,2023.0,"2,89",45.0,Media (41-60),https://i.scdn.co/image/ab67616d0000b273edd5429deb57024813cbd5b9,0,0,No,No,Non valutabile,Affidabile,Sì,Sì
2023,2020,Anni 2020,Cause perse,Sethu,M. De Lauri e G. De Lauri,28º,28,Oltre il 10º posto,Altra posizione,7-11 febbraio,Teatro Ariston,Amadeus (conduttore televisivo),28,Marco Mengoni,Sethu,2023.0,"2,35",44.0,Media (41-60),https://i.scdn.co/image/ab67616d0000b2736d2f73236638e898978cc0b5,0,0,No,No,Non valutabile,Affidabile,Sì,Sì